filename,language,domain,original_split,split
fm_hi_000297_1.png,hindi,forms,val,train
qp_hi_000137_0.png,hindi,question_paper,train,train
ar_en_001157.png,english,acts_rules,train,train
fm_mr_000569_1.png,marathi,forms,test,train
ar_hi_000095_0.png,hindi,acts_rules,train,train
ar_mr_000007_0.png,marathi,acts_rules,train,train
qp_hi_000826_0.png,hindi,question_paper,train,train
ar_en_000492.png,english,acts_rules,train,train
qp_hi_000838_0.png,hindi,question_paper,val,train
nt_hi_000459_1.png,hindi,notice,train,train
qp_hi_000254_0.png,hindi,question_paper,test,train
qp_mr_000125_0.png,marathi,question_paper,train,train
ar_mr_000525_0.png,marathi,acts_rules,train,train
ar_en_000581.png,english,acts_rules,test,train
fm_hi_000687_1.png,hindi,forms,train,train
nt_hi_000523_1.png,hindi,notice,train,train
np_hi_000572_1.png,hindi,newspaper,train,train
fm_hi_000321_1.png,hindi,forms,train,train
nt_en_000501_1.png,english,notice,train,train
ar_mr_000813_1.png,marathi,acts_rules,val,train
nt_mr_000212.png,marathi,notice,train,train
qp_hi_000601_0.png,hindi,question_paper,test,train
nt_hi_000238_0.png,hindi,notice,train,train
fm_hi_000221_0.png,hindi,forms,train,train
np_mr_000138_1.png,marathi,newspaper,train,train
np_hi_000054_1.png,hindi,newspaper,train,train
qp_hi_000787_0.png,hindi,question_paper,train,train
nt_en_000122_1.png,english,notice,train,train
fm_mr_000509_1.png,marathi,forms,train,train
nt_mr_000274.png,marathi,notice,train,train
np_en_000548_1.png,english,newspaper,val,train
qp_mr_000363_1.png,marathi,question_paper,train,train
np_hi_000091_1.png,hindi,newspaper,val,train
fm_hi_000507_1.png,hindi,forms,train,train
qp_mr_000377_1.png,marathi,question_paper,train,train
fm_mr_000289_0.png,marathi,forms,train,train
np_mr_000145_1.png,marathi,newspaper,train,train
fm_mr_000354_0.png,marathi,forms,train,train
nt_hi_000122_0.png,hindi,notice,train,train
ar_mr_000192_0.png,marathi,acts_rules,val,train
ar_mr_000315_0.png,marathi,acts_rules,val,train
qp_hi_000091_0.png,hindi,question_paper,train,train
np_hi_000276_1.png,hindi,newspaper,train,train
ar_en_001322.png,english,acts_rules,train,train
ar_hi_000436_1.png,hindi,acts_rules,train,train
qp_hi_000635_0.png,hindi,question_paper,train,train
np_hi_000412_1.png,hindi,newspaper,train,train
qp_hi_000346_0.png,hindi,question_paper,train,train
nt_hi_000310_1.png,hindi,notice,val,train
np_en_000328_1.png,english,newspaper,train,train
nt_en_000433_1.png,english,notice,train,train
np_mr_000458_1.png,marathi,newspaper,train,train
ar_mr_000320_0.png,marathi,acts_rules,train,train
ar_mr_000790_1.png,marathi,acts_rules,train,train
fm_en_000011_0.png,english,forms,train,train
fm_en_000439_0.png,english,forms,val,train
fm_hi_000792_1.png,hindi,forms,val,train
ar_mr_000550_0.png,marathi,acts_rules,train,train
qp_mr_000490_1.png,marathi,question_paper,val,train
np_mr_000425_1.png,marathi,newspaper,train,train
ar_en_001190.png,english,acts_rules,train,train
fm_hi_000186_0.png,hindi,forms,train,train
ar_en_000770.png,english,acts_rules,val,train
nt_mr_000349.png,marathi,notice,test,train
ar_mr_001027_1.png,marathi,acts_rules,test,train
qp_mr_000555_1.png,marathi,question_paper,test,train
ar_hi_000520_1.png,hindi,acts_rules,train,train
ar_en_000453.png,english,acts_rules,train,train
np_hi_000013_1.png,hindi,newspaper,train,train
ar_mr_000029_0.png,marathi,acts_rules,train,train
fm_mr_000638_1.png,marathi,forms,train,train
nt_mr_000592.png,marathi,notice,val,train
nt_en_000430_1.png,english,notice,train,train
np_hi_000429_1.png,hindi,newspaper,train,train
nt_hi_000549_1.png,hindi,notice,train,train
qp_hi_000869_0.png,hindi,question_paper,train,train
nt_hi_000257_0.png,hindi,notice,train,train
ar_en_001356.png,english,acts_rules,train,train
ar_en_000361.png,english,acts_rules,train,train
ar_mr_000650_1.png,marathi,acts_rules,train,train
nt_hi_000419_1.png,hindi,notice,train,train
ar_mr_000884_1.png,marathi,acts_rules,val,train
ar_en_000921.png,english,acts_rules,train,train
fm_en_000300_0.png,english,forms,train,train
ar_mr_000935_1.png,marathi,acts_rules,train,train
nt_hi_000484_1.png,hindi,notice,train,train
np_mr_000269_1.png,marathi,newspaper,train,train
np_mr_000367_1.png,marathi,newspaper,train,train
ar_en_000116.png,english,acts_rules,train,train
np_en_000331_1.png,english,newspaper,train,train
nt_en_000184_1.png,english,notice,train,train
qp_hi_000565_0.png,hindi,question_paper,train,train
np_mr_000038_1.png,marathi,newspaper,train,train
nt_mr_000327.png,marathi,notice,test,train
fm_hi_000069_0.png,hindi,forms,train,train
np_hi_000383_1.png,hindi,newspaper,train,train
np_hi_000181_1.png,hindi,newspaper,test,train
fm_hi_000464_1.png,hindi,forms,test,train
np_hi_000299_1.png,hindi,newspaper,train,train
qp_mr_000280_1.png,marathi,question_paper,train,train
qp_mr_000686_1.png,marathi,question_paper,train,train
np_mr_000430_1.png,marathi,newspaper,train,train
np_hi_000021_1.png,hindi,newspaper,train,train
np_hi_000272_1.png,hindi,newspaper,train,train
np_en_000050_0.png,english,newspaper,train,train
qp_mr_000688_1.png,marathi,question_paper,train,train
ar_en_000790.png,english,acts_rules,train,train
ar_hi_000250_0.png,hindi,acts_rules,train,train
ar_en_000761.png,english,acts_rules,train,train
np_hi_000071_1.png,hindi,newspaper,train,train
fm_hi_000572_1.png,hindi,forms,train,train
np_mr_000189_1.png,marathi,newspaper,train,train
nt_hi_000234_0.png,hindi,notice,test,train
qp_hi_000309_0.png,hindi,question_paper,train,train
ar_hi_000672_1.png,hindi,acts_rules,train,train
qp_hi_000014_0.png,hindi,question_paper,train,train
nt_hi_000570_1.png,hindi,notice,train,train
np_mr_000245_1.png,marathi,newspaper,val,train
fm_en_000214_0.png,english,forms,train,train
nt_en_000028_1.png,english,notice,train,train
ar_en_001426.png,english,acts_rules,train,train
nt_hi_000611_1.png,hindi,notice,train,train
nt_en_000367_1.png,english,notice,train,train
fm_en_000580_0.png,english,forms,train,train
nt_en_000309_1.png,english,notice,train,train
qp_mr_000006_0.png,marathi,question_paper,train,train
fm_hi_000370_1.png,hindi,forms,test,train
qp_mr_000337_1.png,marathi,question_paper,train,train
fm_mr_000149_0.png,marathi,forms,train,train
ar_en_000263.png,english,acts_rules,train,train
ar_mr_000696_1.png,marathi,acts_rules,train,train
np_mr_000073_1.png,marathi,newspaper,train,train
ar_en_000678.png,english,acts_rules,test,train
fm_hi_000725_1.png,hindi,forms,train,train
ar_mr_000994_1.png,marathi,acts_rules,val,train
ar_en_001287.png,english,acts_rules,train,train
ar_en_000406.png,english,acts_rules,train,train
fm_mr_000131_0.png,marathi,forms,train,train
qp_mr_000690_1.png,marathi,question_paper,train,train
ar_hi_000640_1.png,hindi,acts_rules,train,train
qp_hi_000447_0.png,hindi,question_paper,val,train
fm_hi_000249_0.png,hindi,forms,test,train
fm_mr_000396_0.png,marathi,forms,train,train
ar_mr_000299_0.png,marathi,acts_rules,train,train
ar_en_000199.png,english,acts_rules,test,train
np_en_000269_1.png,english,newspaper,train,train
ar_en_000557.png,english,acts_rules,train,train
qp_hi_000704_0.png,hindi,question_paper,train,train
fm_hi_000271_1.png,hindi,forms,train,train
np_mr_000310_1.png,marathi,newspaper,val,train
fm_mr_000042_0.png,marathi,forms,train,train
ar_en_000796.png,english,acts_rules,val,train
np_hi_000446_1.png,hindi,newspaper,test,train
np_mr_000390_1.png,marathi,newspaper,train,train
ar_en_000795.png,english,acts_rules,val,train
ar_mr_000519_0.png,marathi,acts_rules,train,train
fm_hi_000729_1.png,hindi,forms,val,train
qp_mr_000190_0.png,marathi,question_paper,val,train
ar_hi_000497_1.png,hindi,acts_rules,train,train
fm_hi_000042_0.png,hindi,forms,train,train
qp_hi_000375_0.png,hindi,question_paper,test,train
np_mr_000231_1.png,marathi,newspaper,train,train
ar_mr_000819_1.png,marathi,acts_rules,train,train
nt_mr_000316.png,marathi,notice,test,train
ar_en_000577.png,english,acts_rules,train,train
nt_hi_000271_0.png,hindi,notice,train,train
ar_mr_001036_1.png,marathi,acts_rules,test,train
qp_mr_000183_0.png,marathi,question_paper,train,train
np_mr_000244_1.png,marathi,newspaper,train,train
qp_hi_000615_0.png,hindi,question_paper,val,train
fm_hi_000503_1.png,hindi,forms,train,train
fm_hi_000641_1.png,hindi,forms,train,train
nt_hi_000341_1.png,hindi,notice,train,train
nt_hi_000466_1.png,hindi,notice,train,train
ar_en_001135.png,english,acts_rules,train,train
ar_hi_000477_1.png,hindi,acts_rules,train,train
ar_en_000062.png,english,acts_rules,train,train
fm_hi_000769_1.png,hindi,forms,val,train
fm_mr_000284_0.png,marathi,forms,train,train
qp_hi_000555_0.png,hindi,question_paper,train,train
nt_hi_000337_1.png,hindi,notice,train,train
ar_mr_000255_0.png,marathi,acts_rules,train,train
ar_hi_000230_0.png,hindi,acts_rules,train,train
ar_mr_000020_0.png,marathi,acts_rules,val,train
fm_hi_000350_1.png,hindi,forms,train,train
qp_hi_000155_0.png,hindi,question_paper,train,train
nt_en_000385_1.png,english,notice,train,train
np_hi_000424_1.png,hindi,newspaper,val,train
fm_en_000199_0.png,english,forms,train,train
ar_hi_000155_0.png,hindi,acts_rules,test,train
ar_en_001312.png,english,acts_rules,train,train
nt_hi_000547_1.png,hindi,notice,train,train
ar_en_001040.png,english,acts_rules,train,train
np_hi_000363_1.png,hindi,newspaper,train,train
np_mr_000406_1.png,marathi,newspaper,test,train
ar_en_000047.png,english,acts_rules,test,train
qp_mr_000535_1.png,marathi,question_paper,train,train
nt_en_000492_1.png,english,notice,train,train
qp_mr_000210_0.png,marathi,question_paper,train,train
ar_en_000947.png,english,acts_rules,test,train
nt_en_000010_1.png,english,notice,train,train
fm_hi_000240_0.png,hindi,forms,train,train
fm_en_000088_0.png,english,forms,train,train
qp_mr_000499_1.png,marathi,question_paper,train,train
np_hi_000041_1.png,hindi,newspaper,train,train
fm_en_000012_0.png,english,forms,train,train
qp_mr_000023_0.png,marathi,question_paper,train,train
nt_mr_000064.png,marathi,notice,train,train
qp_hi_000121_0.png,hindi,question_paper,train,train
fm_en_000495_0.png,english,forms,val,train
nt_en_000190_1.png,english,notice,train,train
qp_hi_000773_0.png,hindi,question_paper,test,train
np_hi_000355_1.png,hindi,newspaper,train,train
ar_hi_000418_1.png,hindi,acts_rules,train,train
nt_mr_000413.png,marathi,notice,train,train
nt_hi_000472_1.png,hindi,notice,train,train
fm_mr_000327_0.png,marathi,forms,val,train
ar_mr_000328_0.png,marathi,acts_rules,train,train
np_hi_000371_1.png,hindi,newspaper,train,train
ar_mr_000157_0.png,marathi,acts_rules,train,train
ar_mr_000386_0.png,marathi,acts_rules,train,train
np_hi_000061_1.png,hindi,newspaper,train,train
ar_en_000309.png,english,acts_rules,train,train
ar_mr_000714_1.png,marathi,acts_rules,train,train
fm_en_000444_0.png,english,forms,test,train
nt_en_000454_1.png,english,notice,train,train
ar_mr_000444_0.png,marathi,acts_rules,train,train
nt_hi_000222_0.png,hindi,notice,val,train
ar_mr_000877_1.png,marathi,acts_rules,train,train
qp_hi_000418_0.png,hindi,question_paper,train,train
ar_en_001407.png,english,acts_rules,train,train
ar_mr_000959_1.png,marathi,acts_rules,train,train
nt_mr_000346.png,marathi,notice,train,train
np_en_000011_0.png,english,newspaper,train,train
ar_hi_000669_1.png,hindi,acts_rules,val,train
nt_en_000158_1.png,english,notice,train,train
fm_en_000455_0.png,english,forms,train,train
ar_mr_000389_0.png,marathi,acts_rules,train,train
np_hi_000381_1.png,hindi,newspaper,train,train
np_hi_000308_1.png,hindi,newspaper,train,train
ar_mr_000839_1.png,marathi,acts_rules,train,train
fm_hi_000312_1.png,hindi,forms,train,train
ar_en_000163.png,english,acts_rules,val,train
fm_en_000334_0.png,english,forms,train,train
qp_mr_000714_1.png,marathi,question_paper,train,train
ar_mr_000039_0.png,marathi,acts_rules,train,train
nt_en_000120_1.png,english,notice,train,train
qp_hi_000288_0.png,hindi,question_paper,val,train
np_en_000274_1.png,english,newspaper,train,train
ar_mr_000860_1.png,marathi,acts_rules,test,train
nt_hi_000007_0.png,hindi,notice,train,train
fm_en_000057_0.png,english,forms,train,train
ar_en_001255.png,english,acts_rules,train,train
ar_mr_000411_0.png,marathi,acts_rules,val,train
qp_hi_000631_0.png,hindi,question_paper,test,train
ar_mr_001045_1.png,marathi,acts_rules,train,train
ar_mr_000117_0.png,marathi,acts_rules,train,train
ar_mr_000336_0.png,marathi,acts_rules,train,train
ar_hi_000444_1.png,hindi,acts_rules,train,train
ar_en_000181.png,english,acts_rules,train,train
np_mr_000379_1.png,marathi,newspaper,train,train
fm_mr_000395_0.png,marathi,forms,train,train
np_mr_000419_1.png,marathi,newspaper,test,train
ar_en_001131.png,english,acts_rules,train,train
nt_hi_000503_1.png,hindi,notice,train,train
ar_en_001198.png,english,acts_rules,train,train
nt_mr_000623.png,marathi,notice,train,train
qp_mr_000587_1.png,marathi,question_paper,train,train
ar_en_000282.png,english,acts_rules,train,train
ar_hi_000026_0.png,hindi,acts_rules,train,train
ar_hi_000549_1.png,hindi,acts_rules,train,train
np_en_000377_1.png,english,newspaper,train,train
fm_hi_000411_1.png,hindi,forms,train,train
ar_en_001090.png,english,acts_rules,train,train
nt_en_000497_1.png,english,notice,train,train
qp_hi_000698_0.png,hindi,question_paper,test,train
nt_mr_000153.png,marathi,notice,val,train
fm_hi_000694_1.png,hindi,forms,train,train
qp_mr_000187_0.png,marathi,question_paper,train,train
nt_mr_000172.png,marathi,notice,train,train
fm_en_000054_0.png,english,forms,train,train
fm_mr_000347_0.png,marathi,forms,train,train
nt_hi_000172_0.png,hindi,notice,train,train
fm_mr_000057_0.png,marathi,forms,train,train
fm_hi_000720_1.png,hindi,forms,train,train
ar_mr_000011_0.png,marathi,acts_rules,train,train
nt_en_000228_1.png,english,notice,test,train
qp_hi_000295_0.png,hindi,question_paper,train,train
fm_hi_000164_0.png,hindi,forms,train,train
np_hi_000405_1.png,hindi,newspaper,train,train
nt_hi_000539_1.png,hindi,notice,train,train
nt_mr_000287.png,marathi,notice,train,train
np_hi_000043_1.png,hindi,newspaper,train,train
fm_en_000387_0.png,english,forms,train,train
nt_hi_000404_1.png,hindi,notice,train,train
ar_hi_000243_0.png,hindi,acts_rules,train,train
np_en_000314_1.png,english,newspaper,train,train
ar_hi_000193_0.png,hindi,acts_rules,train,train
qp_mr_000694_1.png,marathi,question_paper,test,train
fm_mr_000117_0.png,marathi,forms,val,train
np_hi_000397_1.png,hindi,newspaper,train,train
fm_en_000305_0.png,english,forms,train,train
np_hi_000190_1.png,hindi,newspaper,test,train
qp_mr_000040_0.png,marathi,question_paper,train,train
np_hi_000217_1.png,hindi,newspaper,train,train
qp_hi_000438_0.png,hindi,question_paper,train,train
np_en_000484_1.png,english,newspaper,train,train
ar_en_001017.png,english,acts_rules,train,train
ar_mr_000531_0.png,marathi,acts_rules,train,train
nt_mr_000469.png,marathi,notice,train,train
fm_en_000105_0.png,english,forms,train,train
ar_hi_000575_1.png,hindi,acts_rules,train,train
qp_mr_000151_0.png,marathi,question_paper,train,train
ar_mr_000231_0.png,marathi,acts_rules,train,train
ar_hi_000593_1.png,hindi,acts_rules,train,train
qp_hi_000050_0.png,hindi,question_paper,train,train
np_hi_000400_1.png,hindi,newspaper,train,train
ar_en_000842.png,english,acts_rules,test,train
nt_mr_000195.png,marathi,notice,train,train
qp_hi_000853_0.png,hindi,question_paper,train,train
fm_en_000487_0.png,english,forms,train,train
ar_en_001101.png,english,acts_rules,train,train
ar_en_000616.png,english,acts_rules,train,train
ar_en_000984.png,english,acts_rules,test,train
fm_mr_000461_1.png,marathi,forms,train,train
fm_hi_000539_1.png,hindi,forms,val,train
qp_mr_000019_0.png,marathi,question_paper,train,train
fm_hi_000788_1.png,hindi,forms,train,train
fm_hi_000302_1.png,hindi,forms,train,train
nt_hi_000610_1.png,hindi,notice,train,train
ar_hi_000301_0.png,hindi,acts_rules,train,train
nt_en_000441_1.png,english,notice,train,train
fm_hi_000163_0.png,hindi,forms,train,train
ar_en_000478.png,english,acts_rules,train,train
ar_hi_000275_0.png,hindi,acts_rules,train,train
np_hi_000175_1.png,hindi,newspaper,val,train
np_mr_000399_1.png,marathi,newspaper,train,train
fm_en_000492_0.png,english,forms,test,train
ar_mr_000691_1.png,marathi,acts_rules,val,train
ar_en_000402.png,english,acts_rules,val,train
ar_hi_000145_0.png,hindi,acts_rules,train,train
fm_en_000410_0.png,english,forms,val,train
ar_en_000734.png,english,acts_rules,train,train
np_en_000007_0.png,english,newspaper,train,train
np_mr_000228_1.png,marathi,newspaper,train,train
ar_mr_000330_0.png,marathi,acts_rules,train,train
ar_en_000292.png,english,acts_rules,train,train
ar_mr_000119_0.png,marathi,acts_rules,train,train
ar_mr_000323_0.png,marathi,acts_rules,test,train
np_en_000211_1.png,english,newspaper,train,train
ar_en_001358.png,english,acts_rules,train,train
ar_hi_000289_0.png,hindi,acts_rules,test,train
qp_hi_000239_0.png,hindi,question_paper,train,train
ar_en_000686.png,english,acts_rules,val,train
np_en_000082_0.png,english,newspaper,test,train
nt_mr_000048.png,marathi,notice,train,train
ar_en_001100.png,english,acts_rules,train,train
qp_hi_000283_0.png,hindi,question_paper,test,train
nt_mr_000281.png,marathi,notice,train,train
ar_hi_000540_1.png,hindi,acts_rules,val,train
fm_mr_000275_0.png,marathi,forms,train,train
ar_mr_000983_1.png,marathi,acts_rules,train,train
np_en_000364_1.png,english,newspaper,train,train
nt_mr_000342.png,marathi,notice,train,train
np_hi_000307_1.png,hindi,newspaper,train,train
np_hi_000240_1.png,hindi,newspaper,train,train
qp_hi_000727_0.png,hindi,question_paper,train,train
ar_mr_000424_0.png,marathi,acts_rules,train,train
qp_mr_000157_0.png,marathi,question_paper,train,train
qp_hi_000720_0.png,hindi,question_paper,train,train
np_mr_000391_1.png,marathi,newspaper,train,train
ar_en_000094.png,english,acts_rules,train,train
np_mr_000222_1.png,marathi,newspaper,train,train
ar_en_000926.png,english,acts_rules,train,train
fm_mr_000132_0.png,marathi,forms,train,train
qp_mr_000505_1.png,marathi,question_paper,test,train
nt_mr_000473.png,marathi,notice,train,train
qp_mr_000155_0.png,marathi,question_paper,test,train
fm_hi_000180_0.png,hindi,forms,train,train
ar_mr_000205_0.png,marathi,acts_rules,train,train
ar_mr_000292_0.png,marathi,acts_rules,train,train
fm_mr_000228_0.png,marathi,forms,train,train
qp_mr_000114_0.png,marathi,question_paper,train,train
nt_mr_000124.png,marathi,notice,train,train
fm_hi_000430_1.png,hindi,forms,train,train
nt_mr_000367.png,marathi,notice,train,train
fm_mr_000235_0.png,marathi,forms,test,train
fm_mr_000200_0.png,marathi,forms,train,train
qp_mr_000705_1.png,marathi,question_paper,train,train
nt_hi_000096_0.png,hindi,notice,train,train
ar_en_000443.png,english,acts_rules,train,train
np_hi_000064_1.png,hindi,newspaper,train,train
ar_mr_000225_0.png,marathi,acts_rules,train,train
ar_hi_000705_1.png,hindi,acts_rules,train,train
ar_hi_000080_0.png,hindi,acts_rules,train,train
np_hi_000358_1.png,hindi,newspaper,train,train
qp_mr_000448_1.png,marathi,question_paper,train,train
nt_en_000068_1.png,english,notice,test,train
ar_en_000244.png,english,acts_rules,train,train
ar_mr_000936_1.png,marathi,acts_rules,val,train
np_en_000199_0.png,english,newspaper,train,train
fm_en_000070_0.png,english,forms,train,train
nt_hi_000303_1.png,hindi,notice,test,train
qp_hi_000216_0.png,hindi,question_paper,train,train
np_en_000382_1.png,english,newspaper,train,train
np_hi_000256_1.png,hindi,newspaper,test,train
ar_en_000574.png,english,acts_rules,test,train
fm_mr_000001_0.png,marathi,forms,val,train
qp_hi_000748_0.png,hindi,question_paper,train,train
fm_mr_000256_0.png,marathi,forms,test,train
fm_mr_000145_0.png,marathi,forms,train,train
nt_mr_000027.png,marathi,notice,test,train
ar_hi_000121_0.png,hindi,acts_rules,val,train
fm_hi_000561_1.png,hindi,forms,train,train
ar_en_000972.png,english,acts_rules,train,train
ar_en_001317.png,english,acts_rules,test,train
nt_mr_000393.png,marathi,notice,train,train
fm_mr_000008_0.png,marathi,forms,val,train
ar_en_000387.png,english,acts_rules,train,train
fm_mr_000431_0.png,marathi,forms,train,train
np_en_000063_0.png,english,newspaper,train,train
nt_hi_000410_1.png,hindi,notice,test,train
ar_en_000275.png,english,acts_rules,val,train
fm_hi_000496_1.png,hindi,forms,train,train
fm_en_000159_0.png,english,forms,train,train
qp_hi_000106_0.png,hindi,question_paper,val,train
nt_mr_000286.png,marathi,notice,train,train
np_en_000085_0.png,english,newspaper,train,train
nt_en_000039_1.png,english,notice,train,train
ar_mr_000012_0.png,marathi,acts_rules,train,train
ar_mr_000731_1.png,marathi,acts_rules,train,train
np_mr_000422_1.png,marathi,newspaper,train,train
qp_hi_000311_0.png,hindi,question_paper,train,train
ar_en_000149.png,english,acts_rules,train,train
np_hi_000444_1.png,hindi,newspaper,train,train
ar_mr_000148_0.png,marathi,acts_rules,train,train
np_hi_000502_1.png,hindi,newspaper,train,train
qp_hi_000717_0.png,hindi,question_paper,train,train
qp_hi_000759_0.png,hindi,question_paper,val,train
nt_hi_000123_0.png,hindi,notice,val,train
nt_mr_000386.png,marathi,notice,train,train
fm_en_000153_0.png,english,forms,train,train
qp_mr_000621_1.png,marathi,question_paper,train,train
fm_en_000056_0.png,english,forms,train,train
fm_mr_000565_1.png,marathi,forms,train,train
ar_en_001012.png,english,acts_rules,train,train
ar_mr_000400_0.png,marathi,acts_rules,train,train
ar_en_001123.png,english,acts_rules,train,train
ar_hi_000498_1.png,hindi,acts_rules,train,train
ar_mr_000739_1.png,marathi,acts_rules,train,train
ar_en_000299.png,english,acts_rules,train,train
fm_en_000047_0.png,english,forms,train,train
nt_mr_000112.png,marathi,notice,test,train
fm_hi_000510_1.png,hindi,forms,train,train
qp_mr_000693_1.png,marathi,question_paper,train,train
np_hi_000571_1.png,hindi,newspaper,train,train
ar_hi_000427_1.png,hindi,acts_rules,test,train
np_hi_000072_1.png,hindi,newspaper,test,train
ar_mr_000970_1.png,marathi,acts_rules,train,train
ar_mr_000979_1.png,marathi,acts_rules,train,train
qp_hi_000558_0.png,hindi,question_paper,train,train
qp_mr_000018_0.png,marathi,question_paper,train,train
ar_mr_000234_0.png,marathi,acts_rules,val,train
nt_mr_000388.png,marathi,notice,train,train
nt_hi_000581_1.png,hindi,notice,train,train
ar_mr_000537_0.png,marathi,acts_rules,train,train
np_mr_000300_1.png,marathi,newspaper,train,train
fm_mr_000409_0.png,marathi,forms,train,train
nt_hi_000056_0.png,hindi,notice,train,train
ar_en_000990.png,english,acts_rules,val,train
np_mr_000241_1.png,marathi,newspaper,train,train
nt_mr_000113.png,marathi,notice,train,train
nt_en_000282_1.png,english,notice,train,train
fm_en_000377_0.png,english,forms,train,train
ar_mr_000210_0.png,marathi,acts_rules,test,train
ar_en_000589.png,english,acts_rules,train,train
qp_hi_000362_0.png,hindi,question_paper,train,train
qp_mr_000258_1.png,marathi,question_paper,train,train
np_en_000060_0.png,english,newspaper,train,train
np_en_000287_1.png,english,newspaper,train,train
nt_mr_000191.png,marathi,notice,train,train
fm_en_000113_0.png,english,forms,train,train
ar_en_000865.png,english,acts_rules,train,train
nt_mr_000329.png,marathi,notice,train,train
nt_mr_000347.png,marathi,notice,train,train
nt_mr_000406.png,marathi,notice,train,train
nt_mr_000364.png,marathi,notice,train,train
ar_mr_000480_0.png,marathi,acts_rules,train,train
np_mr_000474_1.png,marathi,newspaper,train,train
fm_en_000104_0.png,english,forms,train,train
qp_mr_000087_0.png,marathi,question_paper,train,train
qp_hi_000674_0.png,hindi,question_paper,train,train
qp_hi_000618_0.png,hindi,question_paper,train,train
ar_en_000352.png,english,acts_rules,train,train
fm_hi_000294_1.png,hindi,forms,train,train
fm_en_000529_0.png,english,forms,test,train
fm_en_000006_0.png,english,forms,train,train
nt_hi_000322_1.png,hindi,notice,train,train
ar_en_000901.png,english,acts_rules,train,train
ar_hi_000568_1.png,hindi,acts_rules,train,train
ar_en_000893.png,english,acts_rules,train,train
ar_hi_000382_1.png,hindi,acts_rules,train,train
np_mr_000144_1.png,marathi,newspaper,test,train
np_hi_000212_1.png,hindi,newspaper,train,train
qp_hi_000298_0.png,hindi,question_paper,train,train
fm_en_000474_0.png,english,forms,test,train
qp_hi_000187_0.png,hindi,question_paper,test,train
nt_en_000338_1.png,english,notice,train,train
np_mr_000248_1.png,marathi,newspaper,train,train
ar_mr_000561_0.png,marathi,acts_rules,val,train
ar_en_000238.png,english,acts_rules,train,train
ar_mr_000475_0.png,marathi,acts_rules,train,train
ar_mr_000928_1.png,marathi,acts_rules,train,train
nt_en_000317_1.png,english,notice,train,train
fm_en_000033_0.png,english,forms,train,train
ar_hi_000626_1.png,hindi,acts_rules,train,train
ar_en_000959.png,english,acts_rules,train,train
ar_hi_000004_0.png,hindi,acts_rules,train,train
ar_en_001140.png,english,acts_rules,train,train
fm_hi_000131_0.png,hindi,forms,test,train
nt_mr_000651.png,marathi,notice,train,train
fm_hi_000215_0.png,hindi,forms,train,train
nt_mr_000543.png,marathi,notice,train,train
qp_hi_000604_0.png,hindi,question_paper,train,train
ar_mr_000580_0.png,marathi,acts_rules,train,train
ar_mr_000366_0.png,marathi,acts_rules,train,train
np_en_000089_0.png,english,newspaper,train,train
ar_en_000311.png,english,acts_rules,train,train
fm_hi_000680_1.png,hindi,forms,train,train
np_mr_000298_1.png,marathi,newspaper,train,train
fm_mr_000313_0.png,marathi,forms,train,train
ar_en_000422.png,english,acts_rules,train,train
nt_hi_000537_1.png,hindi,notice,train,train
nt_mr_000169.png,marathi,notice,train,train
nt_mr_000662.png,marathi,notice,train,train
ar_en_001353.png,english,acts_rules,val,train
np_hi_000231_1.png,hindi,newspaper,train,train
ar_hi_000505_1.png,hindi,acts_rules,train,train
ar_mr_000867_1.png,marathi,acts_rules,test,train
fm_hi_000409_1.png,hindi,forms,train,train
fm_mr_000590_1.png,marathi,forms,test,train
fm_en_000528_0.png,english,forms,val,train
np_en_000339_1.png,english,newspaper,train,train
nt_en_000312_1.png,english,notice,train,train
ar_en_000445.png,english,acts_rules,val,train
qp_mr_000029_0.png,marathi,question_paper,train,train
fm_mr_000511_1.png,marathi,forms,train,train
ar_mr_000737_1.png,marathi,acts_rules,train,train
fm_mr_000172_0.png,marathi,forms,test,train
np_mr_000314_1.png,marathi,newspaper,train,train
np_en_000273_1.png,english,newspaper,train,train
qp_hi_000721_0.png,hindi,question_paper,test,train
ar_mr_000733_1.png,marathi,acts_rules,train,train
nt_en_000437_1.png,english,notice,train,train
ar_en_000119.png,english,acts_rules,val,train
np_hi_000208_1.png,hindi,newspaper,train,train
qp_hi_000816_0.png,hindi,question_paper,train,train
ar_en_000755.png,english,acts_rules,train,train
ar_en_001062.png,english,acts_rules,train,train
qp_hi_000884_0.png,hindi,question_paper,train,train
qp_mr_000331_1.png,marathi,question_paper,train,train
qp_mr_000423_1.png,marathi,question_paper,train,train
nt_mr_000138.png,marathi,notice,train,train
ar_mr_000742_1.png,marathi,acts_rules,train,train
ar_en_001006.png,english,acts_rules,train,train
nt_mr_000397.png,marathi,notice,train,train
ar_hi_000111_0.png,hindi,acts_rules,train,train
qp_hi_000736_0.png,hindi,question_paper,train,train
fm_mr_000553_1.png,marathi,forms,train,train
qp_mr_000189_0.png,marathi,question_paper,val,train
ar_mr_000654_1.png,marathi,acts_rules,test,train
qp_mr_000681_1.png,marathi,question_paper,train,train
ar_mr_000467_0.png,marathi,acts_rules,train,train
nt_mr_000527.png,marathi,notice,train,train
ar_mr_001063_1.png,marathi,acts_rules,train,train
ar_hi_000332_0.png,hindi,acts_rules,train,train
qp_mr_000386_1.png,marathi,question_paper,train,train
ar_en_000722.png,english,acts_rules,train,train
nt_mr_000583.png,marathi,notice,val,train
qp_mr_000518_1.png,marathi,question_paper,train,train
ar_hi_000277_0.png,hindi,acts_rules,train,train
ar_en_001121.png,english,acts_rules,val,train
nt_hi_000170_0.png,hindi,notice,train,train
fm_en_000212_0.png,english,forms,train,train
fm_hi_000500_1.png,hindi,forms,train,train
qp_hi_000348_0.png,hindi,question_paper,train,train
np_mr_000028_1.png,marathi,newspaper,val,train
fm_mr_000263_0.png,marathi,forms,train,train
np_en_000146_0.png,english,newspaper,train,train
qp_hi_000471_0.png,hindi,question_paper,test,train
fm_mr_000499_1.png,marathi,forms,train,train
fm_mr_000407_0.png,marathi,forms,train,train
qp_hi_000354_0.png,hindi,question_paper,test,train
fm_hi_000782_1.png,hindi,forms,val,train
ar_mr_000614_1.png,marathi,acts_rules,train,train
nt_hi_000148_0.png,hindi,notice,train,train
ar_hi_000173_0.png,hindi,acts_rules,train,train
qp_hi_000126_0.png,hindi,question_paper,train,train
ar_mr_000358_0.png,marathi,acts_rules,train,train
np_mr_000265_1.png,marathi,newspaper,train,train
nt_hi_000408_1.png,hindi,notice,train,train
nt_mr_000167.png,marathi,notice,train,train
fm_en_000183_0.png,english,forms,train,train
fm_hi_000214_0.png,hindi,forms,train,train
np_mr_000156_1.png,marathi,newspaper,train,train
ar_mr_000807_1.png,marathi,acts_rules,train,train
np_hi_000531_1.png,hindi,newspaper,train,train
fm_en_000274_0.png,english,forms,train,train
fm_en_000441_0.png,english,forms,train,train
ar_en_000024.png,english,acts_rules,train,train
ar_hi_000300_0.png,hindi,acts_rules,train,train
ar_en_001217.png,english,acts_rules,train,train
ar_en_000657.png,english,acts_rules,train,train
ar_mr_000657_1.png,marathi,acts_rules,train,train
np_en_000212_1.png,english,newspaper,train,train
fm_en_000479_0.png,english,forms,train,train
qp_mr_000181_0.png,marathi,question_paper,train,train
ar_en_000978.png,english,acts_rules,train,train
fm_hi_000447_1.png,hindi,forms,train,train
np_en_000163_0.png,english,newspaper,train,train
nt_mr_000372.png,marathi,notice,train,train
qp_hi_000710_0.png,hindi,question_paper,test,train
qp_mr_000699_1.png,marathi,question_paper,train,train
ar_en_000826.png,english,acts_rules,train,train
fm_mr_000484_1.png,marathi,forms,train,train
ar_mr_000014_0.png,marathi,acts_rules,train,train
nt_mr_000726.png,marathi,notice,train,train
nt_hi_000190_0.png,hindi,notice,test,train
fm_hi_000256_1.png,hindi,forms,train,train
ar_mr_000540_0.png,marathi,acts_rules,train,train
ar_en_000853.png,english,acts_rules,train,train
qp_mr_000070_0.png,marathi,question_paper,test,train
ar_hi_000408_1.png,hindi,acts_rules,test,train
ar_en_000920.png,english,acts_rules,val,train
ar_hi_000463_1.png,hindi,acts_rules,train,train
qp_mr_000209_0.png,marathi,question_paper,test,train
fm_mr_000296_0.png,marathi,forms,train,train
np_hi_000345_1.png,hindi,newspaper,train,train
fm_en_000551_0.png,english,forms,test,train
nt_en_000263_1.png,english,notice,test,train
fm_mr_000222_0.png,marathi,forms,train,train
qp_hi_000224_0.png,hindi,question_paper,train,train
qp_mr_000455_1.png,marathi,question_paper,test,train
qp_hi_000521_0.png,hindi,question_paper,train,train
fm_hi_000020_0.png,hindi,forms,train,train
nt_en_000452_1.png,english,notice,train,train
fm_en_000581_0.png,english,forms,train,train
ar_hi_000368_1.png,hindi,acts_rules,train,train
nt_mr_000391.png,marathi,notice,train,train
fm_hi_000482_1.png,hindi,forms,train,train
nt_mr_000478.png,marathi,notice,train,train
qp_hi_000388_0.png,hindi,question_paper,val,train
qp_mr_000182_0.png,marathi,question_paper,train,train
qp_hi_000785_0.png,hindi,question_paper,train,train
qp_hi_000784_0.png,hindi,question_paper,train,train
ar_mr_000699_1.png,marathi,acts_rules,val,train
fm_mr_000163_0.png,marathi,forms,train,train
ar_en_000410.png,english,acts_rules,val,train
ar_mr_000844_1.png,marathi,acts_rules,train,train
ar_hi_000092_0.png,hindi,acts_rules,train,train
ar_mr_000532_0.png,marathi,acts_rules,train,train
fm_en_000096_0.png,english,forms,train,train
qp_hi_000465_0.png,hindi,question_paper,train,train
fm_mr_000174_0.png,marathi,forms,test,train
np_en_000023_0.png,english,newspaper,train,train
nt_mr_000053.png,marathi,notice,train,train
qp_mr_000580_1.png,marathi,question_paper,train,train
nt_en_000313_1.png,english,notice,train,train
fm_hi_000800_1.png,hindi,forms,train,train
qp_mr_000282_1.png,marathi,question_paper,train,train
ar_en_001053.png,english,acts_rules,train,train
ar_mr_000269_0.png,marathi,acts_rules,train,train
ar_mr_000703_1.png,marathi,acts_rules,train,train
ar_en_001158.png,english,acts_rules,val,train
qp_hi_000753_0.png,hindi,question_paper,train,train
fm_hi_000731_1.png,hindi,forms,train,train
qp_hi_000225_0.png,hindi,question_paper,train,train
np_en_000033_0.png,english,newspaper,val,train
fm_hi_000550_1.png,hindi,forms,train,train
qp_hi_000041_0.png,hindi,question_paper,train,train
ar_en_000029.png,english,acts_rules,train,train
nt_mr_000740.png,marathi,notice,train,train
ar_hi_000508_1.png,hindi,acts_rules,test,train
nt_mr_000336.png,marathi,notice,train,train
ar_en_000612.png,english,acts_rules,train,train
ar_en_001427.png,english,acts_rules,train,train
fm_hi_000239_0.png,hindi,forms,train,train
ar_hi_000404_1.png,hindi,acts_rules,train,train
nt_mr_000775.png,marathi,notice,test,train
ar_en_001327.png,english,acts_rules,train,train
nt_hi_000300_1.png,hindi,notice,train,train
qp_mr_000017_0.png,marathi,question_paper,train,train
fm_mr_000634_1.png,marathi,forms,train,train
np_hi_000514_1.png,hindi,newspaper,val,train
qp_mr_000345_1.png,marathi,question_paper,train,train
qp_mr_000275_1.png,marathi,question_paper,train,train
nt_hi_000513_1.png,hindi,notice,val,train
ar_en_000981.png,english,acts_rules,train,train
nt_mr_000541.png,marathi,notice,test,train
qp_hi_000522_0.png,hindi,question_paper,train,train
np_en_000057_0.png,english,newspaper,train,train
qp_hi_000401_0.png,hindi,question_paper,train,train
ar_en_001143.png,english,acts_rules,train,train
nt_mr_000713.png,marathi,notice,train,train
fm_mr_000448_0.png,marathi,forms,test,train
np_en_000416_1.png,english,newspaper,train,train
fm_mr_000181_0.png,marathi,forms,train,train
ar_en_000159.png,english,acts_rules,train,train
qp_hi_000749_0.png,hindi,question_paper,train,train
nt_en_000389_1.png,english,notice,test,train
qp_hi_000310_0.png,hindi,question_paper,train,train
nt_mr_000218.png,marathi,notice,train,train
ar_mr_000070_0.png,marathi,acts_rules,train,train
np_hi_000018_1.png,hindi,newspaper,train,train
fm_en_000322_0.png,english,forms,train,train
fm_mr_000466_1.png,marathi,forms,train,train
ar_en_000706.png,english,acts_rules,train,train
fm_mr_000157_0.png,marathi,forms,train,train
ar_hi_000597_1.png,hindi,acts_rules,train,train
qp_hi_000626_0.png,hindi,question_paper,train,train
nt_hi_000612_1.png,hindi,notice,train,train
nt_hi_000280_0.png,hindi,notice,train,train
np_en_000125_0.png,english,newspaper,train,train
qp_mr_000675_1.png,marathi,question_paper,train,train
np_en_000380_1.png,english,newspaper,train,train
ar_en_001438.png,english,acts_rules,train,train
ar_mr_001077_1.png,marathi,acts_rules,train,train
nt_en_000340_1.png,english,notice,train,train
qp_hi_000090_0.png,hindi,question_paper,test,train
nt_hi_000069_0.png,hindi,notice,train,train
ar_hi_000681_1.png,hindi,acts_rules,train,train
fm_en_000249_0.png,english,forms,train,train
ar_mr_000368_0.png,marathi,acts_rules,train,train
ar_en_001214.png,english,acts_rules,train,train
nt_hi_000313_1.png,hindi,notice,train,train
ar_en_000337.png,english,acts_rules,train,train
np_hi_000506_1.png,hindi,newspaper,train,train
nt_mr_000773.png,marathi,notice,train,train
ar_en_000578.png,english,acts_rules,val,train
ar_mr_000105_0.png,marathi,acts_rules,val,train
ar_hi_000567_1.png,hindi,acts_rules,train,train
nt_hi_000147_0.png,hindi,notice,test,train
np_en_000449_1.png,english,newspaper,train,train
fm_mr_000183_0.png,marathi,forms,train,train
qp_mr_000620_1.png,marathi,question_paper,train,train
ar_en_001396.png,english,acts_rules,train,train
np_en_000308_1.png,english,newspaper,train,train
np_hi_000549_1.png,hindi,newspaper,train,train
qp_mr_000568_1.png,marathi,question_paper,test,train
np_mr_000134_1.png,marathi,newspaper,train,train
np_mr_000183_1.png,marathi,newspaper,train,train
ar_en_000743.png,english,acts_rules,test,train
fm_hi_000087_0.png,hindi,forms,train,train
fm_en_000108_0.png,english,forms,train,train
qp_mr_000192_0.png,marathi,question_paper,test,train
fm_mr_000485_1.png,marathi,forms,val,train
fm_en_000121_0.png,english,forms,train,train
nt_mr_000622.png,marathi,notice,train,train
nt_en_000397_1.png,english,notice,train,train
ar_hi_000480_1.png,hindi,acts_rules,train,train
ar_en_001469.png,english,acts_rules,train,train
qp_mr_000475_1.png,marathi,question_paper,train,train
nt_en_000208_1.png,english,notice,train,train
qp_hi_000714_0.png,hindi,question_paper,train,train
ar_en_001302.png,english,acts_rules,test,train
fm_hi_000569_1.png,hindi,forms,train,train
qp_hi_000433_0.png,hindi,question_paper,train,train
qp_hi_000100_0.png,hindi,question_paper,test,train
nt_en_000075_1.png,english,notice,test,train
qp_mr_000435_1.png,marathi,question_paper,train,train
fm_mr_000606_1.png,marathi,forms,train,train
qp_mr_000388_1.png,marathi,question_paper,train,train
fm_hi_000293_1.png,hindi,forms,val,train
ar_mr_000135_0.png,marathi,acts_rules,train,train
np_hi_000512_1.png,hindi,newspaper,train,train
fm_mr_000399_0.png,marathi,forms,train,train
ar_mr_000753_1.png,marathi,acts_rules,train,train
ar_hi_000413_1.png,hindi,acts_rules,train,train
ar_hi_000106_0.png,hindi,acts_rules,train,train
np_en_000135_0.png,english,newspaper,train,train
fm_hi_000394_1.png,hindi,forms,train,train
fm_hi_000664_1.png,hindi,forms,train,train
ar_en_000519.png,english,acts_rules,train,train
ar_hi_000297_0.png,hindi,acts_rules,train,train
ar_en_001116.png,english,acts_rules,train,train
ar_mr_000305_0.png,marathi,acts_rules,train,train
nt_en_000203_1.png,english,notice,train,train
qp_hi_000001_0.png,hindi,question_paper,train,train
ar_mr_000949_1.png,marathi,acts_rules,train,train
ar_en_000739.png,english,acts_rules,train,train
nt_mr_000149.png,marathi,notice,train,train
ar_en_001177.png,english,acts_rules,train,train
ar_en_000833.png,english,acts_rules,train,train
ar_mr_000175_0.png,marathi,acts_rules,train,train
nt_en_000408_1.png,english,notice,train,train
qp_hi_000116_0.png,hindi,question_paper,train,train
ar_hi_000209_0.png,hindi,acts_rules,train,train
np_mr_000083_1.png,marathi,newspaper,train,train
qp_hi_000325_0.png,hindi,question_paper,val,train
ar_en_000091.png,english,acts_rules,train,train
np_mr_000081_1.png,marathi,newspaper,val,train
ar_hi_000543_1.png,hindi,acts_rules,train,train
fm_hi_000485_1.png,hindi,forms,val,train
qp_hi_000067_0.png,hindi,question_paper,test,train
np_mr_000378_1.png,marathi,newspaper,train,train
fm_hi_000501_1.png,hindi,forms,train,train
fm_hi_000084_0.png,hindi,forms,val,train
np_en_000012_0.png,english,newspaper,train,train
np_hi_000425_1.png,hindi,newspaper,train,train
ar_hi_000064_0.png,hindi,acts_rules,test,train
nt_hi_000036_0.png,hindi,notice,train,train
ar_en_000758.png,english,acts_rules,train,train
ar_mr_000087_0.png,marathi,acts_rules,train,train
ar_mr_000052_0.png,marathi,acts_rules,train,train
np_hi_000525_1.png,hindi,newspaper,train,train
ar_hi_000410_1.png,hindi,acts_rules,train,train
ar_en_000500.png,english,acts_rules,train,train
ar_hi_000510_1.png,hindi,acts_rules,train,train
qp_hi_000101_0.png,hindi,question_paper,train,train
np_mr_000177_1.png,marathi,newspaper,train,train
np_mr_000492_1.png,marathi,newspaper,train,train
fm_mr_000317_0.png,marathi,forms,train,train
qp_hi_000525_0.png,hindi,question_paper,train,train
ar_en_000087.png,english,acts_rules,train,train
nt_mr_000366.png,marathi,notice,test,train
np_hi_000573_1.png,hindi,newspaper,train,train
ar_en_001070.png,english,acts_rules,train,train
ar_en_001355.png,english,acts_rules,train,train
fm_en_000013_0.png,english,forms,train,train
ar_en_000942.png,english,acts_rules,val,train
np_mr_000263_1.png,marathi,newspaper,test,train
fm_en_000087_0.png,english,forms,train,train
fm_hi_000237_0.png,hindi,forms,train,train
np_hi_000130_1.png,hindi,newspaper,train,train
nt_mr_000104.png,marathi,notice,train,train
ar_mr_000557_0.png,marathi,acts_rules,train,train
np_en_000541_1.png,english,newspaper,train,train
ar_mr_001020_1.png,marathi,acts_rules,train,train
ar_en_000517.png,english,acts_rules,train,train
qp_mr_000113_0.png,marathi,question_paper,train,train
nt_en_000088_1.png,english,notice,train,train
fm_hi_000432_1.png,hindi,forms,train,train
np_en_000224_1.png,english,newspaper,train,train
qp_mr_000384_1.png,marathi,question_paper,train,train
ar_mr_000743_1.png,marathi,acts_rules,train,train
ar_mr_000339_0.png,marathi,acts_rules,train,train
ar_hi_000189_0.png,hindi,acts_rules,train,train
fm_hi_000581_1.png,hindi,forms,val,train
qp_hi_000758_0.png,hindi,question_paper,train,train
nt_mr_000452.png,marathi,notice,train,train
fm_mr_000591_1.png,marathi,forms,train,train
nt_mr_000736.png,marathi,notice,train,train
np_mr_000017_1.png,marathi,newspaper,test,train
fm_hi_000281_1.png,hindi,forms,train,train
np_en_000410_1.png,english,newspaper,val,train
ar_mr_000495_0.png,marathi,acts_rules,train,train
fm_mr_000073_0.png,marathi,forms,train,train
qp_mr_000175_0.png,marathi,question_paper,train,train
fm_mr_000593_1.png,marathi,forms,train,train
ar_hi_000526_1.png,hindi,acts_rules,train,train
fm_en_000416_0.png,english,forms,test,train
ar_hi_000378_1.png,hindi,acts_rules,test,train
ar_hi_000014_0.png,hindi,acts_rules,train,train
nt_mr_000559.png,marathi,notice,test,train
nt_en_000067_1.png,english,notice,train,train
fm_hi_000558_1.png,hindi,forms,train,train
fm_mr_000192_0.png,marathi,forms,train,train
fm_hi_000169_0.png,hindi,forms,train,train
nt_hi_000077_0.png,hindi,notice,test,train
nt_en_000265_1.png,english,notice,train,train
qp_hi_000802_0.png,hindi,question_paper,val,train
nt_en_000044_1.png,english,notice,val,train
fm_en_000208_0.png,english,forms,train,train
np_hi_000443_1.png,hindi,newspaper,val,train
ar_hi_000012_0.png,hindi,acts_rules,train,train
np_en_000348_1.png,english,newspaper,val,train
nt_en_000204_1.png,english,notice,train,train
ar_hi_000125_0.png,hindi,acts_rules,train,train
qp_hi_000613_0.png,hindi,question_paper,train,train
ar_en_000787.png,english,acts_rules,train,train
np_hi_000353_1.png,hindi,newspaper,train,train
ar_en_000486.png,english,acts_rules,train,train
qp_hi_000483_0.png,hindi,question_paper,train,train
fm_mr_000088_0.png,marathi,forms,train,train
nt_en_000491_1.png,english,notice,train,train
ar_mr_000431_0.png,marathi,acts_rules,train,train
fm_mr_000404_0.png,marathi,forms,train,train
nt_en_000129_1.png,english,notice,train,train
np_en_000131_0.png,english,newspaper,train,train
np_hi_000046_1.png,hindi,newspaper,train,train
fm_mr_000631_1.png,marathi,forms,train,train
np_en_000502_1.png,english,newspaper,train,train
ar_mr_000601_1.png,marathi,acts_rules,val,train
nt_en_000072_1.png,english,notice,val,train
qp_hi_000313_0.png,hindi,question_paper,train,train
fm_mr_000038_0.png,marathi,forms,test,train
ar_en_000291.png,english,acts_rules,train,train
ar_mr_000779_1.png,marathi,acts_rules,train,train
nt_hi_000329_1.png,hindi,notice,train,train
ar_mr_000759_1.png,marathi,acts_rules,train,train
ar_en_000056.png,english,acts_rules,test,train
fm_hi_000735_1.png,hindi,forms,train,train
ar_en_000961.png,english,acts_rules,train,train
nt_en_000355_1.png,english,notice,train,train
ar_hi_000702_1.png,hindi,acts_rules,train,train
ar_en_000843.png,english,acts_rules,train,train
ar_mr_000727_1.png,marathi,acts_rules,train,train
nt_en_000328_1.png,english,notice,test,train
ar_en_000417.png,english,acts_rules,train,train
ar_en_000960.png,english,acts_rules,val,train
ar_hi_000348_0.png,hindi,acts_rules,train,train
fm_mr_000322_0.png,marathi,forms,test,train
qp_mr_000592_1.png,marathi,question_paper,train,train
nt_mr_000708.png,marathi,notice,train,train
fm_mr_000329_0.png,marathi,forms,test,train
ar_en_000922.png,english,acts_rules,train,train
nt_hi_000415_1.png,hindi,notice,train,train
ar_mr_001076_1.png,marathi,acts_rules,train,train
fm_en_000293_0.png,english,forms,train,train
qp_hi_000764_0.png,hindi,question_paper,train,train
nt_en_000160_1.png,english,notice,train,train
ar_en_000883.png,english,acts_rules,test,train
qp_mr_000415_1.png,marathi,question_paper,train,train
fm_mr_000580_1.png,marathi,forms,train,train
ar_hi_000429_1.png,hindi,acts_rules,train,train
ar_hi_000108_0.png,hindi,acts_rules,val,train
fm_en_000415_0.png,english,forms,train,train
fm_hi_000494_1.png,hindi,forms,train,train
fm_mr_000098_0.png,marathi,forms,train,train
ar_en_001325.png,english,acts_rules,train,train
fm_hi_000234_0.png,hindi,forms,train,train
ar_mr_000909_1.png,marathi,acts_rules,train,train
nt_mr_000354.png,marathi,notice,train,train
qp_hi_000099_0.png,hindi,question_paper,train,train
qp_hi_000723_0.png,hindi,question_paper,train,train
nt_en_000233_1.png,english,notice,train,train
nt_en_000095_1.png,english,notice,train,train
ar_mr_001078_1.png,marathi,acts_rules,train,train
fm_hi_000530_1.png,hindi,forms,train,train
ar_en_001014.png,english,acts_rules,train,train
np_en_000032_0.png,english,newspaper,val,train
nt_hi_000262_0.png,hindi,notice,test,train
qp_hi_000610_0.png,hindi,question_paper,val,train
qp_hi_000789_0.png,hindi,question_paper,train,train
fm_mr_000024_0.png,marathi,forms,train,train
qp_hi_000242_0.png,hindi,question_paper,train,train
fm_mr_000639_1.png,marathi,forms,train,train
nt_hi_000497_1.png,hindi,notice,train,train
ar_hi_000437_1.png,hindi,acts_rules,train,train
ar_en_000878.png,english,acts_rules,train,train
fm_en_000288_0.png,english,forms,train,train
qp_mr_000575_1.png,marathi,question_paper,train,train
ar_en_000495.png,english,acts_rules,train,train
np_hi_000029_1.png,hindi,newspaper,train,train
nt_mr_000447.png,marathi,notice,train,train
ar_en_000727.png,english,acts_rules,train,train
ar_en_001340.png,english,acts_rules,test,train
ar_en_000985.png,english,acts_rules,train,train
ar_en_001478.png,english,acts_rules,train,train
ar_en_000468.png,english,acts_rules,train,train
nt_en_000254_1.png,english,notice,train,train
qp_mr_000298_1.png,marathi,question_paper,train,train
ar_mr_000896_1.png,marathi,acts_rules,train,train
nt_en_000058_1.png,english,notice,train,train
qp_hi_000794_0.png,hindi,question_paper,val,train
fm_en_000537_0.png,english,forms,train,train
nt_mr_000652.png,marathi,notice,train,train
fm_hi_000674_1.png,hindi,forms,train,train
fm_en_000169_0.png,english,forms,train,train
ar_hi_000211_0.png,hindi,acts_rules,train,train
np_en_000297_1.png,english,newspaper,test,train
nt_mr_000404.png,marathi,notice,train,train
ar_en_000524.png,english,acts_rules,train,train
ar_en_000046.png,english,acts_rules,train,train
fm_mr_000140_0.png,marathi,forms,train,train
np_en_000014_0.png,english,newspaper,train,train
nt_mr_000072.png,marathi,notice,train,train
nt_mr_000641.png,marathi,notice,train,train
np_en_000221_1.png,english,newspaper,train,train
qp_hi_000510_0.png,hindi,question_paper,val,train
ar_mr_001038_1.png,marathi,acts_rules,train,train
qp_hi_000760_0.png,hindi,question_paper,val,train
qp_hi_000351_0.png,hindi,question_paper,train,train
qp_mr_000374_1.png,marathi,question_paper,train,train
qp_mr_000502_1.png,marathi,question_paper,train,train
fm_mr_000100_0.png,marathi,forms,train,train
ar_en_000102.png,english,acts_rules,test,train
fm_mr_000405_0.png,marathi,forms,train,train
nt_hi_000279_0.png,hindi,notice,val,train
qp_mr_000329_1.png,marathi,question_paper,train,train
fm_en_000419_0.png,english,forms,train,train
np_en_000547_1.png,english,newspaper,train,train
np_hi_000038_1.png,hindi,newspaper,val,train
np_en_000520_1.png,english,newspaper,train,train
fm_mr_000197_0.png,marathi,forms,test,train
qp_hi_000822_0.png,hindi,question_paper,train,train
ar_mr_000104_0.png,marathi,acts_rules,train,train
qp_hi_000156_0.png,hindi,question_paper,val,train
np_hi_000519_1.png,hindi,newspaper,train,train
np_mr_000257_1.png,marathi,newspaper,test,train
np_en_000294_1.png,english,newspaper,train,train
nt_en_000174_1.png,english,notice,train,train
nt_hi_000357_1.png,hindi,notice,test,train
nt_hi_000457_1.png,hindi,notice,test,train
ar_en_001463.png,english,acts_rules,train,train
nt_hi_000421_1.png,hindi,notice,train,train
nt_hi_000374_1.png,hindi,notice,train,train
ar_mr_000666_1.png,marathi,acts_rules,train,train
np_hi_000418_1.png,hindi,newspaper,train,train
nt_en_000024_1.png,english,notice,train,train
ar_hi_000405_1.png,hindi,acts_rules,train,train
ar_en_001439.png,english,acts_rules,train,train
np_mr_000067_1.png,marathi,newspaper,train,train
ar_en_001010.png,english,acts_rules,train,train
ar_hi_000276_0.png,hindi,acts_rules,train,train
nt_en_000511_1.png,english,notice,train,train
nt_mr_000276.png,marathi,notice,train,train
qp_hi_000369_0.png,hindi,question_paper,train,train
np_hi_000441_1.png,hindi,newspaper,val,train
qp_hi_000619_0.png,hindi,question_paper,train,train
np_hi_000450_1.png,hindi,newspaper,train,train
ar_en_001384.png,english,acts_rules,train,train
ar_hi_000280_0.png,hindi,acts_rules,val,train
fm_mr_000285_0.png,marathi,forms,train,train
ar_mr_000487_0.png,marathi,acts_rules,train,train
fm_hi_000007_0.png,hindi,forms,test,train
ar_en_000390.png,english,acts_rules,train,train
ar_en_001206.png,english,acts_rules,train,train
fm_en_000055_0.png,english,forms,train,train
nt_hi_000105_0.png,hindi,notice,train,train
np_en_000403_1.png,english,newspaper,val,train
ar_mr_000507_0.png,marathi,acts_rules,train,train
ar_en_001477.png,english,acts_rules,train,train
ar_hi_000130_0.png,hindi,acts_rules,val,train
nt_mr_000533.png,marathi,notice,test,train
ar_mr_000222_0.png,marathi,acts_rules,train,train
ar_hi_000229_0.png,hindi,acts_rules,train,train
fm_mr_000220_0.png,marathi,forms,train,train
nt_mr_000591.png,marathi,notice,train,train
ar_en_001313.png,english,acts_rules,val,train
ar_en_001479.png,english,acts_rules,val,train
ar_en_001203.png,english,acts_rules,val,train
qp_mr_000234_1.png,marathi,question_paper,val,train
fm_mr_000074_0.png,marathi,forms,train,train
np_mr_000076_1.png,marathi,newspaper,train,train
ar_en_000971.png,english,acts_rules,val,train
qp_hi_000770_0.png,hindi,question_paper,train,train
nt_hi_000142_0.png,hindi,notice,train,train
np_mr_000434_1.png,marathi,newspaper,train,train
nt_mr_000193.png,marathi,notice,test,train
qp_hi_000833_0.png,hindi,question_paper,val,train
fm_en_000491_0.png,english,forms,train,train
nt_mr_000750.png,marathi,notice,train,train
fm_en_000059_0.png,english,forms,train,train
ar_mr_000132_0.png,marathi,acts_rules,test,train
qp_mr_000026_0.png,marathi,question_paper,train,train
ar_en_000906.png,english,acts_rules,train,train
ar_hi_000690_1.png,hindi,acts_rules,train,train
nt_hi_000157_0.png,hindi,notice,val,train
nt_mr_000572.png,marathi,notice,train,train
qp_hi_000234_0.png,hindi,question_paper,test,train
ar_mr_000419_0.png,marathi,acts_rules,val,train
nt_mr_000425.png,marathi,notice,train,train
np_en_000049_0.png,english,newspaper,train,train
ar_hi_000333_0.png,hindi,acts_rules,train,train
fm_mr_000536_1.png,marathi,forms,val,train
nt_hi_000272_0.png,hindi,notice,val,train
np_mr_000423_1.png,marathi,newspaper,train,train
ar_mr_000432_0.png,marathi,acts_rules,train,train
nt_en_000508_1.png,english,notice,train,train
ar_en_000371.png,english,acts_rules,test,train
ar_mr_000453_0.png,marathi,acts_rules,train,train
qp_hi_000811_0.png,hindi,question_paper,train,train
nt_hi_000162_0.png,hindi,notice,train,train
np_mr_000213_1.png,marathi,newspaper,val,train
ar_en_000164.png,english,acts_rules,train,train
ar_mr_000607_1.png,marathi,acts_rules,train,train
nt_hi_000116_0.png,hindi,notice,train,train
qp_mr_000286_1.png,marathi,question_paper,train,train
ar_hi_000369_1.png,hindi,acts_rules,val,train
nt_mr_000731.png,marathi,notice,train,train
ar_en_001004.png,english,acts_rules,val,train
np_mr_000114_1.png,marathi,newspaper,test,train
np_hi_000250_1.png,hindi,newspaper,train,train
np_mr_000357_1.png,marathi,newspaper,train,train
ar_en_000540.png,english,acts_rules,train,train
ar_mr_000099_0.png,marathi,acts_rules,train,train
fm_hi_000395_1.png,hindi,forms,train,train
np_hi_000452_1.png,hindi,newspaper,train,train
fm_mr_000093_0.png,marathi,forms,train,train
qp_mr_000322_1.png,marathi,question_paper,train,train
qp_mr_000497_1.png,marathi,question_paper,val,train
ar_en_000039.png,english,acts_rules,train,train
qp_mr_000713_1.png,marathi,question_paper,train,train
fm_en_000141_0.png,english,forms,train,train
np_hi_000150_1.png,hindi,newspaper,train,train
nt_hi_000338_1.png,hindi,notice,val,train
qp_hi_000356_0.png,hindi,question_paper,train,train
ar_en_000952.png,english,acts_rules,test,train
fm_mr_000150_0.png,marathi,forms,test,train
fm_en_000561_0.png,english,forms,train,train
np_hi_000258_1.png,hindi,newspaper,train,train
qp_hi_000251_0.png,hindi,question_paper,train,train
nt_en_000466_1.png,english,notice,train,train
qp_mr_000342_1.png,marathi,question_paper,train,train
fm_hi_000085_0.png,hindi,forms,train,train
ar_en_000895.png,english,acts_rules,train,train
nt_en_000035_1.png,english,notice,train,train
np_hi_000265_1.png,hindi,newspaper,test,train
ar_en_001112.png,english,acts_rules,test,train
fm_hi_000089_0.png,hindi,forms,train,train
nt_mr_000495.png,marathi,notice,train,train
ar_mr_000686_1.png,marathi,acts_rules,train,train
nt_en_000440_1.png,english,notice,val,train
nt_mr_000028.png,marathi,notice,train,train
fm_mr_000221_0.png,marathi,forms,train,train
qp_mr_000180_0.png,marathi,question_paper,test,train
fm_hi_000182_0.png,hindi,forms,train,train
ar_en_000905.png,english,acts_rules,train,train
nt_mr_000199.png,marathi,notice,train,train
np_en_000008_0.png,english,newspaper,train,train
fm_hi_000359_1.png,hindi,forms,train,train
ar_en_001199.png,english,acts_rules,train,train
np_en_000190_0.png,english,newspaper,train,train
qp_mr_000013_0.png,marathi,question_paper,val,train
qp_hi_000879_0.png,hindi,question_paper,train,train
fm_hi_000439_1.png,hindi,forms,train,train
fm_en_000362_0.png,english,forms,train,train
ar_mr_000637_1.png,marathi,acts_rules,train,train
qp_mr_000317_1.png,marathi,question_paper,train,train
np_mr_000500_1.png,marathi,newspaper,train,train
fm_en_000536_0.png,english,forms,train,train
nt_mr_000002.png,marathi,notice,train,train
fm_en_000273_0.png,english,forms,train,train
fm_mr_000306_0.png,marathi,forms,train,train
ar_mr_000644_1.png,marathi,acts_rules,train,train
nt_hi_000034_0.png,hindi,notice,train,train
ar_hi_000677_1.png,hindi,acts_rules,train,train
fm_mr_000047_0.png,marathi,forms,test,train
nt_hi_000483_1.png,hindi,notice,train,train
np_en_000422_1.png,english,newspaper,train,train
np_hi_000242_1.png,hindi,newspaper,train,train
nt_mr_000483.png,marathi,notice,test,train
nt_mr_000222.png,marathi,notice,train,train
np_mr_000094_1.png,marathi,newspaper,train,train
qp_hi_000754_0.png,hindi,question_paper,train,train
ar_en_001268.png,english,acts_rules,train,train
ar_en_000896.png,english,acts_rules,train,train
qp_hi_000171_0.png,hindi,question_paper,val,train
nt_hi_000135_0.png,hindi,notice,train,train
ar_en_000937.png,english,acts_rules,train,train
ar_en_001445.png,english,acts_rules,train,train
nt_mr_000514.png,marathi,notice,test,train
nt_en_000369_1.png,english,notice,train,train
ar_hi_000371_1.png,hindi,acts_rules,val,train
qp_mr_000259_1.png,marathi,question_paper,train,train
nt_en_000081_1.png,english,notice,train,train
fm_mr_000109_0.png,marathi,forms,train,train
np_hi_000058_1.png,hindi,newspaper,val,train
nt_mr_000690.png,marathi,notice,train,train
nt_hi_000400_1.png,hindi,notice,train,train
nt_mr_000593.png,marathi,notice,train,train
np_mr_000459_1.png,marathi,newspaper,val,train
fm_hi_000612_1.png,hindi,forms,train,train
fm_en_000269_0.png,english,forms,test,train
nt_mr_000440.png,marathi,notice,val,train
nt_en_000141_1.png,english,notice,test,train
np_en_000084_0.png,english,newspaper,train,train
ar_mr_001079_1.png,marathi,acts_rules,val,train
ar_en_001484.png,english,acts_rules,train,train
ar_mr_000445_0.png,marathi,acts_rules,train,train
qp_mr_000597_1.png,marathi,question_paper,train,train
fm_en_000587_0.png,english,forms,test,train
qp_hi_000551_0.png,hindi,question_paper,train,train
ar_mr_000786_1.png,marathi,acts_rules,train,train
ar_en_000913.png,english,acts_rules,train,train
qp_hi_000511_0.png,hindi,question_paper,train,train
qp_hi_000603_0.png,hindi,question_paper,train,train
nt_en_000332_1.png,english,notice,val,train
ar_mr_000641_1.png,marathi,acts_rules,train,train
nt_hi_000571_1.png,hindi,notice,train,train
np_mr_000275_1.png,marathi,newspaper,train,train
np_mr_000082_1.png,marathi,newspaper,train,train
qp_mr_000549_1.png,marathi,question_paper,train,train
ar_hi_000308_0.png,hindi,acts_rules,train,train
nt_hi_000352_1.png,hindi,notice,train,train
nt_en_000388_1.png,english,notice,train,train
nt_en_000098_1.png,english,notice,train,train
fm_hi_000672_1.png,hindi,forms,train,train
ar_en_000584.png,english,acts_rules,train,train
np_hi_000556_1.png,hindi,newspaper,train,train
qp_hi_000374_0.png,hindi,question_paper,train,train
fm_mr_000586_1.png,marathi,forms,train,train
fm_hi_000552_1.png,hindi,forms,train,train
ar_en_000255.png,english,acts_rules,train,train
ar_en_001318.png,english,acts_rules,train,train
qp_mr_000173_0.png,marathi,question_paper,train,train
np_hi_000135_1.png,hindi,newspaper,train,train
qp_hi_000638_0.png,hindi,question_paper,test,train
nt_en_000371_1.png,english,notice,train,train
ar_hi_000374_1.png,hindi,acts_rules,train,train
fm_hi_000793_1.png,hindi,forms,test,train
fm_en_000032_0.png,english,forms,train,train
qp_mr_000078_0.png,marathi,question_paper,train,train
fm_en_000332_0.png,english,forms,train,train
fm_mr_000583_1.png,marathi,forms,train,train
ar_mr_000767_1.png,marathi,acts_rules,train,train
ar_hi_000539_1.png,hindi,acts_rules,train,train
fm_mr_000022_0.png,marathi,forms,train,train
ar_mr_000189_0.png,marathi,acts_rules,val,train
qp_hi_000360_0.png,hindi,question_paper,train,train
qp_mr_000381_1.png,marathi,question_paper,train,train
ar_mr_000510_0.png,marathi,acts_rules,train,train
fm_mr_000023_0.png,marathi,forms,train,train
ar_en_001401.png,english,acts_rules,test,train
ar_mr_000310_0.png,marathi,acts_rules,train,train
nt_hi_000328_1.png,hindi,notice,train,train
fm_hi_000063_0.png,hindi,forms,train,train
ar_mr_000360_0.png,marathi,acts_rules,train,train
ar_hi_000635_1.png,hindi,acts_rules,train,train
nt_en_000379_1.png,english,notice,train,train
ar_mr_000301_0.png,marathi,acts_rules,train,train
qp_hi_000666_0.png,hindi,question_paper,train,train
ar_mr_000468_0.png,marathi,acts_rules,train,train
np_mr_000192_1.png,marathi,newspaper,train,train
np_mr_000143_1.png,marathi,newspaper,train,train
nt_mr_000313.png,marathi,notice,train,train
fm_mr_000054_0.png,marathi,forms,train,train
qp_hi_000792_0.png,hindi,question_paper,train,train
ar_en_001042.png,english,acts_rules,val,train
ar_hi_000673_1.png,hindi,acts_rules,train,train
fm_hi_000659_1.png,hindi,forms,test,train
nt_hi_000555_1.png,hindi,notice,train,train
np_mr_000465_1.png,marathi,newspaper,train,train
qp_hi_000286_0.png,hindi,question_paper,test,train
fm_hi_000635_1.png,hindi,forms,train,train
fm_hi_000506_1.png,hindi,forms,train,train
nt_en_000517_1.png,english,notice,train,train
nt_mr_000446.png,marathi,notice,train,train
ar_mr_000508_0.png,marathi,acts_rules,train,train
fm_hi_000065_0.png,hindi,forms,train,train
np_mr_000003_1.png,marathi,newspaper,train,train
np_hi_000428_1.png,hindi,newspaper,train,train
fm_hi_000092_0.png,hindi,forms,train,train
nt_mr_000562.png,marathi,notice,train,train
nt_hi_000229_0.png,hindi,notice,train,train
np_mr_000215_1.png,marathi,newspaper,train,train
nt_en_000495_1.png,english,notice,train,train
nt_en_000116_1.png,english,notice,test,train
ar_en_000208.png,english,acts_rules,train,train
ar_en_001410.png,english,acts_rules,train,train
nt_mr_000590.png,marathi,notice,train,train
qp_hi_000257_0.png,hindi,question_paper,train,train
fm_hi_000721_1.png,hindi,forms,train,train
fm_mr_000444_0.png,marathi,forms,train,train
ar_hi_000416_1.png,hindi,acts_rules,val,train
np_en_000335_1.png,english,newspaper,train,train
np_hi_000406_1.png,hindi,newspaper,train,train
nt_mr_000285.png,marathi,notice,train,train
fm_mr_000082_0.png,marathi,forms,val,train
fm_mr_000055_0.png,marathi,forms,train,train
nt_mr_000433.png,marathi,notice,val,train
ar_mr_000668_1.png,marathi,acts_rules,train,train
nt_mr_000081.png,marathi,notice,train,train
nt_mr_000751.png,marathi,notice,train,train
ar_mr_000706_1.png,marathi,acts_rules,test,train
np_en_000046_0.png,english,newspaper,train,train
ar_mr_000900_1.png,marathi,acts_rules,train,train
qp_mr_000547_1.png,marathi,question_paper,train,train
fm_mr_000607_1.png,marathi,forms,train,train
qp_hi_000217_0.png,hindi,question_paper,train,train
nt_mr_000022.png,marathi,notice,train,train
ar_hi_000046_0.png,hindi,acts_rules,train,train
ar_mr_000931_1.png,marathi,acts_rules,train,train
nt_en_000278_1.png,english,notice,train,train
fm_mr_000450_0.png,marathi,forms,train,train
fm_hi_000151_0.png,hindi,forms,train,train
qp_hi_000477_0.png,hindi,question_paper,train,train
nt_hi_000065_0.png,hindi,notice,train,train
ar_en_000487.png,english,acts_rules,train,train
fm_hi_000476_1.png,hindi,forms,train,train
nt_hi_000565_1.png,hindi,notice,train,train
qp_mr_000123_0.png,marathi,question_paper,train,train
nt_hi_000201_0.png,hindi,notice,test,train
np_mr_000322_1.png,marathi,newspaper,train,train
ar_en_001037.png,english,acts_rules,train,train
fm_hi_000685_1.png,hindi,forms,train,train
np_en_000511_1.png,english,newspaper,val,train
qp_hi_000193_0.png,hindi,question_paper,train,train
fm_hi_000794_1.png,hindi,forms,train,train
qp_hi_000606_0.png,hindi,question_paper,train,train
fm_mr_000007_0.png,marathi,forms,test,train
ar_en_000703.png,english,acts_rules,train,train
np_hi_000410_1.png,hindi,newspaper,train,train
ar_mr_000217_0.png,marathi,acts_rules,train,train
ar_en_001073.png,english,acts_rules,train,train
fm_hi_000626_1.png,hindi,forms,test,train
ar_hi_000107_0.png,hindi,acts_rules,val,train
ar_en_001333.png,english,acts_rules,train,train
np_mr_000277_1.png,marathi,newspaper,train,train
fm_en_000400_0.png,english,forms,train,train
fm_mr_000539_1.png,marathi,forms,train,train
ar_hi_000253_0.png,hindi,acts_rules,train,train
qp_hi_000505_0.png,hindi,question_paper,train,train
ar_hi_000304_0.png,hindi,acts_rules,train,train
nt_hi_000215_0.png,hindi,notice,train,train
fm_en_000061_0.png,english,forms,train,train
nt_hi_000079_0.png,hindi,notice,train,train
ar_mr_000764_1.png,marathi,acts_rules,train,train
fm_mr_000063_0.png,marathi,forms,train,train
nt_hi_000233_0.png,hindi,notice,train,train
fm_mr_000274_0.png,marathi,forms,train,train
qp_hi_000154_0.png,hindi,question_paper,train,train
nt_mr_000547.png,marathi,notice,train,train
qp_mr_000039_0.png,marathi,question_paper,train,train
np_hi_000099_1.png,hindi,newspaper,val,train
ar_hi_000143_0.png,hindi,acts_rules,test,train
ar_en_000771.png,english,acts_rules,train,train
nt_mr_000350.png,marathi,notice,train,train
ar_hi_000299_0.png,hindi,acts_rules,train,train
nt_mr_000211.png,marathi,notice,train,train
nt_mr_000476.png,marathi,notice,train,train
nt_hi_000445_1.png,hindi,notice,train,train
qp_mr_000400_1.png,marathi,question_paper,train,train
ar_mr_000987_1.png,marathi,acts_rules,train,train
qp_mr_000202_0.png,marathi,question_paper,train,train
np_en_000098_0.png,english,newspaper,train,train
nt_hi_000204_0.png,hindi,notice,train,train
ar_en_000264.png,english,acts_rules,train,train
ar_mr_000395_0.png,marathi,acts_rules,train,train
fm_en_000313_0.png,english,forms,train,train
qp_mr_000270_1.png,marathi,question_paper,train,train
ar_hi_000519_1.png,hindi,acts_rules,train,train
ar_hi_000446_1.png,hindi,acts_rules,train,train
ar_en_000818.png,english,acts_rules,train,train
qp_hi_000819_0.png,hindi,question_paper,train,train
qp_mr_000701_1.png,marathi,question_paper,train,train
nt_hi_000111_0.png,hindi,notice,train,train
ar_hi_000441_1.png,hindi,acts_rules,val,train
ar_en_000873.png,english,acts_rules,train,train
fm_mr_000331_0.png,marathi,forms,train,train
nt_hi_000593_1.png,hindi,notice,train,train
ar_mr_000242_0.png,marathi,acts_rules,train,train
nt_en_000049_1.png,english,notice,train,train
qp_mr_000631_1.png,marathi,question_paper,train,train
ar_en_000768.png,english,acts_rules,train,train
qp_hi_000228_0.png,hindi,question_paper,train,train
ar_en_000929.png,english,acts_rules,train,train
ar_mr_000990_1.png,marathi,acts_rules,train,train
np_hi_000364_1.png,hindi,newspaper,val,train
qp_hi_000031_0.png,hindi,question_paper,train,train
nt_mr_000697.png,marathi,notice,train,train
np_en_000426_1.png,english,newspaper,val,train
nt_mr_000491.png,marathi,notice,train,train
nt_mr_000410.png,marathi,notice,test,train
ar_en_001412.png,english,acts_rules,train,train
qp_mr_000036_0.png,marathi,question_paper,train,train
ar_hi_000033_0.png,hindi,acts_rules,train,train
ar_hi_000069_0.png,hindi,acts_rules,train,train
np_en_000279_1.png,english,newspaper,train,train
fm_mr_000486_1.png,marathi,forms,train,train
ar_mr_000777_1.png,marathi,acts_rules,val,train
fm_en_000116_0.png,english,forms,train,train
np_en_000513_1.png,english,newspaper,train,train
fm_mr_000626_1.png,marathi,forms,test,train
fm_mr_000292_0.png,marathi,forms,val,train
np_en_000035_0.png,english,newspaper,train,train
qp_hi_000167_0.png,hindi,question_paper,train,train
np_hi_000193_1.png,hindi,newspaper,train,train
ar_en_001362.png,english,acts_rules,train,train
ar_hi_000445_1.png,hindi,acts_rules,val,train
qp_hi_000514_0.png,hindi,question_paper,train,train
nt_hi_000265_0.png,hindi,notice,val,train
nt_mr_000235.png,marathi,notice,train,train
nt_mr_000416.png,marathi,notice,val,train
ar_en_000663.png,english,acts_rules,test,train
nt_en_000059_1.png,english,notice,test,train
fm_mr_000369_0.png,marathi,forms,train,train
qp_hi_000149_0.png,hindi,question_paper,train,train
nt_hi_000461_1.png,hindi,notice,val,train
nt_en_000197_1.png,english,notice,test,train
qp_mr_000071_0.png,marathi,question_paper,train,train
ar_en_001288.png,english,acts_rules,train,train
ar_mr_000981_1.png,marathi,acts_rules,val,train
ar_en_001389.png,english,acts_rules,train,train
nt_en_000175_1.png,english,notice,test,train
fm_mr_000589_1.png,marathi,forms,train,train
fm_hi_000004_0.png,hindi,forms,train,train
fm_mr_000326_0.png,marathi,forms,train,train
ar_en_000966.png,english,acts_rules,train,train
np_en_000155_0.png,english,newspaper,train,train
nt_en_000205_1.png,english,notice,train,train
fm_hi_000542_1.png,hindi,forms,train,train
np_hi_000470_1.png,hindi,newspaper,train,train
fm_hi_000459_1.png,hindi,forms,train,train
nt_en_000170_1.png,english,notice,train,train
fm_mr_000333_0.png,marathi,forms,test,train
ar_en_000551.png,english,acts_rules,train,train
fm_en_000069_0.png,english,forms,train,train
fm_mr_000321_0.png,marathi,forms,val,train
ar_hi_000050_0.png,hindi,acts_rules,train,train
ar_en_000377.png,english,acts_rules,test,train
np_hi_000245_1.png,hindi,newspaper,train,train
fm_hi_000245_0.png,hindi,forms,train,train
nt_en_000298_1.png,english,notice,train,train
fm_hi_000643_1.png,hindi,forms,train,train
qp_mr_000001_0.png,marathi,question_paper,train,train
fm_mr_000343_0.png,marathi,forms,train,train
fm_mr_000170_0.png,marathi,forms,train,train
ar_mr_000342_0.png,marathi,acts_rules,train,train
nt_mr_000570.png,marathi,notice,val,train
nt_hi_000188_0.png,hindi,notice,train,train
np_hi_000474_1.png,hindi,newspaper,train,train
ar_hi_000218_0.png,hindi,acts_rules,train,train
np_hi_000546_1.png,hindi,newspaper,train,train
nt_hi_000378_1.png,hindi,notice,train,train
np_mr_000437_1.png,marathi,newspaper,train,train
ar_hi_000067_0.png,hindi,acts_rules,test,train
ar_en_000543.png,english,acts_rules,train,train
np_hi_000230_1.png,hindi,newspaper,train,train
qp_hi_000232_0.png,hindi,question_paper,val,train
fm_hi_000774_1.png,hindi,forms,train,train
fm_hi_000520_1.png,hindi,forms,train,train
qp_mr_000437_1.png,marathi,question_paper,val,train
ar_en_000953.png,english,acts_rules,val,train
ar_hi_000397_1.png,hindi,acts_rules,train,train
qp_mr_000266_1.png,marathi,question_paper,test,train
nt_en_000351_1.png,english,notice,train,train
fm_en_000022_0.png,english,forms,train,train
ar_en_000730.png,english,acts_rules,train,train
qp_hi_000294_0.png,hindi,question_paper,train,train
fm_en_000326_0.png,english,forms,val,train
ar_en_000084.png,english,acts_rules,train,train
np_en_000497_1.png,english,newspaper,train,train
fm_hi_000126_0.png,hindi,forms,train,train
qp_hi_000620_0.png,hindi,question_paper,val,train
qp_hi_000542_0.png,hindi,question_paper,train,train
np_hi_000409_1.png,hindi,newspaper,train,train
nt_mr_000044.png,marathi,notice,train,train
qp_mr_000005_0.png,marathi,question_paper,train,train
nt_en_000216_1.png,english,notice,train,train
ar_en_000415.png,english,acts_rules,train,train
fm_hi_000756_1.png,hindi,forms,train,train
np_en_000499_1.png,english,newspaper,test,train
ar_en_000674.png,english,acts_rules,val,train
nt_mr_000464.png,marathi,notice,val,train
qp_hi_000442_0.png,hindi,question_paper,train,train
qp_mr_000252_1.png,marathi,question_paper,train,train
np_mr_000312_1.png,marathi,newspaper,train,train
np_mr_000204_1.png,marathi,newspaper,val,train
nt_en_000423_1.png,english,notice,train,train
fm_en_000438_0.png,english,forms,train,train
ar_en_000327.png,english,acts_rules,train,train
ar_mr_000207_0.png,marathi,acts_rules,train,train
qp_mr_000025_0.png,marathi,question_paper,train,train
ar_hi_000679_1.png,hindi,acts_rules,train,train
np_en_000004_0.png,english,newspaper,train,train
np_hi_000306_1.png,hindi,newspaper,train,train
ar_mr_000041_0.png,marathi,acts_rules,train,train
ar_hi_000158_0.png,hindi,acts_rules,train,train
ar_hi_000129_0.png,hindi,acts_rules,train,train
ar_en_000911.png,english,acts_rules,train,train
np_mr_000318_1.png,marathi,newspaper,train,train
qp_hi_000092_0.png,hindi,question_paper,val,train
fm_mr_000424_0.png,marathi,forms,train,train
nt_mr_000142.png,marathi,notice,train,train
fm_hi_000532_1.png,hindi,forms,train,train
np_mr_000018_1.png,marathi,newspaper,train,train
np_mr_000365_1.png,marathi,newspaper,val,train
fm_hi_000083_0.png,hindi,forms,train,train
qp_mr_000347_1.png,marathi,question_paper,train,train
ar_hi_000419_1.png,hindi,acts_rules,train,train
ar_en_000702.png,english,acts_rules,val,train
ar_en_000746.png,english,acts_rules,train,train
fm_en_000039_0.png,english,forms,train,train
ar_en_001437.png,english,acts_rules,train,train
np_en_000030_0.png,english,newspaper,train,train
ar_en_001049.png,english,acts_rules,train,train
nt_en_000498_1.png,english,notice,train,train
np_hi_000439_1.png,hindi,newspaper,train,train
fm_hi_000547_1.png,hindi,forms,train,train
qp_hi_000365_0.png,hindi,question_paper,test,train
nt_mr_000704.png,marathi,notice,train,train
ar_hi_000388_1.png,hindi,acts_rules,test,train
ar_en_001077.png,english,acts_rules,train,train
qp_mr_000348_1.png,marathi,question_paper,val,train
fm_hi_000699_1.png,hindi,forms,val,train
qp_hi_000690_0.png,hindi,question_paper,val,train
ar_hi_000459_1.png,hindi,acts_rules,val,train
fm_en_000382_0.png,english,forms,train,train
fm_hi_000298_1.png,hindi,forms,train,train
qp_hi_000456_0.png,hindi,question_paper,train,train
np_mr_000403_1.png,marathi,newspaper,train,train
nt_hi_000104_0.png,hindi,notice,train,train
fm_hi_000045_0.png,hindi,forms,train,train
ar_en_000613.png,english,acts_rules,val,train
nt_mr_000772.png,marathi,notice,train,train
fm_mr_000413_0.png,marathi,forms,train,train
fm_mr_000574_1.png,marathi,forms,val,train
fm_hi_000079_0.png,hindi,forms,test,train
ar_en_000539.png,english,acts_rules,val,train
qp_hi_000250_0.png,hindi,question_paper,train,train
np_mr_000084_1.png,marathi,newspaper,train,train
np_hi_000247_1.png,hindi,newspaper,train,train
np_hi_000024_1.png,hindi,newspaper,test,train
np_mr_000249_1.png,marathi,newspaper,train,train
fm_hi_000790_1.png,hindi,forms,train,train
ar_en_001048.png,english,acts_rules,val,train
nt_mr_000500.png,marathi,notice,train,train
np_mr_000398_1.png,marathi,newspaper,train,train
np_hi_000127_1.png,hindi,newspaper,train,train
ar_hi_000227_0.png,hindi,acts_rules,train,train
nt_en_000018_1.png,english,notice,train,train
qp_mr_000380_1.png,marathi,question_paper,train,train
ar_en_001170.png,english,acts_rules,train,train
nt_mr_000359.png,marathi,notice,val,train
nt_mr_000306.png,marathi,notice,test,train
qp_hi_000567_0.png,hindi,question_paper,train,train
ar_hi_000398_1.png,hindi,acts_rules,train,train
ar_mr_000846_1.png,marathi,acts_rules,train,train
ar_hi_000479_1.png,hindi,acts_rules,train,train
ar_hi_000104_0.png,hindi,acts_rules,train,train
ar_en_000802.png,english,acts_rules,train,train
nt_en_000375_1.png,english,notice,train,train
np_hi_000146_1.png,hindi,newspaper,train,train
ar_mr_000824_1.png,marathi,acts_rules,train,train
nt_mr_000070.png,marathi,notice,train,train
ar_en_001383.png,english,acts_rules,train,train
np_en_000080_0.png,english,newspaper,val,train
np_hi_000488_1.png,hindi,newspaper,train,train
qp_mr_000531_1.png,marathi,question_paper,train,train
nt_mr_000546.png,marathi,notice,train,train
ar_en_001164.png,english,acts_rules,train,train
ar_hi_000678_1.png,hindi,acts_rules,train,train
ar_mr_000062_0.png,marathi,acts_rules,train,train
fm_en_000261_0.png,english,forms,train,train
np_en_000292_1.png,english,newspaper,train,train
np_hi_000158_1.png,hindi,newspaper,train,train
np_hi_000148_1.png,hindi,newspaper,train,train
ar_en_001296.png,english,acts_rules,train,train
nt_mr_000348.png,marathi,notice,train,train
np_hi_000473_1.png,hindi,newspaper,train,train
np_en_000425_1.png,english,newspaper,train,train
nt_mr_000202.png,marathi,notice,val,train
np_en_000338_1.png,english,newspaper,test,train
qp_mr_000524_1.png,marathi,question_paper,train,train
fm_hi_000388_1.png,hindi,forms,train,train
qp_mr_000135_0.png,marathi,question_paper,train,train
ar_en_000150.png,english,acts_rules,train,train
fm_hi_000130_0.png,hindi,forms,train,train
qp_hi_000246_0.png,hindi,question_paper,train,train
nt_mr_000303.png,marathi,notice,test,train
qp_mr_000413_1.png,marathi,question_paper,train,train
qp_mr_000626_1.png,marathi,question_paper,test,train
ar_mr_000862_1.png,marathi,acts_rules,test,train
nt_mr_000481.png,marathi,notice,train,train
qp_hi_000063_0.png,hindi,question_paper,train,train
fm_hi_000050_0.png,hindi,forms,train,train
ar_en_001421.png,english,acts_rules,train,train
ar_en_000441.png,english,acts_rules,test,train
np_en_000196_0.png,english,newspaper,train,train
np_mr_000494_1.png,marathi,newspaper,val,train
nt_mr_000144.png,marathi,notice,val,train
ar_mr_001012_1.png,marathi,acts_rules,train,train
fm_en_000464_0.png,english,forms,train,train
ar_en_001381.png,english,acts_rules,train,train
qp_hi_000210_0.png,hindi,question_paper,train,train
np_en_000262_1.png,english,newspaper,train,train
fm_hi_000338_1.png,hindi,forms,val,train
ar_mr_000919_1.png,marathi,acts_rules,train,train
nt_hi_000477_1.png,hindi,notice,train,train
qp_mr_000163_0.png,marathi,question_paper,train,train
nt_hi_000205_0.png,hindi,notice,test,train
nt_hi_000353_1.png,hindi,notice,train,train
qp_hi_000107_0.png,hindi,question_paper,test,train
qp_hi_000280_0.png,hindi,question_paper,train,train
np_mr_000453_1.png,marathi,newspaper,val,train
ar_mr_000642_1.png,marathi,acts_rules,test,train
ar_mr_000009_0.png,marathi,acts_rules,train,train
ar_mr_000506_0.png,marathi,acts_rules,train,train
qp_hi_000319_0.png,hindi,question_paper,test,train
np_mr_000219_1.png,marathi,newspaper,train,train
ar_en_000979.png,english,acts_rules,train,train
ar_en_001139.png,english,acts_rules,test,train
qp_mr_000138_0.png,marathi,question_paper,train,train
np_hi_000471_1.png,hindi,newspaper,train,train
ar_en_000573.png,english,acts_rules,train,train
nt_mr_000013.png,marathi,notice,train,train
nt_mr_000374.png,marathi,notice,train,train
ar_hi_000469_1.png,hindi,acts_rules,train,train
np_mr_000407_1.png,marathi,newspaper,test,train
ar_hi_000351_0.png,hindi,acts_rules,train,train
fm_mr_000637_1.png,marathi,forms,train,train
np_en_000508_1.png,english,newspaper,train,train
ar_mr_000446_0.png,marathi,acts_rules,val,train
np_en_000144_0.png,english,newspaper,train,train
ar_en_000315.png,english,acts_rules,test,train
fm_hi_000553_1.png,hindi,forms,test,train
np_en_000154_0.png,english,newspaper,train,train
fm_mr_000265_0.png,marathi,forms,train,train
nt_mr_000102.png,marathi,notice,train,train
np_mr_000478_1.png,marathi,newspaper,train,train
qp_mr_000600_1.png,marathi,question_paper,val,train
fm_mr_000300_0.png,marathi,forms,val,train
qp_mr_000038_0.png,marathi,question_paper,test,train
nt_hi_000276_0.png,hindi,notice,train,train
qp_hi_000859_0.png,hindi,question_paper,train,train
qp_mr_000663_1.png,marathi,question_paper,train,train
fm_en_000291_0.png,english,forms,train,train
np_mr_000276_1.png,marathi,newspaper,train,train
ar_en_000358.png,english,acts_rules,train,train
nt_hi_000596_1.png,hindi,notice,train,train
ar_en_000042.png,english,acts_rules,val,train
np_hi_000396_1.png,hindi,newspaper,train,train
fm_en_000431_0.png,english,forms,train,train
nt_mr_000132.png,marathi,notice,train,train
np_en_000516_1.png,english,newspaper,train,train
nt_hi_000526_1.png,hindi,notice,train,train
np_en_000363_1.png,english,newspaper,test,train
nt_hi_000037_0.png,hindi,notice,train,train
fm_mr_000335_0.png,marathi,forms,train,train
fm_hi_000031_0.png,hindi,forms,test,train
fm_hi_000751_1.png,hindi,forms,train,train
nt_en_000084_1.png,english,notice,train,train
fm_en_000018_0.png,english,forms,train,train
ar_mr_000961_1.png,marathi,acts_rules,train,train
ar_en_000713.png,english,acts_rules,train,train
qp_hi_000096_0.png,hindi,question_paper,train,train
fm_hi_000148_0.png,hindi,forms,train,train
ar_en_000851.png,english,acts_rules,train,train
ar_en_001120.png,english,acts_rules,test,train
fm_hi_000158_0.png,hindi,forms,train,train
nt_hi_000334_1.png,hindi,notice,test,train
ar_hi_000355_0.png,hindi,acts_rules,train,train
fm_mr_000144_0.png,marathi,forms,train,train
np_mr_000068_1.png,marathi,newspaper,train,train
fm_en_000204_0.png,english,forms,train,train
np_en_000501_1.png,english,newspaper,train,train
nt_hi_000405_1.png,hindi,notice,train,train
qp_hi_000380_0.png,hindi,question_paper,train,train
fm_hi_000499_1.png,hindi,forms,train,train
np_en_000536_1.png,english,newspaper,train,train
ar_en_001436.png,english,acts_rules,train,train
ar_en_001431.png,english,acts_rules,train,train
nt_en_000164_1.png,english,notice,train,train
ar_hi_000221_0.png,hindi,acts_rules,test,train
ar_en_000228.png,english,acts_rules,train,train
nt_en_000344_1.png,english,notice,train,train
ar_mr_000451_0.png,marathi,acts_rules,train,train
nt_en_000541_1.png,english,notice,val,train
fm_mr_000143_0.png,marathi,forms,train,train
fm_hi_000331_1.png,hindi,forms,train,train
np_hi_000010_1.png,hindi,newspaper,test,train
nt_mr_000075.png,marathi,notice,train,train
qp_mr_000655_1.png,marathi,question_paper,test,train
ar_en_000444.png,english,acts_rules,train,train
nt_mr_000718.png,marathi,notice,train,train
np_hi_000076_1.png,hindi,newspaper,train,train
ar_en_000602.png,english,acts_rules,train,train
qp_mr_000294_1.png,marathi,question_paper,train,train
ar_en_000924.png,english,acts_rules,train,train
nt_en_000100_1.png,english,notice,val,train
nt_mr_000707.png,marathi,notice,train,train
ar_en_000912.png,english,acts_rules,train,train
np_mr_000168_1.png,marathi,newspaper,val,train
ar_en_000587.png,english,acts_rules,test,train
nt_mr_000567.png,marathi,notice,val,train
qp_hi_000053_0.png,hindi,question_paper,train,train
ar_hi_000352_0.png,hindi,acts_rules,train,train
ar_mr_001003_1.png,marathi,acts_rules,train,train
ar_en_001091.png,english,acts_rules,test,train
np_mr_000072_1.png,marathi,newspaper,train,train
ar_mr_000729_1.png,marathi,acts_rules,train,train
nt_en_000488_1.png,english,notice,train,train
nt_en_000166_1.png,english,notice,val,train
np_hi_000496_1.png,hindi,newspaper,test,train
fm_hi_000006_0.png,hindi,forms,train,train
np_hi_000480_1.png,hindi,newspaper,val,train
nt_en_000274_1.png,english,notice,val,train
qp_mr_000603_1.png,marathi,question_paper,train,train
ar_mr_000687_1.png,marathi,acts_rules,val,train
fm_hi_000761_1.png,hindi,forms,test,train
np_hi_000001_1.png,hindi,newspaper,train,train
qp_hi_000478_0.png,hindi,question_paper,train,train
qp_mr_000082_0.png,marathi,question_paper,train,train
qp_mr_000260_1.png,marathi,question_paper,val,train
qp_mr_000228_1.png,marathi,question_paper,val,train
qp_mr_000395_1.png,marathi,question_paper,train,train
fm_mr_000383_0.png,marathi,forms,val,train
qp_hi_000160_0.png,hindi,question_paper,train,train
ar_en_000426.png,english,acts_rules,val,train
fm_en_000218_0.png,english,forms,train,train
qp_hi_000813_0.png,hindi,question_paper,test,train
qp_mr_000389_1.png,marathi,question_paper,train,train
ar_en_001220.png,english,acts_rules,train,train
ar_en_001201.png,english,acts_rules,train,train
qp_mr_000141_0.png,marathi,question_paper,train,train
qp_hi_000755_0.png,hindi,question_paper,val,train
ar_hi_000518_1.png,hindi,acts_rules,train,train
np_hi_000369_1.png,hindi,newspaper,train,train
qp_hi_000841_0.png,hindi,question_paper,train,train
ar_mr_000826_1.png,marathi,acts_rules,train,train
qp_hi_000219_0.png,hindi,question_paper,train,train
nt_mr_000200.png,marathi,notice,val,train
nt_en_000176_1.png,english,notice,val,train
qp_hi_000450_0.png,hindi,question_paper,train,train
qp_hi_000117_0.png,hindi,question_paper,test,train
ar_en_001072.png,english,acts_rules,val,train
ar_en_000049.png,english,acts_rules,train,train
np_mr_000295_1.png,marathi,newspaper,train,train
qp_mr_000424_1.png,marathi,question_paper,train,train
fm_en_000533_0.png,english,forms,train,train
fm_hi_000076_0.png,hindi,forms,val,train
fm_hi_000730_1.png,hindi,forms,train,train
nt_hi_000315_1.png,hindi,notice,train,train
fm_hi_000759_1.png,hindi,forms,test,train
qp_hi_000110_0.png,hindi,question_paper,train,train
qp_mr_000281_1.png,marathi,question_paper,val,train
fm_hi_000743_1.png,hindi,forms,train,train
fm_hi_000489_1.png,hindi,forms,train,train
ar_en_001260.png,english,acts_rules,train,train
nt_en_000436_1.png,english,notice,train,train
ar_en_000638.png,english,acts_rules,test,train
ar_hi_000148_0.png,hindi,acts_rules,train,train
fm_hi_000132_0.png,hindi,forms,train,train
fm_hi_000299_1.png,hindi,forms,test,train
np_hi_000421_1.png,hindi,newspaper,train,train
ar_en_000992.png,english,acts_rules,train,train
fm_mr_000019_0.png,marathi,forms,train,train
ar_en_001460.png,english,acts_rules,train,train
nt_mr_000186.png,marathi,notice,train,train
nt_hi_000177_0.png,hindi,notice,train,train
ar_mr_000128_0.png,marathi,acts_rules,test,train
ar_mr_000436_0.png,marathi,acts_rules,test,train
qp_mr_000237_1.png,marathi,question_paper,train,train
ar_mr_000349_0.png,marathi,acts_rules,val,train
np_en_000065_0.png,english,newspaper,train,train
nt_hi_000277_0.png,hindi,notice,train,train
ar_hi_000175_0.png,hindi,acts_rules,train,train
np_en_000462_1.png,english,newspaper,train,train
qp_mr_000104_0.png,marathi,question_paper,train,train
ar_hi_000225_0.png,hindi,acts_rules,val,train
np_mr_000057_1.png,marathi,newspaper,val,train
qp_mr_000162_0.png,marathi,question_paper,train,train
ar_mr_000788_1.png,marathi,acts_rules,val,train
ar_en_000420.png,english,acts_rules,val,train
np_hi_000185_1.png,hindi,newspaper,train,train
ar_mr_000408_0.png,marathi,acts_rules,train,train
nt_hi_000002_0.png,hindi,notice,val,train
nt_mr_000217.png,marathi,notice,train,train
np_en_000465_1.png,english,newspaper,test,train
ar_en_000806.png,english,acts_rules,train,train
np_mr_000362_1.png,marathi,newspaper,train,train
nt_hi_000243_0.png,hindi,notice,train,train
nt_en_000218_1.png,english,notice,train,train
ar_mr_000170_0.png,marathi,acts_rules,train,train
fm_hi_000227_0.png,hindi,forms,train,train
nt_mr_000260.png,marathi,notice,test,train
qp_mr_000569_1.png,marathi,question_paper,train,train
qp_mr_000132_0.png,marathi,question_paper,train,train
nt_mr_000675.png,marathi,notice,test,train
ar_en_001223.png,english,acts_rules,train,train
np_hi_000509_1.png,hindi,newspaper,val,train
nt_mr_000128.png,marathi,notice,train,train
fm_hi_000488_1.png,hindi,forms,train,train
np_en_000303_1.png,english,newspaper,train,train
ar_mr_000941_1.png,marathi,acts_rules,train,train
np_en_000185_0.png,english,newspaper,train,train
nt_en_000220_1.png,english,notice,train,train
qp_mr_000653_1.png,marathi,question_paper,train,train
np_en_000261_1.png,english,newspaper,train,train
ar_en_001105.png,english,acts_rules,train,train
ar_mr_000074_0.png,marathi,acts_rules,train,train
np_mr_000387_1.png,marathi,newspaper,train,train
qp_hi_000062_0.png,hindi,question_paper,train,train
nt_hi_000199_0.png,hindi,notice,train,train
qp_mr_000560_1.png,marathi,question_paper,train,train
np_mr_000034_1.png,marathi,newspaper,train,train
nt_mr_000305.png,marathi,notice,train,train
np_en_000240_1.png,english,newspaper,train,train
np_hi_000269_1.png,hindi,newspaper,train,train
nt_hi_000163_0.png,hindi,notice,train,train
qp_mr_000527_1.png,marathi,question_paper,train,train
fm_mr_000068_0.png,marathi,forms,train,train
nt_hi_000598_1.png,hindi,notice,train,train
qp_mr_000704_1.png,marathi,question_paper,train,train
np_hi_000349_1.png,hindi,newspaper,train,train
ar_mr_001046_1.png,marathi,acts_rules,train,train
nt_mr_000399.png,marathi,notice,train,train
np_hi_000375_1.png,hindi,newspaper,train,train
ar_en_000910.png,english,acts_rules,train,train
nt_mr_000164.png,marathi,notice,train,train
qp_mr_000703_1.png,marathi,question_paper,test,train
fm_mr_000629_1.png,marathi,forms,test,train
qp_hi_000165_0.png,hindi,question_paper,train,train
ar_en_000987.png,english,acts_rules,train,train
nt_en_000012_1.png,english,notice,train,train
fm_hi_000233_0.png,hindi,forms,val,train
nt_mr_000474.png,marathi,notice,train,train
nt_en_000402_1.png,english,notice,train,train
fm_en_000042_0.png,english,forms,train,train
np_mr_000162_1.png,marathi,newspaper,train,train
ar_mr_000723_1.png,marathi,acts_rules,train,train
ar_en_000093.png,english,acts_rules,test,train
ar_en_000347.png,english,acts_rules,train,train
qp_mr_000484_1.png,marathi,question_paper,train,train
np_en_000313_1.png,english,newspaper,train,train
fm_mr_000180_0.png,marathi,forms,val,train
qp_hi_000639_0.png,hindi,question_paper,train,train
fm_mr_000481_1.png,marathi,forms,train,train
np_en_000432_1.png,english,newspaper,train,train
ar_en_000885.png,english,acts_rules,train,train
nt_hi_000564_1.png,hindi,notice,train,train
ar_en_000219.png,english,acts_rules,train,train
np_mr_000059_1.png,marathi,newspaper,train,train
np_mr_000333_1.png,marathi,newspaper,test,train
qp_mr_000697_1.png,marathi,question_paper,train,train
ar_hi_000630_1.png,hindi,acts_rules,train,train
ar_en_001286.png,english,acts_rules,train,train
nt_hi_000266_0.png,hindi,notice,train,train
ar_mr_000721_1.png,marathi,acts_rules,train,train
ar_en_000112.png,english,acts_rules,train,train
ar_hi_000291_0.png,hindi,acts_rules,train,train
qp_mr_000641_1.png,marathi,question_paper,train,train
nt_mr_000264.png,marathi,notice,val,train
np_mr_000498_1.png,marathi,newspaper,train,train
ar_mr_000345_0.png,marathi,acts_rules,train,train
qp_hi_000240_0.png,hindi,question_paper,val,train
fm_hi_000320_1.png,hindi,forms,train,train
np_mr_000206_1.png,marathi,newspaper,train,train
qp_mr_000434_1.png,marathi,question_paper,train,train
np_mr_000157_1.png,marathi,newspaper,test,train
ar_mr_000199_0.png,marathi,acts_rules,val,train
ar_mr_001015_1.png,marathi,acts_rules,train,train
ar_en_000958.png,english,acts_rules,val,train
ar_en_000484.png,english,acts_rules,train,train
ar_en_001299.png,english,acts_rules,val,train
ar_en_000716.png,english,acts_rules,train,train
nt_mr_000087.png,marathi,notice,val,train
ar_hi_000323_0.png,hindi,acts_rules,train,train
ar_mr_000685_1.png,marathi,acts_rules,train,train
qp_hi_000563_0.png,hindi,question_paper,train,train
ar_en_000061.png,english,acts_rules,train,train
fm_hi_000748_1.png,hindi,forms,train,train
ar_mr_000151_0.png,marathi,acts_rules,train,train
ar_mr_000382_0.png,marathi,acts_rules,train,train
ar_mr_000905_1.png,marathi,acts_rules,train,train
qp_hi_000201_0.png,hindi,question_paper,train,train
nt_mr_000432.png,marathi,notice,train,train
ar_mr_000804_1.png,marathi,acts_rules,train,train
fm_mr_000244_0.png,marathi,forms,train,train
ar_mr_000598_1.png,marathi,acts_rules,train,train
ar_hi_000683_1.png,hindi,acts_rules,train,train
fm_en_000535_0.png,english,forms,val,train
qp_mr_000085_0.png,marathi,question_paper,train,train
np_hi_000341_1.png,hindi,newspaper,test,train
fm_en_000418_0.png,english,forms,val,train
ar_mr_000212_0.png,marathi,acts_rules,train,train
nt_en_000266_1.png,english,notice,val,train
fm_en_000267_0.png,english,forms,train,train
ar_en_000527.png,english,acts_rules,train,train
ar_hi_000295_0.png,hindi,acts_rules,train,train
np_mr_000324_1.png,marathi,newspaper,train,train
ar_hi_000036_0.png,hindi,acts_rules,train,train
ar_en_001499.png,english,acts_rules,train,train
ar_en_000395.png,english,acts_rules,train,train
fm_mr_000526_1.png,marathi,forms,test,train
ar_en_000145.png,english,acts_rules,test,train
nt_mr_000084.png,marathi,notice,train,train
qp_hi_000403_0.png,hindi,question_paper,val,train
nt_hi_000487_1.png,hindi,notice,train,train
qp_hi_000037_0.png,hindi,question_paper,train,train
np_hi_000037_1.png,hindi,newspaper,train,train
np_hi_000555_1.png,hindi,newspaper,val,train
ar_mr_000303_0.png,marathi,acts_rules,train,train
ar_hi_000146_0.png,hindi,acts_rules,train,train
ar_en_000183.png,english,acts_rules,train,train
fm_hi_000655_1.png,hindi,forms,train,train
ar_hi_000049_0.png,hindi,acts_rules,test,train
ar_mr_000761_1.png,marathi,acts_rules,train,train
fm_hi_000417_1.png,hindi,forms,train,train
qp_hi_000472_0.png,hindi,question_paper,test,train
fm_mr_000619_1.png,marathi,forms,train,train
nt_en_000383_1.png,english,notice,train,train
ar_hi_000330_0.png,hindi,acts_rules,train,train
nt_en_000280_1.png,english,notice,train,train
fm_mr_000630_1.png,marathi,forms,train,train
ar_en_000939.png,english,acts_rules,val,train
nt_hi_000255_0.png,hindi,notice,train,train
np_en_000271_1.png,english,newspaper,train,train
fm_hi_000477_1.png,hindi,forms,val,train
qp_hi_000378_0.png,hindi,question_paper,train,train
fm_hi_000446_1.png,hindi,forms,train,train
nt_mr_000521.png,marathi,notice,train,train
ar_hi_000224_0.png,hindi,acts_rules,train,train
ar_en_000433.png,english,acts_rules,train,train
ar_en_000783.png,english,acts_rules,train,train
np_en_000285_1.png,english,newspaper,train,train
nt_en_000414_1.png,english,notice,train,train
ar_hi_000580_1.png,hindi,acts_rules,train,train
nt_hi_000601_1.png,hindi,notice,train,train
nt_mr_000261.png,marathi,notice,train,train
fm_mr_000259_0.png,marathi,forms,test,train
np_en_000062_0.png,english,newspaper,train,train
nt_en_000462_1.png,english,notice,train,train
qp_mr_000102_0.png,marathi,question_paper,train,train
ar_en_000764.png,english,acts_rules,train,train
qp_mr_000494_1.png,marathi,question_paper,train,train
qp_mr_000371_1.png,marathi,question_paper,train,train
fm_hi_000493_1.png,hindi,forms,train,train
np_en_000305_1.png,english,newspaper,test,train
nt_hi_000434_1.png,hindi,notice,test,train
ar_en_001454.png,english,acts_rules,train,train
ar_en_001021.png,english,acts_rules,train,train
ar_en_000563.png,english,acts_rules,test,train
qp_hi_000701_0.png,hindi,question_paper,train,train
qp_hi_000336_0.png,hindi,question_paper,train,train
np_mr_000115_1.png,marathi,newspaper,train,train
nt_mr_000430.png,marathi,notice,train,train
fm_mr_000540_1.png,marathi,forms,test,train
qp_mr_000480_1.png,marathi,question_paper,train,train
fm_mr_000341_0.png,marathi,forms,train,train
qp_hi_000702_0.png,hindi,question_paper,train,train
ar_en_000248.png,english,acts_rules,train,train
qp_hi_000247_0.png,hindi,question_paper,train,train
fm_en_000424_0.png,english,forms,train,train
nt_en_000250_1.png,english,notice,train,train
ar_hi_000349_0.png,hindi,acts_rules,train,train
qp_mr_000327_1.png,marathi,question_paper,train,train
qp_mr_000166_0.png,marathi,question_paper,test,train
ar_mr_000926_1.png,marathi,acts_rules,train,train
nt_mr_000453.png,marathi,notice,train,train
fm_mr_000451_0.png,marathi,forms,train,train
qp_hi_000413_0.png,hindi,question_paper,val,train
ar_hi_000136_0.png,hindi,acts_rules,train,train
np_mr_000127_1.png,marathi,newspaper,test,train
nt_mr_000606.png,marathi,notice,test,train
fm_hi_000330_1.png,hindi,forms,train,train
fm_en_000211_0.png,english,forms,train,train
np_mr_000304_1.png,marathi,newspaper,train,train
ar_mr_000019_0.png,marathi,acts_rules,val,train
ar_en_000223.png,english,acts_rules,train,train
qp_hi_000148_0.png,hindi,question_paper,test,train
ar_en_000186.png,english,acts_rules,train,train
fm_hi_000630_1.png,hindi,forms,test,train
fm_mr_000558_1.png,marathi,forms,train,train
nt_hi_000524_1.png,hindi,notice,train,train
np_en_000067_0.png,english,newspaper,train,train
ar_mr_001008_1.png,marathi,acts_rules,train,train
fm_en_000506_0.png,english,forms,train,train
qp_mr_000261_1.png,marathi,question_paper,train,train
ar_en_001263.png,english,acts_rules,train,train
nt_en_000189_1.png,english,notice,train,train
fm_mr_000361_0.png,marathi,forms,test,train
ar_en_000192.png,english,acts_rules,train,train
nt_hi_000426_1.png,hindi,notice,val,train
np_en_000206_1.png,english,newspaper,train,train
fm_mr_000120_0.png,marathi,forms,train,train
nt_mr_000216.png,marathi,notice,train,train
ar_en_001031.png,english,acts_rules,train,train
ar_mr_001014_1.png,marathi,acts_rules,train,train
ar_en_000120.png,english,acts_rules,train,train
ar_en_000416.png,english,acts_rules,train,train
qp_hi_000281_0.png,hindi,question_paper,val,train
ar_hi_000466_1.png,hindi,acts_rules,train,train
fm_hi_000211_0.png,hindi,forms,val,train
qp_mr_000112_0.png,marathi,question_paper,train,train
qp_hi_000016_0.png,hindi,question_paper,train,train
ar_hi_000687_1.png,hindi,acts_rules,train,train
fm_hi_000541_1.png,hindi,forms,train,train
ar_mr_000870_1.png,marathi,acts_rules,train,train
ar_en_000505.png,english,acts_rules,test,train
qp_mr_000526_1.png,marathi,question_paper,train,train
qp_hi_000546_0.png,hindi,question_paper,train,train
qp_hi_000458_0.png,hindi,question_paper,train,train
fm_en_000421_0.png,english,forms,train,train
ar_mr_000283_0.png,marathi,acts_rules,train,train
nt_mr_000117.png,marathi,notice,train,train
fm_en_000553_0.png,english,forms,train,train
np_mr_000045_1.png,marathi,newspaper,train,train
qp_hi_000150_0.png,hindi,question_paper,train,train
ar_hi_000655_1.png,hindi,acts_rules,train,train
ar_en_001394.png,english,acts_rules,train,train
nt_mr_000036.png,marathi,notice,train,train
ar_mr_000709_1.png,marathi,acts_rules,test,train
ar_mr_000181_0.png,marathi,acts_rules,train,train
nt_mr_000345.png,marathi,notice,test,train
np_en_000123_0.png,english,newspaper,train,train
qp_hi_000180_0.png,hindi,question_paper,train,train
ar_mr_000560_0.png,marathi,acts_rules,train,train
nt_hi_000450_1.png,hindi,notice,train,train
nt_mr_000605.png,marathi,notice,train,train
nt_mr_000187.png,marathi,notice,test,train
np_en_000481_1.png,english,newspaper,train,train
fm_hi_000706_1.png,hindi,forms,train,train
ar_en_001189.png,english,acts_rules,train,train
fm_hi_000113_0.png,hindi,forms,test,train
qp_mr_000208_0.png,marathi,question_paper,train,train
fm_hi_000776_1.png,hindi,forms,test,train
nt_mr_000627.png,marathi,notice,train,train
np_en_000427_1.png,english,newspaper,train,train
qp_mr_000444_1.png,marathi,question_paper,train,train
qp_hi_000289_0.png,hindi,question_paper,train,train
qp_mr_000284_1.png,marathi,question_paper,train,train
fm_hi_000314_1.png,hindi,forms,train,train
qp_hi_000837_0.png,hindi,question_paper,val,train
fm_mr_000549_1.png,marathi,forms,train,train
np_hi_000182_1.png,hindi,newspaper,train,train
qp_mr_000495_1.png,marathi,question_paper,test,train
fm_hi_000483_1.png,hindi,forms,train,train
nt_en_000145_1.png,english,notice,test,train
ar_mr_000186_0.png,marathi,acts_rules,train,train
nt_mr_000661.png,marathi,notice,train,train
fm_mr_000576_1.png,marathi,forms,test,train
ar_mr_000008_0.png,marathi,acts_rules,train,train
ar_mr_000645_1.png,marathi,acts_rules,test,train
nt_en_000165_1.png,english,notice,train,train
fm_en_000583_0.png,english,forms,val,train
np_mr_000402_1.png,marathi,newspaper,val,train
ar_mr_000214_0.png,marathi,acts_rules,val,train
qp_hi_000489_0.png,hindi,question_paper,train,train
ar_en_000396.png,english,acts_rules,train,train
ar_hi_000071_0.png,hindi,acts_rules,train,train
np_en_000069_0.png,english,newspaper,train,train
ar_mr_000581_1.png,marathi,acts_rules,train,train
qp_hi_000157_0.png,hindi,question_paper,train,train
fm_mr_000387_0.png,marathi,forms,train,train
nt_mr_000368.png,marathi,notice,train,train
nt_mr_000244.png,marathi,notice,val,train
fm_mr_000425_0.png,marathi,forms,train,train
ar_mr_000137_0.png,marathi,acts_rules,train,train
nt_mr_000487.png,marathi,notice,train,train
ar_mr_000973_1.png,marathi,acts_rules,val,train
qp_hi_000088_0.png,hindi,question_paper,train,train
qp_mr_000024_0.png,marathi,question_paper,train,train
ar_mr_001047_1.png,marathi,acts_rules,train,train
fm_en_000036_0.png,english,forms,train,train
fm_hi_000525_1.png,hindi,forms,train,train
nt_mr_000763.png,marathi,notice,train,train
ar_mr_000380_0.png,marathi,acts_rules,val,train
ar_hi_000415_1.png,hindi,acts_rules,train,train
fm_hi_000396_1.png,hindi,forms,train,train
ar_en_000239.png,english,acts_rules,train,train
ar_hi_000184_0.png,hindi,acts_rules,train,train
np_mr_000356_1.png,marathi,newspaper,train,train
qp_mr_000379_1.png,marathi,question_paper,train,train
qp_hi_000045_0.png,hindi,question_paper,test,train
ar_mr_000910_1.png,marathi,acts_rules,val,train
ar_mr_000403_0.png,marathi,acts_rules,test,train
qp_hi_000316_0.png,hindi,question_paper,train,train
ar_mr_000267_0.png,marathi,acts_rules,train,train
nt_mr_000283.png,marathi,notice,train,train
fm_hi_000662_1.png,hindi,forms,train,train
fm_en_000510_0.png,english,forms,train,train
nt_hi_000239_0.png,hindi,notice,train,train
fm_mr_000052_0.png,marathi,forms,train,train
fm_mr_000223_0.png,marathi,forms,train,train
fm_mr_000446_0.png,marathi,forms,train,train
ar_mr_000353_0.png,marathi,acts_rules,train,train
ar_hi_000171_0.png,hindi,acts_rules,train,train
fm_en_000516_0.png,english,forms,train,train
ar_en_001357.png,english,acts_rules,train,train
qp_hi_000178_0.png,hindi,question_paper,train,train
fm_mr_000278_0.png,marathi,forms,train,train
np_mr_000279_1.png,marathi,newspaper,train,train
fm_hi_000679_1.png,hindi,forms,test,train
ar_en_001368.png,english,acts_rules,val,train
np_mr_000062_1.png,marathi,newspaper,val,train
nt_en_000064_1.png,english,notice,val,train
nt_en_000196_1.png,english,notice,train,train
fm_en_000179_0.png,english,forms,train,train
qp_mr_000296_1.png,marathi,question_paper,test,train
qp_hi_000539_0.png,hindi,question_paper,val,train
nt_hi_000345_1.png,hindi,notice,val,train
nt_hi_000557_1.png,hindi,notice,train,train
ar_en_001188.png,english,acts_rules,train,train
fm_mr_000389_0.png,marathi,forms,train,train
ar_en_000521.png,english,acts_rules,train,train
nt_en_000128_1.png,english,notice,train,train
ar_mr_000172_0.png,marathi,acts_rules,train,train
ar_en_000934.png,english,acts_rules,train,train
np_hi_000106_1.png,hindi,newspaper,train,train
ar_mr_000635_1.png,marathi,acts_rules,train,train
ar_en_001055.png,english,acts_rules,train,train
qp_mr_000391_1.png,marathi,question_paper,train,train
ar_hi_000581_1.png,hindi,acts_rules,train,train
fm_hi_000197_0.png,hindi,forms,train,train
np_en_000523_1.png,english,newspaper,val,train
qp_mr_000021_0.png,marathi,question_paper,train,train
nt_en_000066_1.png,english,notice,train,train
ar_mr_000857_1.png,marathi,acts_rules,train,train
nt_mr_000176.png,marathi,notice,train,train
fm_hi_000696_1.png,hindi,forms,train,train
ar_hi_000005_0.png,hindi,acts_rules,test,train
qp_hi_000545_0.png,hindi,question_paper,val,train
np_hi_000167_1.png,hindi,newspaper,train,train
fm_hi_000142_0.png,hindi,forms,train,train
ar_hi_000205_0.png,hindi,acts_rules,train,train
np_mr_000150_1.png,marathi,newspaper,train,train
fm_hi_000428_1.png,hindi,forms,train,train
ar_hi_000120_0.png,hindi,acts_rules,train,train
fm_en_000588_0.png,english,forms,test,train
np_mr_000420_1.png,marathi,newspaper,train,train
ar_mr_000262_0.png,marathi,acts_rules,train,train
ar_en_000017.png,english,acts_rules,train,train
qp_hi_000622_0.png,hindi,question_paper,train,train
ar_mr_000259_0.png,marathi,acts_rules,test,train
ar_mr_000545_0.png,marathi,acts_rules,train,train
ar_en_000103.png,english,acts_rules,train,train
qp_hi_000560_0.png,hindi,question_paper,train,train
ar_en_000177.png,english,acts_rules,train,train
qp_mr_000207_0.png,marathi,question_paper,train,train
qp_mr_000414_1.png,marathi,question_paper,train,train
nt_hi_000137_0.png,hindi,notice,train,train
nt_mr_000711.png,marathi,notice,train,train
nt_en_000149_1.png,english,notice,train,train
np_en_000179_0.png,english,newspaper,train,train
nt_mr_000664.png,marathi,notice,train,train
np_en_000491_1.png,english,newspaper,train,train
nt_mr_000522.png,marathi,notice,train,train
qp_mr_000536_1.png,marathi,question_paper,train,train
fm_en_000309_0.png,english,forms,train,train
nt_mr_000125.png,marathi,notice,train,train
np_mr_000236_1.png,marathi,newspaper,train,train
fm_hi_000284_1.png,hindi,forms,val,train
ar_hi_000465_1.png,hindi,acts_rules,train,train
np_mr_000475_1.png,marathi,newspaper,train,train
fm_hi_000371_1.png,hindi,forms,train,train
ar_mr_000246_0.png,marathi,acts_rules,train,train
nt_hi_000250_0.png,hindi,notice,train,train
np_en_000298_1.png,english,newspaper,val,train
nt_mr_000089.png,marathi,notice,train,train
qp_mr_000204_0.png,marathi,question_paper,train,train
np_hi_000354_1.png,hindi,newspaper,train,train
qp_mr_000577_1.png,marathi,question_paper,train,train
np_mr_000201_1.png,marathi,newspaper,train,train
qp_hi_000082_0.png,hindi,question_paper,train,train
nt_hi_000263_0.png,hindi,notice,train,train
ar_mr_000648_1.png,marathi,acts_rules,train,train
ar_en_001092.png,english,acts_rules,train,train
nt_hi_000451_1.png,hindi,notice,train,train
ar_mr_000778_1.png,marathi,acts_rules,train,train
np_en_000128_0.png,english,newspaper,train,train
ar_hi_000641_1.png,hindi,acts_rules,train,train
ar_hi_000476_1.png,hindi,acts_rules,train,train
ar_hi_000246_0.png,hindi,acts_rules,train,train
fm_mr_000288_0.png,marathi,forms,train,train
qp_mr_000002_0.png,marathi,question_paper,val,train
qp_mr_000509_1.png,marathi,question_paper,train,train
qp_mr_000376_1.png,marathi,question_paper,train,train
np_mr_000233_1.png,marathi,newspaper,train,train
qp_hi_000305_0.png,hindi,question_paper,train,train
qp_hi_000350_0.png,hindi,question_paper,train,train
qp_mr_000523_1.png,marathi,question_paper,train,train
np_en_000042_0.png,english,newspaper,train,train
fm_hi_000230_0.png,hindi,forms,train,train
ar_mr_000474_0.png,marathi,acts_rules,train,train
np_mr_000193_1.png,marathi,newspaper,val,train
qp_mr_000365_1.png,marathi,question_paper,val,train
np_mr_000296_1.png,marathi,newspaper,val,train
fm_mr_000462_1.png,marathi,forms,train,train
ar_hi_000100_0.png,hindi,acts_rules,train,train
ar_en_000998.png,english,acts_rules,train,train
ar_mr_000146_0.png,marathi,acts_rules,train,train
qp_hi_000692_0.png,hindi,question_paper,train,train
nt_en_000519_1.png,english,notice,train,train
ar_en_000451.png,english,acts_rules,val,train
qp_hi_000820_0.png,hindi,question_paper,train,train
qp_hi_000874_0.png,hindi,question_paper,train,train
np_en_000467_1.png,english,newspaper,train,train
ar_en_000830.png,english,acts_rules,train,train
nt_mr_000600.png,marathi,notice,train,train
fm_en_000029_0.png,english,forms,val,train
np_hi_000109_1.png,hindi,newspaper,train,train
ar_mr_000711_1.png,marathi,acts_rules,train,train
nt_hi_000396_1.png,hindi,notice,train,train
ar_hi_000532_1.png,hindi,acts_rules,test,train
ar_mr_000852_1.png,marathi,acts_rules,train,train
fm_hi_000138_0.png,hindi,forms,val,train
ar_mr_000275_0.png,marathi,acts_rules,val,train
fm_en_000027_0.png,english,forms,train,train
fm_en_000460_0.png,english,forms,val,train
qp_mr_000264_1.png,marathi,question_paper,train,train
qp_hi_000188_0.png,hindi,question_paper,train,train
fm_hi_000676_1.png,hindi,forms,train,train
ar_en_000197.png,english,acts_rules,train,train
nt_mr_000258.png,marathi,notice,train,train
qp_hi_000796_0.png,hindi,question_paper,train,train
fm_hi_000727_1.png,hindi,forms,train,train
ar_hi_000392_1.png,hindi,acts_rules,train,train
fm_hi_000263_1.png,hindi,forms,train,train
np_hi_000486_1.png,hindi,newspaper,train,train
ar_en_001390.png,english,acts_rules,test,train
ar_en_001088.png,english,acts_rules,train,train
ar_mr_000997_1.png,marathi,acts_rules,train,train
ar_en_000786.png,english,acts_rules,train,train
qp_hi_000080_0.png,hindi,question_paper,val,train
nt_mr_000434.png,marathi,notice,train,train
nt_hi_000536_1.png,hindi,notice,train,train
qp_hi_000708_0.png,hindi,question_paper,train,train
ar_hi_000228_0.png,hindi,acts_rules,train,train
ar_mr_000277_0.png,marathi,acts_rules,train,train
nt_en_000550_1.png,english,notice,train,train
fm_en_000181_0.png,english,forms,train,train
ar_hi_000325_0.png,hindi,acts_rules,train,train
qp_mr_000678_1.png,marathi,question_paper,val,train
np_mr_000438_1.png,marathi,newspaper,train,train
ar_en_000890.png,english,acts_rules,val,train
qp_hi_000144_0.png,hindi,question_paper,train,train
qp_hi_000595_0.png,hindi,question_paper,train,train
qp_mr_000338_1.png,marathi,question_paper,train,train
np_hi_000066_1.png,hindi,newspaper,train,train
nt_mr_000584.png,marathi,notice,train,train
fm_en_000375_0.png,english,forms,train,train
ar_en_000927.png,english,acts_rules,train,train
fm_mr_000467_1.png,marathi,forms,train,train
nt_mr_000069.png,marathi,notice,train,train
nt_hi_000342_1.png,hindi,notice,train,train
qp_mr_000128_0.png,marathi,question_paper,train,train
nt_mr_000715.png,marathi,notice,train,train
np_hi_000140_1.png,hindi,newspaper,val,train
fm_mr_000012_0.png,marathi,forms,train,train
qp_hi_000731_0.png,hindi,question_paper,train,train
np_mr_000320_1.png,marathi,newspaper,train,train
ar_en_000211.png,english,acts_rules,train,train
np_en_000272_1.png,english,newspaper,train,train
qp_mr_000360_1.png,marathi,question_paper,train,train
fm_mr_000640_1.png,marathi,forms,test,train
np_en_000248_1.png,english,newspaper,val,train
fm_en_000097_0.png,english,forms,train,train
nt_hi_000004_0.png,hindi,notice,train,train
np_hi_000382_1.png,hindi,newspaper,train,train
np_mr_000468_1.png,marathi,newspaper,val,train
qp_mr_000150_0.png,marathi,question_paper,test,train
nt_hi_000336_1.png,hindi,notice,train,train
fm_hi_000484_1.png,hindi,forms,train,train
qp_hi_000098_0.png,hindi,question_paper,train,train
qp_hi_000744_0.png,hindi,question_paper,train,train
ar_hi_000331_0.png,hindi,acts_rules,test,train
ar_mr_000359_0.png,marathi,acts_rules,train,train
ar_en_000113.png,english,acts_rules,train,train
fm_mr_000108_0.png,marathi,forms,val,train
ar_en_000848.png,english,acts_rules,train,train
nt_mr_000300.png,marathi,notice,train,train
ar_mr_000600_1.png,marathi,acts_rules,train,train
ar_mr_000694_1.png,marathi,acts_rules,val,train
ar_en_000319.png,english,acts_rules,train,train
fm_hi_000657_1.png,hindi,forms,train,train
fm_en_000068_0.png,english,forms,train,train
nt_mr_000284.png,marathi,notice,val,train
qp_hi_000858_0.png,hindi,question_paper,test,train
ar_en_001359.png,english,acts_rules,train,train
ar_hi_000595_1.png,hindi,acts_rules,train,train
fm_hi_000120_0.png,hindi,forms,train,train
ar_en_000860.png,english,acts_rules,train,train
fm_en_000100_0.png,english,forms,train,train
fm_hi_000115_0.png,hindi,forms,val,train
ar_en_001095.png,english,acts_rules,train,train
ar_en_000243.png,english,acts_rules,train,train
ar_mr_000697_1.png,marathi,acts_rules,train,train
qp_hi_000832_0.png,hindi,question_paper,train,train
nt_mr_000319.png,marathi,notice,train,train
qp_hi_000320_0.png,hindi,question_paper,val,train
fm_hi_000246_0.png,hindi,forms,train,train
fm_hi_000162_0.png,hindi,forms,train,train
ar_mr_000816_1.png,marathi,acts_rules,test,train
nt_hi_000207_0.png,hindi,notice,val,train
qp_hi_000395_0.png,hindi,question_paper,test,train
ar_en_000302.png,english,acts_rules,train,train
ar_en_000404.png,english,acts_rules,train,train
nt_mr_000530.png,marathi,notice,train,train
fm_mr_000011_0.png,marathi,forms,train,train
nt_hi_000494_1.png,hindi,notice,train,train
ar_hi_000070_0.png,hindi,acts_rules,train,train
nt_en_000286_1.png,english,notice,train,train
nt_en_000151_1.png,english,notice,train,train
np_mr_000293_1.png,marathi,newspaper,train,train
np_en_000235_1.png,english,newspaper,val,train
fm_en_000009_0.png,english,forms,train,train
np_mr_000019_1.png,marathi,newspaper,train,train
fm_mr_000408_0.png,marathi,forms,train,train
ar_en_000949.png,english,acts_rules,train,train
ar_en_000104.png,english,acts_rules,test,train
fm_hi_000384_1.png,hindi,forms,train,train
ar_mr_000071_0.png,marathi,acts_rules,val,train
qp_hi_000123_0.png,hindi,question_paper,train,train
qp_mr_000461_1.png,marathi,question_paper,train,train
fm_mr_000169_0.png,marathi,forms,train,train
np_hi_000523_1.png,hindi,newspaper,train,train
nt_mr_000442.png,marathi,notice,train,train
fm_hi_000538_1.png,hindi,forms,train,train
qp_mr_000407_1.png,marathi,question_paper,train,train
qp_mr_000436_1.png,marathi,question_paper,train,train
np_mr_000058_1.png,marathi,newspaper,test,train
nt_en_000417_1.png,english,notice,train,train
fm_hi_000102_0.png,hindi,forms,train,train
ar_hi_000470_1.png,hindi,acts_rules,train,train
nt_hi_000110_0.png,hindi,notice,train,train
qp_mr_000638_1.png,marathi,question_paper,train,train
np_en_000478_1.png,english,newspaper,train,train
ar_en_000325.png,english,acts_rules,train,train
fm_hi_000040_0.png,hindi,forms,test,train
qp_mr_000277_1.png,marathi,question_paper,val,train
ar_en_000052.png,english,acts_rules,train,train
ar_en_000530.png,english,acts_rules,train,train
nt_mr_000457.png,marathi,notice,train,train
qp_mr_000244_1.png,marathi,question_paper,train,train
np_hi_000392_1.png,hindi,newspaper,train,train
ar_en_000948.png,english,acts_rules,train,train
ar_mr_000523_0.png,marathi,acts_rules,test,train
nt_en_000358_1.png,english,notice,train,train
fm_hi_000575_1.png,hindi,forms,train,train
ar_mr_000627_1.png,marathi,acts_rules,train,train
qp_mr_000613_1.png,marathi,question_paper,test,train
fm_mr_000078_0.png,marathi,forms,train,train
fm_hi_000368_1.png,hindi,forms,train,train
fm_mr_000545_1.png,marathi,forms,train,train
ar_hi_000453_1.png,hindi,acts_rules,test,train
fm_en_000175_0.png,english,forms,train,train
np_en_000018_0.png,english,newspaper,test,train
qp_mr_000551_1.png,marathi,question_paper,train,train
qp_mr_000707_1.png,marathi,question_paper,train,train
qp_hi_000189_0.png,hindi,question_paper,train,train
nt_en_000357_1.png,english,notice,train,train
nt_en_000026_1.png,english,notice,train,train
np_en_000015_0.png,english,newspaper,train,train
qp_mr_000287_1.png,marathi,question_paper,train,train
nt_mr_000703.png,marathi,notice,train,train
fm_mr_000255_0.png,marathi,forms,train,train
qp_mr_000508_1.png,marathi,question_paper,train,train
ar_hi_000159_0.png,hindi,acts_rules,val,train
ar_en_001249.png,english,acts_rules,train,train
fm_en_000102_0.png,english,forms,train,train
ar_en_000805.png,english,acts_rules,train,train
np_en_000187_0.png,english,newspaper,train,train
np_mr_000021_1.png,marathi,newspaper,train,train
np_en_000252_1.png,english,newspaper,train,train
ar_hi_000305_0.png,hindi,acts_rules,train,train
nt_mr_000564.png,marathi,notice,val,train
nt_mr_000516.png,marathi,notice,train,train
fm_hi_000194_0.png,hindi,forms,val,train
ar_mr_000667_1.png,marathi,acts_rules,train,train
ar_en_000864.png,english,acts_rules,train,train
ar_mr_000182_0.png,marathi,acts_rules,train,train
ar_en_001246.png,english,acts_rules,train,train
np_en_000493_1.png,english,newspaper,val,train
ar_en_000633.png,english,acts_rules,train,train
ar_mr_000564_0.png,marathi,acts_rules,train,train
nt_mr_000412.png,marathi,notice,train,train
ar_en_000601.png,english,acts_rules,train,train
nt_mr_000120.png,marathi,notice,train,train
ar_mr_000118_0.png,marathi,acts_rules,train,train
ar_mr_000811_1.png,marathi,acts_rules,train,train
ar_en_001324.png,english,acts_rules,train,train
fm_hi_000157_0.png,hindi,forms,train,train
qp_hi_000265_0.png,hindi,question_paper,val,train
nt_en_000507_1.png,english,notice,train,train
np_mr_000005_1.png,marathi,newspaper,train,train
qp_hi_000512_0.png,hindi,question_paper,train,train
ar_en_001155.png,english,acts_rules,train,train
np_hi_000430_1.png,hindi,newspaper,train,train
fm_hi_000260_1.png,hindi,forms,train,train
nt_en_000171_1.png,english,notice,val,train
ar_en_001349.png,english,acts_rules,val,train
fm_mr_000613_1.png,marathi,forms,train,train
fm_hi_000757_1.png,hindi,forms,train,train
nt_en_000006_1.png,english,notice,train,train
ar_en_001047.png,english,acts_rules,train,train
np_en_000518_1.png,english,newspaper,train,train
ar_hi_000512_1.png,hindi,acts_rules,train,train
nt_hi_000380_1.png,hindi,notice,val,train
np_hi_000559_1.png,hindi,newspaper,train,train
np_en_000266_1.png,english,newspaper,train,train
ar_en_000599.png,english,acts_rules,test,train
fm_en_000063_0.png,english,forms,train,train
nt_en_000238_1.png,english,notice,train,train
np_hi_000469_1.png,hindi,newspaper,train,train
ar_en_000995.png,english,acts_rules,train,train
ar_mr_000745_1.png,marathi,acts_rules,train,train
qp_mr_000116_0.png,marathi,question_paper,train,train
ar_en_000997.png,english,acts_rules,train,train
np_en_000327_1.png,english,newspaper,test,train
np_mr_000261_1.png,marathi,newspaper,train,train
ar_hi_000649_1.png,hindi,acts_rules,val,train
ar_hi_000474_1.png,hindi,acts_rules,test,train
ar_en_000262.png,english,acts_rules,val,train
qp_hi_000728_0.png,hindi,question_paper,train,train
np_en_000061_0.png,english,newspaper,train,train
ar_en_001450.png,english,acts_rules,train,train
fm_hi_000107_0.png,hindi,forms,val,train
ar_en_000656.png,english,acts_rules,train,train
ar_en_001473.png,english,acts_rules,train,train
np_en_000277_1.png,english,newspaper,train,train
ar_en_000168.png,english,acts_rules,train,train
np_mr_000339_1.png,marathi,newspaper,train,train
ar_mr_000470_0.png,marathi,acts_rules,train,train
ar_mr_000576_0.png,marathi,acts_rules,train,train
nt_hi_000108_0.png,hindi,notice,train,train
ar_en_001360.png,english,acts_rules,train,train
qp_mr_000118_0.png,marathi,question_paper,val,train
ar_hi_000633_1.png,hindi,acts_rules,train,train
fm_en_000024_0.png,english,forms,train,train
fm_mr_000535_1.png,marathi,forms,train,train
nt_hi_000242_0.png,hindi,notice,train,train
ar_en_000055.png,english,acts_rules,train,train
fm_mr_000528_1.png,marathi,forms,train,train
ar_en_000166.png,english,acts_rules,train,train
fm_en_000328_0.png,english,forms,train,train
nt_mr_000769.png,marathi,notice,train,train
ar_en_001352.png,english,acts_rules,val,train
np_mr_000010_1.png,marathi,newspaper,train,train
ar_en_001033.png,english,acts_rules,train,train
nt_mr_000756.png,marathi,notice,train,train
qp_hi_000260_0.png,hindi,question_paper,train,train
ar_en_000435.png,english,acts_rules,train,train
fm_hi_000711_1.png,hindi,forms,train,train
ar_mr_000322_0.png,marathi,acts_rules,train,train
ar_en_001114.png,english,acts_rules,train,train
nt_en_000001_1.png,english,notice,test,train
nt_hi_000073_0.png,hindi,notice,train,train
ar_mr_000858_1.png,marathi,acts_rules,test,train
np_hi_000192_1.png,hindi,newspaper,train,train
fm_en_000041_0.png,english,forms,train,train
np_en_000149_0.png,english,newspaper,train,train
np_en_000307_1.png,english,newspaper,train,train
np_mr_000209_1.png,marathi,newspaper,train,train
nt_mr_000292.png,marathi,notice,train,train
fm_hi_000548_1.png,hindi,forms,train,train
ar_hi_000169_0.png,hindi,acts_rules,test,train
ar_mr_000439_0.png,marathi,acts_rules,train,train
np_hi_000065_1.png,hindi,newspaper,test,train
ar_en_001162.png,english,acts_rules,train,train
np_en_000232_1.png,english,newspaper,test,train
np_hi_000365_1.png,hindi,newspaper,train,train
ar_en_000031.png,english,acts_rules,train,train
nt_en_000306_1.png,english,notice,val,train
nt_hi_000260_0.png,hindi,notice,train,train
qp_hi_000856_0.png,hindi,question_paper,train,train
np_mr_000417_1.png,marathi,newspaper,train,train
np_hi_000200_1.png,hindi,newspaper,train,train
fm_hi_000364_1.png,hindi,forms,train,train
fm_mr_000575_1.png,marathi,forms,train,train
fm_en_000067_0.png,english,forms,val,train
ar_mr_000304_0.png,marathi,acts_rules,train,train
nt_mr_000250.png,marathi,notice,val,train
qp_hi_000285_0.png,hindi,question_paper,train,train
np_en_000351_1.png,english,newspaper,train,train
nt_mr_000601.png,marathi,notice,train,train
np_hi_000492_1.png,hindi,newspaper,train,train
np_en_000488_1.png,english,newspaper,train,train
ar_mr_000541_0.png,marathi,acts_rules,train,train
nt_en_000180_1.png,english,notice,train,train
fm_mr_000612_1.png,marathi,forms,train,train
fm_en_000543_0.png,english,forms,train,train
fm_hi_000505_1.png,hindi,forms,train,train
qp_hi_000132_0.png,hindi,question_paper,train,train
nt_mr_000279.png,marathi,notice,train,train
qp_mr_000446_1.png,marathi,question_paper,train,train
ar_hi_000557_1.png,hindi,acts_rules,train,train
ar_mr_000833_1.png,marathi,acts_rules,train,train
nt_mr_000545.png,marathi,notice,train,train
nt_mr_000071.png,marathi,notice,train,train
nt_mr_000011.png,marathi,notice,val,train
ar_en_000733.png,english,acts_rules,train,train
fm_hi_000571_1.png,hindi,forms,train,train
fm_hi_000218_0.png,hindi,forms,train,train
qp_hi_000022_0.png,hindi,question_paper,train,train
ar_hi_000215_0.png,hindi,acts_rules,test,train
nt_en_000349_1.png,english,notice,train,train
fm_hi_000123_0.png,hindi,forms,train,train
ar_mr_000256_0.png,marathi,acts_rules,test,train
np_hi_000391_1.png,hindi,newspaper,train,train
qp_mr_000195_0.png,marathi,question_paper,train,train
nt_en_000090_1.png,english,notice,train,train
ar_en_000594.png,english,acts_rules,train,train
np_hi_000034_1.png,hindi,newspaper,train,train
nt_hi_000189_0.png,hindi,notice,train,train
fm_hi_000094_0.png,hindi,forms,train,train
nt_mr_000765.png,marathi,notice,train,train
ar_mr_000780_1.png,marathi,acts_rules,train,train
fm_mr_000171_0.png,marathi,forms,train,train
qp_mr_000227_1.png,marathi,question_paper,val,train
fm_hi_000708_1.png,hindi,forms,train,train
ar_mr_000033_0.png,marathi,acts_rules,val,train
ar_mr_000351_0.png,marathi,acts_rules,train,train
fm_mr_000298_0.png,marathi,forms,train,train
ar_en_001470.png,english,acts_rules,train,train
np_hi_000403_1.png,hindi,newspaper,train,train
np_mr_000380_1.png,marathi,newspaper,train,train
ar_mr_000469_0.png,marathi,acts_rules,train,train
ar_en_000794.png,english,acts_rules,val,train
ar_mr_000640_1.png,marathi,acts_rules,test,train
ar_en_000572.png,english,acts_rules,train,train
qp_mr_000657_1.png,marathi,question_paper,train,train
nt_hi_000574_1.png,hindi,notice,train,train
ar_en_000607.png,english,acts_rules,train,train
fm_en_000450_0.png,english,forms,train,train
nt_mr_000695.png,marathi,notice,train,train
nt_hi_000480_1.png,hindi,notice,train,train
np_mr_000013_1.png,marathi,newspaper,train,train
nt_en_000289_1.png,english,notice,train,train
qp_mr_000278_1.png,marathi,question_paper,train,train
qp_mr_000010_0.png,marathi,question_paper,train,train
fm_hi_000682_1.png,hindi,forms,train,train
ar_hi_000166_0.png,hindi,acts_rules,train,train
qp_mr_000595_1.png,marathi,question_paper,train,train
ar_en_000859.png,english,acts_rules,train,train
qp_hi_000103_0.png,hindi,question_paper,val,train
qp_hi_000818_0.png,hindi,question_paper,train,train
ar_hi_000576_1.png,hindi,acts_rules,train,train
nt_mr_000317.png,marathi,notice,train,train
nt_hi_000449_1.png,hindi,notice,train,train
fm_en_000075_0.png,english,forms,train,train
nt_mr_000123.png,marathi,notice,test,train
ar_en_001084.png,english,acts_rules,test,train
nt_en_000030_1.png,english,notice,train,train
nt_mr_000501.png,marathi,notice,val,train
fm_hi_000106_0.png,hindi,forms,train,train
ar_hi_000266_0.png,hindi,acts_rules,train,train
ar_mr_000861_1.png,marathi,acts_rules,train,train
nt_hi_000124_0.png,hindi,notice,train,train
nt_mr_000613.png,marathi,notice,train,train
np_hi_000535_1.png,hindi,newspaper,train,train
ar_hi_000126_0.png,hindi,acts_rules,test,train
ar_mr_000688_1.png,marathi,acts_rules,train,train
ar_en_000182.png,english,acts_rules,train,train
fm_mr_000136_0.png,marathi,forms,train,train
np_mr_000440_1.png,marathi,newspaper,train,train
qp_hi_000408_0.png,hindi,question_paper,train,train
qp_mr_000341_1.png,marathi,question_paper,train,train
ar_mr_000828_1.png,marathi,acts_rules,train,train
ar_hi_000031_0.png,hindi,acts_rules,train,train
qp_hi_000562_0.png,hindi,question_paper,train,train
fm_en_000477_0.png,english,forms,val,train
nt_en_000215_1.png,english,notice,train,train
qp_hi_000328_0.png,hindi,question_paper,test,train
qp_hi_000060_0.png,hindi,question_paper,train,train
fm_mr_000457_1.png,marathi,forms,val,train
np_hi_000560_1.png,hindi,newspaper,train,train
fm_en_000515_0.png,english,forms,train,train
np_en_000466_1.png,english,newspaper,train,train
fm_mr_000360_0.png,marathi,forms,train,train
ar_mr_000486_0.png,marathi,acts_rules,train,train
ar_mr_000677_1.png,marathi,acts_rules,test,train
nt_mr_000490.png,marathi,notice,train,train
nt_hi_000090_0.png,hindi,notice,train,train
qp_mr_000257_1.png,marathi,question_paper,train,train
ar_mr_000254_0.png,marathi,acts_rules,train,train
ar_mr_001056_1.png,marathi,acts_rules,test,train
np_mr_000023_1.png,marathi,newspaper,train,train
ar_en_001196.png,english,acts_rules,train,train
np_mr_000487_1.png,marathi,newspaper,train,train
nt_hi_000423_1.png,hindi,notice,train,train
ar_en_000383.png,english,acts_rules,train,train
qp_hi_000651_0.png,hindi,question_paper,val,train
nt_hi_000395_1.png,hindi,notice,train,train
ar_en_000690.png,english,acts_rules,train,train
np_hi_000238_1.png,hindi,newspaper,train,train
ar_mr_000454_0.png,marathi,acts_rules,train,train
fm_en_000118_0.png,english,forms,train,train
fm_hi_000224_0.png,hindi,forms,train,train
ar_en_001293.png,english,acts_rules,train,train
nt_mr_000573.png,marathi,notice,train,train
ar_en_001264.png,english,acts_rules,train,train
fm_en_000139_0.png,english,forms,train,train
np_en_000296_1.png,english,newspaper,val,train
ar_mr_000798_1.png,marathi,acts_rules,train,train
nt_hi_000464_1.png,hindi,notice,val,train
fm_hi_000292_1.png,hindi,forms,test,train
ar_mr_000823_1.png,marathi,acts_rules,train,train
ar_en_001192.png,english,acts_rules,train,train
nt_en_000258_1.png,english,notice,train,train
qp_mr_000695_1.png,marathi,question_paper,train,train
nt_en_000539_1.png,english,notice,train,train
np_en_000136_0.png,english,newspaper,train,train
nt_mr_000544.png,marathi,notice,train,train
qp_mr_000601_1.png,marathi,question_paper,train,train
ar_en_000977.png,english,acts_rules,train,train
fm_en_000493_0.png,english,forms,train,train
qp_hi_000599_0.png,hindi,question_paper,train,train
ar_en_001066.png,english,acts_rules,train,train
fm_hi_000329_1.png,hindi,forms,val,train
nt_mr_000770.png,marathi,notice,train,train
nt_hi_000376_1.png,hindi,notice,train,train
nt_hi_000326_1.png,hindi,notice,train,train
qp_hi_000344_0.png,hindi,question_paper,train,train
fm_hi_000497_1.png,hindi,forms,test,train
np_en_000472_1.png,english,newspaper,train,train
nt_hi_000289_1.png,hindi,notice,val,train
ar_mr_000325_0.png,marathi,acts_rules,test,train
nt_hi_000535_1.png,hindi,notice,test,train
nt_en_000194_1.png,english,notice,train,train
ar_hi_000102_0.png,hindi,acts_rules,train,train
ar_en_000793.png,english,acts_rules,train,train
ar_en_000603.png,english,acts_rules,train,train
np_hi_000497_1.png,hindi,newspaper,train,train
ar_en_000249.png,english,acts_rules,test,train
np_en_000086_0.png,english,newspaper,train,train
nt_hi_000509_1.png,hindi,notice,train,train
ar_hi_000293_0.png,hindi,acts_rules,train,train
fm_hi_000683_1.png,hindi,forms,train,train
fm_mr_000129_0.png,marathi,forms,test,train
qp_hi_000747_0.png,hindi,question_paper,test,train
nt_hi_000228_0.png,hindi,notice,train,train
ar_en_000212.png,english,acts_rules,train,train
qp_mr_000474_1.png,marathi,question_paper,train,train
np_hi_000529_1.png,hindi,newspaper,train,train
fm_en_000101_0.png,english,forms,train,train
fm_hi_000590_1.png,hindi,forms,train,train
nt_en_000034_1.png,english,notice,train,train
ar_en_000147.png,english,acts_rules,train,train
fm_hi_000467_1.png,hindi,forms,train,train
nt_hi_000145_0.png,hindi,notice,train,train
fm_en_000080_0.png,english,forms,train,train
fm_en_000498_0.png,english,forms,train,train
nt_mr_000774.png,marathi,notice,test,train
np_mr_000126_1.png,marathi,newspaper,train,train
ar_en_000172.png,english,acts_rules,train,train
fm_mr_000557_1.png,marathi,forms,train,train
ar_mr_000752_1.png,marathi,acts_rules,train,train
ar_mr_000836_1.png,marathi,acts_rules,train,train
fm_en_000046_0.png,english,forms,train,train
fm_hi_000701_1.png,hindi,forms,test,train
fm_hi_000125_0.png,hindi,forms,train,train
ar_mr_000449_0.png,marathi,acts_rules,train,train
ar_hi_000096_0.png,hindi,acts_rules,train,train
ar_en_000368.png,english,acts_rules,train,train
ar_en_000038.png,english,acts_rules,train,train
fm_hi_000119_0.png,hindi,forms,train,train
nt_mr_000673.png,marathi,notice,train,train
ar_hi_000589_1.png,hindi,acts_rules,train,train
np_hi_000233_1.png,hindi,newspaper,train,train
nt_mr_000506.png,marathi,notice,train,train
ar_en_000649.png,english,acts_rules,train,train
ar_en_001300.png,english,acts_rules,train,train
nt_hi_000534_1.png,hindi,notice,train,train
fm_en_000372_0.png,english,forms,train,train
fm_hi_000639_1.png,hindi,forms,train,train
fm_en_000475_0.png,english,forms,train,train
ar_en_001179.png,english,acts_rules,train,train
qp_hi_000850_0.png,hindi,question_paper,train,train
nt_en_000484_1.png,english,notice,train,train
nt_en_000283_1.png,english,notice,train,train
fm_hi_000147_0.png,hindi,forms,train,train
nt_en_000156_1.png,english,notice,train,train
nt_en_000545_1.png,english,notice,train,train
fm_mr_000430_0.png,marathi,forms,test,train
qp_hi_000779_0.png,hindi,question_paper,train,train
ar_mr_000046_0.png,marathi,acts_rules,test,train
ar_en_000754.png,english,acts_rules,train,train
nt_mr_000246.png,marathi,notice,train,train
fm_hi_000108_0.png,hindi,forms,train,train
qp_mr_000350_1.png,marathi,question_paper,train,train
ar_hi_000133_0.png,hindi,acts_rules,val,train
fm_mr_000271_0.png,marathi,forms,train,train
qp_mr_000160_0.png,marathi,question_paper,train,train
qp_hi_000306_0.png,hindi,question_paper,train,train
qp_hi_000894_0.png,hindi,question_paper,train,train
np_en_000246_1.png,english,newspaper,train,train
ar_en_000637.png,english,acts_rules,train,train
nt_mr_000709.png,marathi,notice,train,train
ar_en_000251.png,english,acts_rules,train,train
qp_hi_000719_0.png,hindi,question_paper,train,train
nt_hi_000256_0.png,hindi,notice,val,train
fm_en_000573_0.png,english,forms,train,train
np_hi_000537_1.png,hindi,newspaper,test,train
ar_mr_000571_0.png,marathi,acts_rules,train,train
ar_mr_000533_0.png,marathi,acts_rules,train,train
nt_en_000078_1.png,english,notice,train,train
fm_en_000504_0.png,english,forms,train,train
fm_hi_000005_0.png,hindi,forms,train,train
ar_hi_000329_0.png,hindi,acts_rules,train,train
fm_hi_000587_1.png,hindi,forms,train,train
fm_hi_000335_1.png,hindi,forms,val,train
fm_en_000417_0.png,english,forms,train,train
nt_mr_000730.png,marathi,notice,train,train
fm_en_000435_0.png,english,forms,train,train
nt_mr_000265.png,marathi,notice,train,train
qp_mr_000491_1.png,marathi,question_paper,train,train
qp_mr_000194_0.png,marathi,question_paper,test,train
ar_en_000760.png,english,acts_rules,test,train
np_en_000253_1.png,english,newspaper,train,train
ar_hi_000123_0.png,hindi,acts_rules,train,train
qp_hi_000566_0.png,hindi,question_paper,train,train
qp_hi_000282_0.png,hindi,question_paper,train,train
fm_en_000071_0.png,english,forms,train,train
ar_hi_000506_1.png,hindi,acts_rules,train,train
ar_hi_000472_1.png,hindi,acts_rules,train,train
qp_hi_000612_0.png,hindi,question_paper,train,train
qp_mr_000161_0.png,marathi,question_paper,val,train
np_en_000521_1.png,english,newspaper,train,train
ar_mr_000769_1.png,marathi,acts_rules,train,train
nt_hi_000299_1.png,hindi,notice,test,train
ar_en_000019.png,english,acts_rules,train,train
ar_en_001474.png,english,acts_rules,val,train
nt_mr_000650.png,marathi,notice,train,train
ar_en_001472.png,english,acts_rules,train,train
nt_hi_000427_1.png,hindi,notice,train,train
np_hi_000305_1.png,hindi,newspaper,train,train
ar_mr_000633_1.png,marathi,acts_rules,train,train
nt_hi_000589_1.png,hindi,notice,train,train
qp_mr_000056_0.png,marathi,question_paper,train,train
ar_en_000090.png,english,acts_rules,train,train
fm_hi_000671_1.png,hindi,forms,train,train
fm_mr_000336_0.png,marathi,forms,train,train
ar_en_000680.png,english,acts_rules,train,train
fm_hi_000779_1.png,hindi,forms,train,train
nt_mr_000378.png,marathi,notice,train,train
fm_en_000538_0.png,english,forms,test,train
fm_hi_000003_0.png,hindi,forms,train,train
qp_mr_000521_1.png,marathi,question_paper,train,train
np_en_000102_0.png,english,newspaper,train,train
ar_hi_000548_1.png,hindi,acts_rules,train,train
qp_mr_000453_1.png,marathi,question_paper,test,train
nt_en_000032_1.png,english,notice,train,train
np_en_000321_1.png,english,newspaper,train,train
fm_hi_000789_1.png,hindi,forms,train,train
ar_en_000473.png,english,acts_rules,train,train
ar_en_000534.png,english,acts_rules,train,train
fm_en_000279_0.png,english,forms,train,train
np_en_000475_1.png,english,newspaper,train,train
fm_mr_000378_0.png,marathi,forms,train,train
fm_hi_000398_1.png,hindi,forms,train,train
fm_mr_000307_0.png,marathi,forms,train,train
qp_hi_000637_0.png,hindi,question_paper,train,train
fm_mr_000572_1.png,marathi,forms,train,train
np_mr_000383_1.png,marathi,newspaper,val,train
nt_en_000137_1.png,english,notice,test,train
ar_hi_000602_1.png,hindi,acts_rules,test,train
ar_hi_000114_0.png,hindi,acts_rules,train,train
nt_mr_000273.png,marathi,notice,train,train
ar_hi_000086_0.png,hindi,acts_rules,train,train
qp_mr_000177_0.png,marathi,question_paper,val,train
nt_mr_000488.png,marathi,notice,train,train
nt_en_000480_1.png,english,notice,train,train
fm_mr_000624_1.png,marathi,forms,train,train
nt_en_000553_1.png,english,notice,train,train
ar_hi_000007_0.png,hindi,acts_rules,train,train
qp_mr_000328_1.png,marathi,question_paper,val,train
fm_hi_000101_0.png,hindi,forms,train,train
qp_hi_000271_0.png,hindi,question_paper,train,train
fm_hi_000521_1.png,hindi,forms,train,train
qp_mr_000398_1.png,marathi,question_paper,val,train
np_hi_000520_1.png,hindi,newspaper,train,train
qp_hi_000089_0.png,hindi,question_paper,train,train
nt_hi_000414_1.png,hindi,notice,train,train
nt_hi_000219_0.png,hindi,notice,train,train
nt_mr_000154.png,marathi,notice,train,train
qp_mr_000593_1.png,marathi,question_paper,train,train
nt_mr_000034.png,marathi,notice,train,train
np_en_000124_0.png,english,newspaper,train,train
fm_mr_000104_0.png,marathi,forms,train,train
np_en_000238_1.png,english,newspaper,test,train
fm_en_000466_0.png,english,forms,test,train
fm_en_000489_0.png,english,forms,train,train
np_en_000374_1.png,english,newspaper,test,train
nt_mr_000355.png,marathi,notice,train,train
fm_mr_000027_0.png,marathi,forms,train,train
np_en_000443_1.png,english,newspaper,train,train
fm_en_000368_0.png,english,forms,train,train
np_en_000388_1.png,english,newspaper,train,train
fm_hi_000470_1.png,hindi,forms,test,train
nt_en_000004_1.png,english,notice,train,train
np_mr_000163_1.png,marathi,newspaper,train,train
np_hi_000527_1.png,hindi,newspaper,train,train
nt_mr_000074.png,marathi,notice,train,train
np_en_000119_0.png,english,newspaper,train,train
np_en_000047_0.png,english,newspaper,val,train
ar_hi_000570_1.png,hindi,acts_rules,train,train
nt_hi_000085_0.png,hindi,notice,val,train
np_en_000546_1.png,english,newspaper,test,train
fm_mr_000479_1.png,marathi,forms,val,train
ar_en_001056.png,english,acts_rules,train,train
ar_mr_001060_1.png,marathi,acts_rules,train,train
ar_en_001363.png,english,acts_rules,train,train
ar_en_000341.png,english,acts_rules,train,train
fm_mr_000618_1.png,marathi,forms,train,train
qp_hi_000331_0.png,hindi,question_paper,train,train
nt_mr_000170.png,marathi,notice,train,train
fm_en_000499_0.png,english,forms,train,train
fm_hi_000420_1.png,hindi,forms,train,train
fm_hi_000598_1.png,hindi,forms,train,train
ar_hi_000430_1.png,hindi,acts_rules,train,train
fm_hi_000478_1.png,hindi,forms,train,train
nt_mr_000188.png,marathi,notice,train,train
ar_hi_000044_0.png,hindi,acts_rules,train,train
qp_mr_000041_0.png,marathi,question_paper,train,train
ar_en_000986.png,english,acts_rules,train,train
fm_mr_000312_0.png,marathi,forms,train,train
fm_hi_000380_1.png,hindi,forms,train,train
np_en_000250_1.png,english,newspaper,train,train
ar_en_001183.png,english,acts_rules,train,train
np_hi_000179_1.png,hindi,newspaper,train,train
qp_mr_000650_1.png,marathi,question_paper,train,train
nt_hi_000609_1.png,hindi,notice,train,train
ar_en_000411.png,english,acts_rules,train,train
nt_hi_000220_0.png,hindi,notice,train,train
nt_en_000046_1.png,english,notice,train,train
qp_hi_000366_0.png,hindi,question_paper,train,train
qp_hi_000520_0.png,hindi,question_paper,train,train
ar_mr_000974_1.png,marathi,acts_rules,val,train
qp_hi_000038_0.png,hindi,question_paper,train,train
ar_en_000073.png,english,acts_rules,train,train
nt_en_000191_1.png,english,notice,test,train
nt_hi_000433_1.png,hindi,notice,train,train
ar_en_000076.png,english,acts_rules,train,train
np_mr_000363_1.png,marathi,newspaper,train,train
qp_mr_000014_0.png,marathi,question_paper,train,train
ar_mr_000109_0.png,marathi,acts_rules,train,train
np_hi_000051_1.png,hindi,newspaper,train,train
np_en_000255_1.png,english,newspaper,train,train
fm_mr_000643_1.png,marathi,forms,test,train
np_hi_000196_1.png,hindi,newspaper,train,train
nt_mr_000251.png,marathi,notice,train,train
fm_mr_000527_1.png,marathi,forms,test,train
ar_en_000565.png,english,acts_rules,train,train
np_mr_000203_1.png,marathi,newspaper,train,train
qp_hi_000705_0.png,hindi,question_paper,train,train
np_hi_000414_1.png,hindi,newspaper,train,train
np_hi_000415_1.png,hindi,newspaper,train,train
qp_hi_000831_0.png,hindi,question_paper,train,train
qp_hi_000585_0.png,hindi,question_paper,train,train
ar_en_000193.png,english,acts_rules,test,train
fm_mr_000138_0.png,marathi,forms,train,train
np_mr_000154_1.png,marathi,newspaper,val,train
qp_mr_000439_1.png,marathi,question_paper,val,train
np_en_000241_1.png,english,newspaper,train,train
np_hi_000271_1.png,hindi,newspaper,train,train
ar_en_000669.png,english,acts_rules,train,train
fm_hi_000689_1.png,hindi,forms,train,train
np_hi_000081_1.png,hindi,newspaper,train,train
qp_hi_000199_0.png,hindi,question_paper,val,train
nt_hi_000604_1.png,hindi,notice,train,train
fm_mr_000199_0.png,marathi,forms,test,train
ar_mr_000031_0.png,marathi,acts_rules,train,train
qp_mr_000399_1.png,marathi,question_paper,train,train
ar_mr_000270_0.png,marathi,acts_rules,train,train
ar_en_000983.png,english,acts_rules,val,train
np_mr_000315_1.png,marathi,newspaper,train,train
np_en_000122_0.png,english,newspaper,train,train
fm_en_000359_0.png,english,forms,test,train
ar_en_000969.png,english,acts_rules,test,train
np_en_000463_1.png,english,newspaper,val,train
nt_mr_000644.png,marathi,notice,train,train
ar_en_001154.png,english,acts_rules,train,train
qp_hi_000279_0.png,hindi,question_paper,train,train
ar_mr_000730_1.png,marathi,acts_rules,train,train
np_hi_000189_1.png,hindi,newspaper,train,train
ar_en_000798.png,english,acts_rules,val,train
fm_mr_000167_0.png,marathi,forms,train,train
qp_mr_000585_1.png,marathi,question_paper,train,train
qp_hi_000535_0.png,hindi,question_paper,train,train
ar_hi_000234_0.png,hindi,acts_rules,train,train
fm_hi_000231_0.png,hindi,forms,train,train
ar_mr_000121_0.png,marathi,acts_rules,train,train
ar_mr_000593_1.png,marathi,acts_rules,train,train
fm_en_000266_0.png,english,forms,train,train
ar_en_000414.png,english,acts_rules,train,train
qp_mr_000332_1.png,marathi,question_paper,train,train
ar_en_000115.png,english,acts_rules,train,train
fm_en_000369_0.png,english,forms,train,train
fm_hi_000686_1.png,hindi,forms,test,train
ar_en_001128.png,english,acts_rules,train,train
nt_en_000506_1.png,english,notice,train,train
fm_mr_000272_0.png,marathi,forms,train,train
ar_en_001425.png,english,acts_rules,train,train
nt_mr_000066.png,marathi,notice,train,train
np_hi_000131_1.png,hindi,newspaper,train,train
np_en_000165_0.png,english,newspaper,test,train
ar_en_001146.png,english,acts_rules,test,train
qp_hi_000766_0.png,hindi,question_paper,val,train
ar_en_000552.png,english,acts_rules,train,train
nt_en_000343_1.png,english,notice,train,train
ar_en_001334.png,english,acts_rules,val,train
qp_hi_000885_0.png,hindi,question_paper,train,train
ar_en_000494.png,english,acts_rules,train,train
fm_en_000572_0.png,english,forms,train,train
np_mr_000122_1.png,marathi,newspaper,train,train
fm_mr_000492_1.png,marathi,forms,train,train
ar_mr_000775_1.png,marathi,acts_rules,train,train
ar_mr_000173_0.png,marathi,acts_rules,train,train
nt_mr_000115.png,marathi,notice,train,train
qp_hi_000307_0.png,hindi,question_paper,val,train
qp_mr_000646_1.png,marathi,question_paper,val,train
ar_en_000643.png,english,acts_rules,test,train
ar_mr_000017_0.png,marathi,acts_rules,val,train
ar_en_000427.png,english,acts_rules,train,train
ar_en_000809.png,english,acts_rules,train,train
np_en_000105_0.png,english,newspaper,train,train
fm_hi_000578_1.png,hindi,forms,val,train
nt_hi_000522_1.png,hindi,notice,train,train
fm_hi_000057_0.png,hindi,forms,train,train
ar_mr_000464_0.png,marathi,acts_rules,val,train
ar_en_000780.png,english,acts_rules,train,train
nt_mr_000361.png,marathi,notice,train,train
ar_en_000215.png,english,acts_rules,train,train
ar_en_000326.png,english,acts_rules,train,train
ar_mr_000765_1.png,marathi,acts_rules,train,train
np_en_000121_0.png,english,newspaper,train,train
ar_mr_000942_1.png,marathi,acts_rules,train,train
np_en_000022_0.png,english,newspaper,train,train
nt_en_000450_1.png,english,notice,train,train
nt_mr_000046.png,marathi,notice,train,train
np_hi_000156_1.png,hindi,newspaper,train,train
nt_en_000104_1.png,english,notice,test,train
fm_en_000399_0.png,english,forms,val,train
qp_hi_000129_0.png,hindi,question_paper,train,train
np_en_000127_0.png,english,newspaper,train,train
ar_hi_000122_0.png,hindi,acts_rules,train,train
nt_hi_000499_1.png,hindi,notice,train,train
qp_hi_000552_0.png,hindi,question_paper,train,train
fm_hi_000160_0.png,hindi,forms,train,train
np_mr_000078_1.png,marathi,newspaper,val,train
ar_en_000048.png,english,acts_rules,train,train
nt_mr_000534.png,marathi,notice,train,train
np_hi_000060_1.png,hindi,newspaper,train,train
qp_mr_000419_1.png,marathi,question_paper,train,train
ar_hi_000016_0.png,hindi,acts_rules,train,train
ar_hi_000535_1.png,hindi,acts_rules,train,train
ar_mr_000552_0.png,marathi,acts_rules,train,train
ar_en_000667.png,english,acts_rules,train,train
ar_mr_000209_0.png,marathi,acts_rules,val,train
np_hi_000143_1.png,hindi,newspaper,train,train
ar_hi_000700_1.png,hindi,acts_rules,train,train
fm_en_000569_0.png,english,forms,train,train
qp_mr_000486_1.png,marathi,question_paper,train,train
fm_hi_000248_0.png,hindi,forms,train,train
nt_mr_000351.png,marathi,notice,val,train
fm_hi_000153_0.png,hindi,forms,train,train
qp_hi_000815_0.png,hindi,question_paper,train,train
np_mr_000165_1.png,marathi,newspaper,train,train
ar_mr_000124_0.png,marathi,acts_rules,train,train
qp_mr_000110_0.png,marathi,question_paper,train,train
fm_hi_000579_1.png,hindi,forms,train,train
nt_hi_000173_0.png,hindi,notice,train,train
ar_en_001404.png,english,acts_rules,train,train
ar_hi_000467_1.png,hindi,acts_rules,train,train
ar_mr_000575_0.png,marathi,acts_rules,train,train
nt_mr_000535.png,marathi,notice,test,train
nt_mr_000032.png,marathi,notice,train,train
np_mr_000046_1.png,marathi,newspaper,train,train
ar_hi_000372_1.png,hindi,acts_rules,train,train
ar_mr_000249_0.png,marathi,acts_rules,train,train
fm_en_000098_0.png,english,forms,val,train
ar_mr_000184_0.png,marathi,acts_rules,train,train
nt_mr_000023.png,marathi,notice,train,train
nt_en_000105_1.png,english,notice,val,train
nt_hi_000212_0.png,hindi,notice,train,train
nt_mr_000352.png,marathi,notice,test,train
ar_mr_000886_1.png,marathi,acts_rules,train,train
np_en_000118_0.png,english,newspaper,train,train
ar_mr_000245_0.png,marathi,acts_rules,val,train
ar_mr_000390_0.png,marathi,acts_rules,train,train
np_mr_000195_1.png,marathi,newspaper,train,train
np_mr_000410_1.png,marathi,newspaper,train,train
nt_hi_000244_0.png,hindi,notice,train,train
np_hi_000059_1.png,hindi,newspaper,val,train
nt_mr_000732.png,marathi,notice,train,train
fm_hi_000513_1.png,hindi,forms,train,train
ar_en_000763.png,english,acts_rules,train,train
nt_hi_000478_1.png,hindi,notice,val,train
fm_en_000352_0.png,english,forms,test,train
qp_hi_000033_0.png,hindi,question_paper,train,train
nt_en_000378_1.png,english,notice,train,train
qp_mr_000127_0.png,marathi,question_paper,train,train
ar_mr_000049_0.png,marathi,acts_rules,train,train
nt_mr_000609.png,marathi,notice,test,train
fm_en_000076_0.png,english,forms,train,train
ar_mr_000782_1.png,marathi,acts_rules,test,train
ar_en_001046.png,english,acts_rules,test,train
qp_mr_000292_1.png,marathi,question_paper,test,train
qp_hi_000544_0.png,hindi,question_paper,train,train
np_hi_000075_1.png,hindi,newspaper,train,train
nt_mr_000309.png,marathi,notice,train,train
ar_mr_000678_1.png,marathi,acts_rules,train,train
fm_hi_000288_1.png,hindi,forms,test,train
ar_hi_000592_1.png,hindi,acts_rules,train,train
ar_mr_000726_1.png,marathi,acts_rules,val,train
ar_hi_000042_0.png,hindi,acts_rules,train,train
ar_en_000907.png,english,acts_rules,train,train
np_en_000100_0.png,english,newspaper,val,train
nt_en_000323_1.png,english,notice,train,train
qp_hi_000823_0.png,hindi,question_paper,train,train
fm_hi_000556_1.png,hindi,forms,train,train
fm_mr_000080_0.png,marathi,forms,train,train
nt_en_000559_1.png,english,notice,train,train
qp_mr_000254_1.png,marathi,question_paper,train,train
ar_en_000522.png,english,acts_rules,train,train
ar_en_001468.png,english,acts_rules,train,train
ar_en_000389.png,english,acts_rules,train,train
nt_mr_000257.png,marathi,notice,train,train
ar_mr_000951_1.png,marathi,acts_rules,train,train
ar_hi_000179_0.png,hindi,acts_rules,train,train
np_en_000373_1.png,english,newspaper,train,train
np_hi_000499_1.png,hindi,newspaper,train,train
fm_hi_000617_1.png,hindi,forms,test,train
ar_mr_000465_0.png,marathi,acts_rules,val,train
ar_mr_001051_1.png,marathi,acts_rules,train,train
nt_mr_000092.png,marathi,notice,test,train
qp_mr_000288_1.png,marathi,question_paper,train,train
ar_en_001270.png,english,acts_rules,train,train
ar_en_001052.png,english,acts_rules,train,train
ar_en_001441.png,english,acts_rules,train,train
np_hi_000067_1.png,hindi,newspaper,train,train
ar_en_001015.png,english,acts_rules,train,train
qp_mr_000226_1.png,marathi,question_paper,train,train
nt_mr_000456.png,marathi,notice,train,train
ar_mr_000167_0.png,marathi,acts_rules,val,train
np_mr_000133_1.png,marathi,newspaper,train,train
nt_mr_000394.png,marathi,notice,train,train
np_en_000543_1.png,english,newspaper,train,train
fm_hi_000580_1.png,hindi,forms,train,train
ar_hi_000556_1.png,hindi,acts_rules,train,train
qp_hi_000677_0.png,hindi,question_paper,train,train
nt_en_000279_1.png,english,notice,train,train
fm_en_000343_0.png,english,forms,train,train
qp_hi_000406_0.png,hindi,question_paper,train,train
ar_en_000654.png,english,acts_rules,train,train
fm_en_000304_0.png,english,forms,train,train
ar_hi_000631_1.png,hindi,acts_rules,train,train
ar_en_001080.png,english,acts_rules,train,train
qp_hi_000892_0.png,hindi,question_paper,train,train
nt_en_000392_1.png,english,notice,val,train
fm_mr_000621_1.png,marathi,forms,train,train
np_hi_000377_1.png,hindi,newspaper,train,train
fm_en_000167_0.png,english,forms,val,train
ar_en_000236.png,english,acts_rules,train,train
fm_mr_000044_0.png,marathi,forms,train,train
nt_mr_000203.png,marathi,notice,val,train
nt_hi_000515_1.png,hindi,notice,train,train
nt_en_000434_1.png,english,notice,train,train
qp_mr_000028_0.png,marathi,question_paper,test,train
nt_mr_000118.png,marathi,notice,train,train
ar_mr_000504_0.png,marathi,acts_rules,train,train
fm_hi_000002_0.png,hindi,forms,test,train
fm_en_000402_0.png,english,forms,train,train
ar_en_000359.png,english,acts_rules,test,train
fm_hi_000190_0.png,hindi,forms,test,train
nt_en_000230_1.png,english,notice,train,train
fm_hi_000413_1.png,hindi,forms,train,train
ar_mr_001017_1.png,marathi,acts_rules,train,train
fm_mr_000260_0.png,marathi,forms,train,train
ar_hi_000284_0.png,hindi,acts_rules,train,train
np_mr_000461_1.png,marathi,newspaper,train,train
np_en_000341_1.png,english,newspaper,train,train
fm_hi_000067_0.png,hindi,forms,val,train
ar_hi_000328_0.png,hindi,acts_rules,test,train
nt_mr_000582.png,marathi,notice,train,train
np_hi_000505_1.png,hindi,newspaper,train,train
qp_mr_000534_1.png,marathi,question_paper,train,train
fm_mr_000459_1.png,marathi,forms,train,train
nt_mr_000663.png,marathi,notice,train,train
qp_hi_000573_0.png,hindi,question_paper,train,train
qp_hi_000440_0.png,hindi,question_paper,train,train
np_mr_000243_1.png,marathi,newspaper,train,train
nt_en_000300_1.png,english,notice,val,train
qp_mr_000079_0.png,marathi,question_paper,train,train
ar_en_000028.png,english,acts_rules,train,train
np_hi_000558_1.png,hindi,newspaper,train,train
fm_en_000342_0.png,english,forms,train,train
nt_en_000339_1.png,english,notice,test,train
ar_mr_000755_1.png,marathi,acts_rules,train,train
nt_hi_000151_0.png,hindi,notice,train,train
ar_mr_000573_0.png,marathi,acts_rules,train,train
np_hi_000191_1.png,hindi,newspaper,train,train
fm_en_000520_0.png,english,forms,train,train
fm_mr_000334_0.png,marathi,forms,train,train
ar_hi_000613_1.png,hindi,acts_rules,train,train
ar_en_000366.png,english,acts_rules,train,train
ar_en_000506.png,english,acts_rules,train,train
np_mr_000186_1.png,marathi,newspaper,train,train
ar_hi_000711_1.png,hindi,acts_rules,train,train
fm_en_000341_0.png,english,forms,train,train
qp_hi_000153_0.png,hindi,question_paper,train,train
np_en_000448_1.png,english,newspaper,train,train
ar_en_000295.png,english,acts_rules,train,train
ar_mr_000592_1.png,marathi,acts_rules,train,train
qp_hi_000541_0.png,hindi,question_paper,val,train
nt_hi_000067_0.png,hindi,notice,train,train
nt_mr_000517.png,marathi,notice,train,train
nt_en_000140_1.png,english,notice,test,train
fm_en_000196_0.png,english,forms,test,train
qp_mr_000170_0.png,marathi,question_paper,train,train
ar_mr_000053_0.png,marathi,acts_rules,train,train
fm_mr_000465_1.png,marathi,forms,test,train
fm_mr_000437_0.png,marathi,forms,test,train
nt_en_000112_1.png,english,notice,train,train
qp_mr_000669_1.png,marathi,question_paper,train,train
fm_mr_000489_1.png,marathi,forms,train,train
ar_en_000622.png,english,acts_rules,train,train
qp_hi_000261_0.png,hindi,question_paper,train,train
nt_hi_000121_0.png,hindi,notice,train,train
qp_mr_000268_1.png,marathi,question_paper,train,train
ar_mr_000057_0.png,marathi,acts_rules,train,train
fm_mr_000453_0.png,marathi,forms,train,train
fm_en_000570_0.png,english,forms,train,train
np_hi_000334_1.png,hindi,newspaper,train,train
qp_hi_000357_0.png,hindi,question_paper,train,train
ar_mr_001042_1.png,marathi,acts_rules,test,train
fm_mr_000401_0.png,marathi,forms,train,train
nt_hi_000019_0.png,hindi,notice,test,train
fm_en_000428_0.png,english,forms,train,train
np_mr_000342_1.png,marathi,newspaper,train,train
qp_hi_000812_0.png,hindi,question_paper,train,train
qp_hi_000713_0.png,hindi,question_paper,train,train
ar_en_000266.png,english,acts_rules,train,train
ar_en_001448.png,english,acts_rules,val,train
fm_hi_000307_1.png,hindi,forms,val,train
nt_hi_000411_1.png,hindi,notice,test,train
fm_en_000217_0.png,english,forms,train,train
fm_hi_000412_1.png,hindi,forms,train,train
nt_hi_000259_0.png,hindi,notice,train,train
ar_mr_000639_1.png,marathi,acts_rules,train,train
np_hi_000220_1.png,hindi,newspaper,train,train
ar_en_000037.png,english,acts_rules,val,train
np_hi_000124_1.png,hindi,newspaper,train,train
ar_mr_000578_0.png,marathi,acts_rules,train,train
qp_mr_000588_1.png,marathi,question_paper,train,train
fm_hi_000543_1.png,hindi,forms,train,train
np_mr_000234_1.png,marathi,newspaper,val,train
ar_mr_000021_0.png,marathi,acts_rules,train,train
ar_hi_000432_1.png,hindi,acts_rules,test,train
ar_en_000148.png,english,acts_rules,train,train
np_en_000429_1.png,english,newspaper,train,train
np_en_000317_1.png,english,newspaper,train,train
ar_hi_000449_1.png,hindi,acts_rules,train,train
ar_en_000108.png,english,acts_rules,val,train
nt_en_000348_1.png,english,notice,train,train
ar_en_000033.png,english,acts_rules,train,train
fm_hi_000223_0.png,hindi,forms,train,train
nt_hi_000406_1.png,hindi,notice,train,train
nt_en_000091_1.png,english,notice,test,train
np_mr_000107_1.png,marathi,newspaper,test,train
qp_hi_000716_0.png,hindi,question_paper,train,train
fm_en_000327_0.png,english,forms,train,train
ar_en_000823.png,english,acts_rules,train,train
fm_hi_000015_0.png,hindi,forms,train,train
qp_hi_000003_0.png,hindi,question_paper,train,train
ar_mr_000265_0.png,marathi,acts_rules,train,train
np_hi_000114_1.png,hindi,newspaper,train,train
ar_mr_000918_1.png,marathi,acts_rules,train,train
ar_mr_000682_1.png,marathi,acts_rules,train,train
qp_mr_000702_1.png,marathi,question_paper,test,train
ar_en_000814.png,english,acts_rules,train,train
qp_mr_000053_0.png,marathi,question_paper,train,train
fm_en_000095_0.png,english,forms,val,train
ar_en_000973.png,english,acts_rules,train,train
fm_hi_000566_1.png,hindi,forms,train,train
ar_en_000002.png,english,acts_rules,train,train
ar_en_000850.png,english,acts_rules,train,train
ar_en_000791.png,english,acts_rules,train,train
fm_mr_000452_0.png,marathi,forms,train,train
ar_mr_000285_0.png,marathi,acts_rules,train,train
ar_mr_000228_0.png,marathi,acts_rules,train,train
ar_hi_000281_0.png,hindi,acts_rules,train,train
np_hi_000372_1.png,hindi,newspaper,train,train
ar_mr_000312_0.png,marathi,acts_rules,train,train
nt_mr_000042.png,marathi,notice,train,train
ar_en_000344.png,english,acts_rules,train,train
ar_hi_000650_1.png,hindi,acts_rules,train,train
nt_mr_000698.png,marathi,notice,train,train
ar_en_001398.png,english,acts_rules,train,train
ar_mr_000374_0.png,marathi,acts_rules,train,train
nt_en_000269_1.png,english,notice,train,train
fm_en_000316_0.png,english,forms,train,train
qp_hi_000587_0.png,hindi,question_paper,train,train
ar_hi_000322_0.png,hindi,acts_rules,train,train
ar_mr_000549_0.png,marathi,acts_rules,train,train
np_en_000395_1.png,english,newspaper,train,train
ar_mr_000191_0.png,marathi,acts_rules,train,train
qp_hi_000147_0.png,hindi,question_paper,train,train
ar_mr_000952_1.png,marathi,acts_rules,train,train
qp_mr_000557_1.png,marathi,question_paper,train,train
qp_hi_000422_0.png,hindi,question_paper,train,train
ar_hi_000402_1.png,hindi,acts_rules,train,train
ar_hi_000040_0.png,hindi,acts_rules,val,train
ar_mr_000250_0.png,marathi,acts_rules,test,train
ar_en_000831.png,english,acts_rules,train,train
nt_hi_000043_0.png,hindi,notice,val,train
nt_en_000529_1.png,english,notice,train,train
ar_en_000272.png,english,acts_rules,train,train
nt_mr_000130.png,marathi,notice,test,train
nt_mr_000324.png,marathi,notice,test,train
fm_mr_000065_0.png,marathi,forms,train,train
ar_mr_000271_0.png,marathi,acts_rules,train,train
qp_hi_000361_0.png,hindi,question_paper,train,train
ar_hi_000647_1.png,hindi,acts_rules,train,train
fm_mr_000488_1.png,marathi,forms,train,train
qp_mr_000235_1.png,marathi,question_paper,train,train
np_mr_000191_1.png,marathi,newspaper,train,train
nt_hi_000559_1.png,hindi,notice,train,train
ar_en_000173.png,english,acts_rules,test,train
qp_hi_000855_0.png,hindi,question_paper,train,train
fm_mr_000216_0.png,marathi,forms,test,train
qp_mr_000107_0.png,marathi,question_paper,train,train
fm_hi_000064_0.png,hindi,forms,train,train
fm_hi_000054_0.png,hindi,forms,train,train
ar_mr_000735_1.png,marathi,acts_rules,train,train
qp_mr_000205_0.png,marathi,question_paper,val,train
nt_en_000368_1.png,english,notice,test,train
fm_mr_000498_1.png,marathi,forms,train,train
fm_mr_000592_1.png,marathi,forms,train,train
fm_en_000203_0.png,english,forms,train,train
nt_en_000013_1.png,english,notice,train,train
np_hi_000337_1.png,hindi,newspaper,train,train
nt_mr_000315.png,marathi,notice,train,train
fm_hi_000479_1.png,hindi,forms,train,train
fm_mr_000105_0.png,marathi,forms,train,train
fm_mr_000365_0.png,marathi,forms,train,train
nt_mr_000296.png,marathi,notice,train,train
nt_hi_000236_0.png,hindi,notice,train,train
fm_hi_000448_1.png,hindi,forms,train,train
np_en_000160_0.png,english,newspaper,train,train
fm_hi_000511_1.png,hindi,forms,train,train
qp_mr_000354_1.png,marathi,question_paper,train,train
qp_hi_000390_0.png,hindi,question_paper,train,train
ar_en_000261.png,english,acts_rules,train,train
qp_hi_000312_0.png,hindi,question_paper,val,train
qp_mr_000611_1.png,marathi,question_paper,train,train
ar_mr_000023_0.png,marathi,acts_rules,train,train
np_hi_000123_1.png,hindi,newspaper,test,train
nt_en_000226_1.png,english,notice,val,train
qp_hi_000797_0.png,hindi,question_paper,val,train
nt_hi_000251_0.png,hindi,notice,val,train
qp_mr_000431_1.png,marathi,question_paper,train,train
fm_en_000541_0.png,english,forms,test,train
ar_mr_000838_1.png,marathi,acts_rules,train,train
fm_mr_000031_0.png,marathi,forms,train,train
np_mr_000262_1.png,marathi,newspaper,train,train
np_hi_000017_1.png,hindi,newspaper,train,train
fm_hi_000586_1.png,hindi,forms,train,train
fm_mr_000304_0.png,marathi,forms,val,train
ar_hi_000344_0.png,hindi,acts_rules,train,train
fm_hi_000427_1.png,hindi,forms,test,train
ar_en_000205.png,english,acts_rules,test,train
np_mr_000377_1.png,marathi,newspaper,train,train
np_en_000352_1.png,english,newspaper,val,train
qp_mr_000394_1.png,marathi,question_paper,test,train
nt_en_000285_1.png,english,notice,train,train
qp_mr_000450_1.png,marathi,question_paper,train,train
nt_mr_000148.png,marathi,notice,train,train
fm_mr_000211_0.png,marathi,forms,train,train
fm_mr_000013_0.png,marathi,forms,train,train
qp_mr_000065_0.png,marathi,question_paper,train,train
qp_hi_000400_0.png,hindi,question_paper,train,train
ar_mr_000399_0.png,marathi,acts_rules,train,train
ar_mr_000717_1.png,marathi,acts_rules,train,train
fm_hi_000253_1.png,hindi,forms,train,train
ar_hi_000214_0.png,hindi,acts_rules,train,train
ar_en_000158.png,english,acts_rules,test,train
ar_en_000144.png,english,acts_rules,train,train
qp_mr_000310_1.png,marathi,question_paper,train,train
qp_mr_000708_1.png,marathi,question_paper,train,train
ar_hi_000134_0.png,hindi,acts_rules,train,train
qp_hi_000786_0.png,hindi,question_paper,train,train
qp_hi_000371_0.png,hindi,question_paper,train,train
ar_mr_000943_1.png,marathi,acts_rules,test,train
fm_hi_000304_1.png,hindi,forms,train,train
nt_en_000513_1.png,english,notice,train,train
ar_mr_000081_0.png,marathi,acts_rules,train,train
ar_en_001419.png,english,acts_rules,train,train
fm_hi_000046_0.png,hindi,forms,train,train
fm_hi_000673_1.png,hindi,forms,train,train
nt_hi_000413_1.png,hindi,notice,train,train
ar_en_001044.png,english,acts_rules,train,train
qp_hi_000893_0.png,hindi,question_paper,train,train
ar_mr_000457_0.png,marathi,acts_rules,train,train
fm_mr_000516_1.png,marathi,forms,train,train
np_mr_000321_1.png,marathi,newspaper,train,train
qp_hi_000300_0.png,hindi,question_paper,train,train
qp_hi_000609_0.png,hindi,question_paper,train,train
np_en_000357_1.png,english,newspaper,test,train
fm_hi_000472_1.png,hindi,forms,train,train
qp_hi_000591_0.png,hindi,question_paper,train,train
ar_en_001036.png,english,acts_rules,train,train
ar_en_000625.png,english,acts_rules,test,train
ar_en_000566.png,english,acts_rules,train,train
ar_en_000447.png,english,acts_rules,train,train
nt_hi_000045_0.png,hindi,notice,train,train
ar_en_001209.png,english,acts_rules,train,train
fm_en_000406_0.png,english,forms,train,train
np_mr_000063_1.png,marathi,newspaper,train,train
ar_mr_000298_0.png,marathi,acts_rules,train,train
fm_hi_000638_1.png,hindi,forms,train,train
ar_hi_000208_0.png,hindi,acts_rules,test,train
np_en_000323_1.png,english,newspaper,train,train
nt_mr_000540.png,marathi,notice,test,train
nt_hi_000132_0.png,hindi,notice,val,train
ar_hi_000247_0.png,hindi,acts_rules,val,train
np_hi_000195_1.png,hindi,newspaper,train,train
ar_en_000460.png,english,acts_rules,train,train
np_hi_000097_1.png,hindi,newspaper,train,train
fm_hi_000362_1.png,hindi,forms,train,train
nt_mr_000512.png,marathi,notice,val,train
ar_hi_000055_0.png,hindi,acts_rules,train,train
qp_mr_000378_1.png,marathi,question_paper,train,train
fm_en_000259_0.png,english,forms,test,train
fm_hi_000466_1.png,hindi,forms,train,train
nt_mr_000429.png,marathi,notice,train,train
nt_en_000124_1.png,english,notice,train,train
ar_mr_000933_1.png,marathi,acts_rules,train,train
fm_en_000454_0.png,english,forms,train,train
ar_hi_000190_0.png,hindi,acts_rules,train,train
nt_mr_000322.png,marathi,notice,train,train
ar_en_000779.png,english,acts_rules,train,train
nt_en_000396_1.png,english,notice,train,train
ar_mr_000705_1.png,marathi,acts_rules,train,train
fm_mr_000058_0.png,marathi,forms,train,train
np_hi_000169_1.png,hindi,newspaper,train,train
nt_hi_000008_0.png,hindi,notice,train,train
np_en_000114_0.png,english,newspaper,train,train
nt_en_000214_1.png,english,notice,train,train
nt_hi_000278_0.png,hindi,notice,test,train
fm_en_000254_0.png,english,forms,train,train
qp_hi_000517_0.png,hindi,question_paper,train,train
fm_en_000202_0.png,english,forms,train,train
ar_en_000835.png,english,acts_rules,train,train
fm_en_000443_0.png,english,forms,train,train
fm_en_000405_0.png,english,forms,train,train
np_mr_000051_1.png,marathi,newspaper,train,train
ar_en_001124.png,english,acts_rules,train,train
np_hi_000213_1.png,hindi,newspaper,train,train
ar_mr_000344_0.png,marathi,acts_rules,train,train
qp_hi_000709_0.png,hindi,question_paper,train,train
ar_en_000976.png,english,acts_rules,train,train
qp_mr_000546_1.png,marathi,question_paper,test,train
np_mr_000382_1.png,marathi,newspaper,test,train
fm_mr_000445_0.png,marathi,forms,train,train
np_hi_000057_1.png,hindi,newspaper,train,train
ar_hi_000068_0.png,hindi,acts_rules,train,train
fm_hi_000576_1.png,hindi,forms,train,train
fm_en_000519_0.png,english,forms,train,train
ar_en_000650.png,english,acts_rules,train,train
fm_mr_000464_1.png,marathi,forms,train,train
fm_en_000023_0.png,english,forms,train,train
np_hi_000312_1.png,hindi,newspaper,train,train
ar_en_000285.png,english,acts_rules,train,train
ar_hi_000204_0.png,hindi,acts_rules,train,train
qp_hi_000628_0.png,hindi,question_paper,train,train
ar_en_001434.png,english,acts_rules,train,train
np_en_000534_1.png,english,newspaper,train,train
ar_en_001247.png,english,acts_rules,test,train
ar_en_001118.png,english,acts_rules,train,train
np_en_000052_0.png,english,newspaper,test,train
np_mr_000361_1.png,marathi,newspaper,train,train
ar_mr_000670_1.png,marathi,acts_rules,train,train
np_en_000354_1.png,english,newspaper,test,train
fm_mr_000159_0.png,marathi,forms,val,train
nt_hi_000209_0.png,hindi,notice,train,train
ar_mr_000803_1.png,marathi,acts_rules,train,train
fm_en_000384_0.png,english,forms,train,train
ar_mr_000887_1.png,marathi,acts_rules,train,train
fm_hi_000168_0.png,hindi,forms,train,train
fm_mr_000532_1.png,marathi,forms,train,train
ar_en_001202.png,english,acts_rules,train,train
np_mr_000452_1.png,marathi,newspaper,train,train
np_en_000113_0.png,english,newspaper,train,train
qp_hi_000343_0.png,hindi,question_paper,train,train
nt_mr_000439.png,marathi,notice,train,train
fm_en_000209_0.png,english,forms,test,train
qp_hi_000428_0.png,hindi,question_paper,train,train
np_en_000387_1.png,english,newspaper,train,train
nt_hi_000613_1.png,hindi,notice,train,train
nt_mr_000232.png,marathi,notice,test,train
ar_mr_000134_0.png,marathi,acts_rules,test,train
ar_hi_000616_1.png,hindi,acts_rules,test,train
np_en_000227_1.png,english,newspaper,train,train
np_en_000474_1.png,english,newspaper,val,train
fm_en_000534_0.png,english,forms,train,train
fm_hi_000191_0.png,hindi,forms,train,train
ar_mr_000034_0.png,marathi,acts_rules,train,train
fm_hi_000286_1.png,hindi,forms,train,train
ar_mr_000736_1.png,marathi,acts_rules,train,train
nt_mr_000310.png,marathi,notice,train,train
np_mr_000131_1.png,marathi,newspaper,train,train
nt_hi_000091_0.png,hindi,notice,train,train
qp_hi_000030_0.png,hindi,question_paper,train,train
ar_mr_000529_0.png,marathi,acts_rules,train,train
np_hi_000348_1.png,hindi,newspaper,train,train
nt_mr_000537.png,marathi,notice,train,train
qp_hi_000578_0.png,hindi,question_paper,train,train
nt_en_000540_1.png,english,notice,train,train
qp_mr_000216_0.png,marathi,question_paper,train,train
nt_mr_000725.png,marathi,notice,train,train
ar_hi_000098_0.png,hindi,acts_rules,val,train
ar_en_000629.png,english,acts_rules,val,train
nt_en_000335_1.png,english,notice,train,train
qp_mr_000130_0.png,marathi,question_paper,train,train
nt_mr_000761.png,marathi,notice,train,train
nt_en_000097_1.png,english,notice,train,train
ar_en_000560.png,english,acts_rules,train,train
ar_mr_000906_1.png,marathi,acts_rules,val,train
fm_hi_000324_1.png,hindi,forms,train,train
np_en_000045_0.png,english,newspaper,train,train
nt_en_000373_1.png,english,notice,train,train
fm_hi_000264_1.png,hindi,forms,train,train
ar_en_000554.png,english,acts_rules,train,train
nt_mr_000353.png,marathi,notice,train,train
fm_hi_000028_0.png,hindi,forms,train,train
nt_mr_000467.png,marathi,notice,val,train
np_hi_000534_1.png,hindi,newspaper,train,train
np_hi_000393_1.png,hindi,newspaper,test,train
ar_en_001273.png,english,acts_rules,train,train
fm_en_000299_0.png,english,forms,train,train
ar_en_000894.png,english,acts_rules,train,train
np_hi_000079_1.png,hindi,newspaper,val,train
qp_hi_000500_0.png,hindi,question_paper,train,train
nt_hi_000350_1.png,hindi,notice,train,train
ar_en_000747.png,english,acts_rules,train,train
nt_mr_000157.png,marathi,notice,train,train
ar_mr_000101_0.png,marathi,acts_rules,train,train
fm_hi_000785_1.png,hindi,forms,train,train
np_en_000322_1.png,english,newspaper,train,train
fm_hi_000352_1.png,hindi,forms,train,train
fm_en_000021_0.png,english,forms,train,train
np_mr_000066_1.png,marathi,newspaper,train,train
ar_mr_001001_1.png,marathi,acts_rules,train,train
np_en_000283_1.png,english,newspaper,train,train
np_en_000423_1.png,english,newspaper,train,train
fm_hi_000128_0.png,hindi,forms,train,train
qp_mr_000654_1.png,marathi,question_paper,train,train
ar_en_000335.png,english,acts_rules,train,train
ar_en_000593.png,english,acts_rules,train,train
ar_mr_000899_1.png,marathi,acts_rules,test,train
np_mr_000350_1.png,marathi,newspaper,val,train
qp_hi_000611_0.png,hindi,question_paper,train,train
nt_en_000201_1.png,english,notice,train,train
fm_mr_000081_0.png,marathi,forms,train,train
fm_hi_000540_1.png,hindi,forms,train,train
nt_en_000270_1.png,english,notice,train,train
ar_hi_000537_1.png,hindi,acts_rules,train,train
nt_hi_000081_0.png,hindi,notice,train,train
fm_hi_000032_0.png,hindi,forms,train,train
qp_hi_000795_0.png,hindi,question_paper,train,train
ar_en_000016.png,english,acts_rules,train,train
nt_mr_000565.png,marathi,notice,train,train
qp_mr_000652_1.png,marathi,question_paper,train,train
qp_hi_000550_0.png,hindi,question_paper,test,train
ar_en_000101.png,english,acts_rules,train,train
fm_en_000579_0.png,english,forms,train,train
nt_mr_000076.png,marathi,notice,train,train
fm_en_000566_0.png,english,forms,train,train
fm_mr_000393_0.png,marathi,forms,val,train
ar_hi_000290_0.png,hindi,acts_rules,train,train
fm_en_000285_0.png,english,forms,train,train
nt_hi_000463_1.png,hindi,notice,train,train
ar_mr_000348_0.png,marathi,acts_rules,train,train
nt_en_000222_1.png,english,notice,val,train
nt_hi_000375_1.png,hindi,notice,train,train
nt_hi_000231_0.png,hindi,notice,train,train
fm_hi_000620_1.png,hindi,forms,train,train
np_en_000464_1.png,english,newspaper,train,train
qp_mr_000683_1.png,marathi,question_paper,val,train
nt_en_000073_1.png,english,notice,train,train
qp_hi_000499_0.png,hindi,question_paper,test,train
ar_hi_000490_1.png,hindi,acts_rules,train,train
ar_hi_000002_0.png,hindi,acts_rules,train,train
ar_en_001480.png,english,acts_rules,test,train
ar_mr_000309_0.png,marathi,acts_rules,train,train
fm_hi_000636_1.png,hindi,forms,val,train
fm_hi_000770_1.png,hindi,forms,val,train
np_en_000284_1.png,english,newspaper,train,train
ar_hi_000060_0.png,hindi,acts_rules,train,train
ar_hi_000401_1.png,hindi,acts_rules,train,train
fm_hi_000795_1.png,hindi,forms,train,train
nt_mr_000209.png,marathi,notice,train,train
ar_en_001372.png,english,acts_rules,train,train
nt_en_000415_1.png,english,notice,train,train
np_en_000197_0.png,english,newspaper,train,train
nt_en_000187_1.png,english,notice,train,train
np_en_000236_1.png,english,newspaper,train,train
qp_hi_000194_0.png,hindi,question_paper,train,train
nt_mr_000214.png,marathi,notice,train,train
np_mr_000341_1.png,marathi,newspaper,train,train
qp_mr_000582_1.png,marathi,question_paper,train,train
nt_hi_000268_0.png,hindi,notice,train,train
np_mr_000443_1.png,marathi,newspaper,train,train
ar_en_001251.png,english,acts_rules,test,train
ar_hi_000052_0.png,hindi,acts_rules,train,train
nt_en_000131_1.png,english,notice,train,train
ar_mr_000744_1.png,marathi,acts_rules,test,train
ar_en_000388.png,english,acts_rules,train,train
fm_hi_000517_1.png,hindi,forms,train,train
ar_mr_000056_0.png,marathi,acts_rules,val,train
ar_mr_000968_1.png,marathi,acts_rules,train,train
qp_hi_000608_0.png,hindi,question_paper,train,train
nt_en_000391_1.png,english,notice,train,train
qp_hi_000825_0.png,hindi,question_paper,train,train
nt_hi_000458_1.png,hindi,notice,val,train
np_mr_000476_1.png,marathi,newspaper,train,train
ar_mr_000361_0.png,marathi,acts_rules,train,train
ar_mr_000149_0.png,marathi,acts_rules,train,train
nt_hi_000388_1.png,hindi,notice,train,train
ar_mr_000466_0.png,marathi,acts_rules,train,train
nt_mr_000161.png,marathi,notice,train,train
fm_en_000486_0.png,english,forms,test,train
qp_mr_000485_1.png,marathi,question_paper,train,train
ar_en_001290.png,english,acts_rules,train,train
ar_mr_000643_1.png,marathi,acts_rules,train,train
ar_en_001173.png,english,acts_rules,train,train
fm_en_000186_0.png,english,forms,train,train
ar_mr_000940_1.png,marathi,acts_rules,train,train
ar_en_001423.png,english,acts_rules,train,train
np_en_000480_1.png,english,newspaper,train,train
qp_mr_000677_1.png,marathi,question_paper,train,train
np_mr_000152_1.png,marathi,newspaper,train,train
fm_en_000584_0.png,english,forms,train,train
qp_hi_000737_0.png,hindi,question_paper,train,train
fm_en_000148_0.png,english,forms,train,train
ar_mr_000894_1.png,marathi,acts_rules,train,train
nt_en_000307_1.png,english,notice,train,train
np_mr_000313_1.png,marathi,newspaper,train,train
qp_hi_000656_0.png,hindi,question_paper,train,train
ar_en_000216.png,english,acts_rules,test,train
nt_hi_000462_1.png,hindi,notice,test,train
fm_hi_000545_1.png,hindi,forms,train,train
ar_mr_000617_1.png,marathi,acts_rules,train,train
ar_hi_000554_1.png,hindi,acts_rules,train,train
np_en_000263_1.png,english,newspaper,train,train
np_hi_000207_1.png,hindi,newspaper,val,train
nt_en_000143_1.png,english,notice,train,train
ar_en_000661.png,english,acts_rules,val,train
fm_hi_000763_1.png,hindi,forms,train,train
nt_hi_000533_1.png,hindi,notice,train,train
ar_en_000370.png,english,acts_rules,test,train
ar_en_001481.png,english,acts_rules,val,train
np_en_000459_1.png,english,newspaper,test,train
ar_mr_000692_1.png,marathi,acts_rules,test,train
ar_hi_000412_1.png,hindi,acts_rules,test,train
nt_hi_000230_0.png,hindi,notice,train,train
nt_mr_000721.png,marathi,notice,train,train
fm_en_000407_0.png,english,forms,train,train
ar_hi_000591_1.png,hindi,acts_rules,train,train
ar_en_000469.png,english,acts_rules,train,train
fm_hi_000610_1.png,hindi,forms,train,train
qp_mr_000171_0.png,marathi,question_paper,train,train
ar_en_000408.png,english,acts_rules,test,train
qp_mr_000108_0.png,marathi,question_paper,train,train
qp_mr_000404_1.png,marathi,question_paper,val,train
np_hi_000483_1.png,hindi,newspaper,val,train
ar_hi_000338_0.png,hindi,acts_rules,train,train
qp_mr_000661_1.png,marathi,question_paper,train,train
np_en_000189_0.png,english,newspaper,train,train
np_mr_000429_1.png,marathi,newspaper,train,train
qp_mr_000408_1.png,marathi,question_paper,train,train
nt_en_000041_1.png,english,notice,train,train
qp_mr_000214_0.png,marathi,question_paper,train,train
nt_mr_000297.png,marathi,notice,train,train
ar_en_000777.png,english,acts_rules,val,train
qp_hi_000324_0.png,hindi,question_paper,train,train
ar_en_000595.png,english,acts_rules,test,train
np_mr_000049_1.png,marathi,newspaper,train,train
nt_en_000530_1.png,english,notice,train,train
nt_hi_000373_1.png,hindi,notice,train,train
ar_en_001424.png,english,acts_rules,train,train
ar_mr_000675_1.png,marathi,acts_rules,train,train
ar_mr_000086_0.png,marathi,acts_rules,test,train
fm_en_000225_0.png,english,forms,val,train
nt_hi_000358_1.png,hindi,notice,train,train
nt_mr_000702.png,marathi,notice,train,train
nt_hi_000558_1.png,hindi,notice,train,train
qp_mr_000442_1.png,marathi,question_paper,train,train
nt_en_000544_1.png,english,notice,test,train
nt_hi_000194_0.png,hindi,notice,val,train
qp_hi_000809_0.png,hindi,question_paper,train,train
ar_en_001351.png,english,acts_rules,train,train
nt_hi_000158_0.png,hindi,notice,test,train
nt_mr_000280.png,marathi,notice,train,train
np_mr_000184_1.png,marathi,newspaper,train,train
nt_hi_000594_1.png,hindi,notice,train,train
ar_en_000564.png,english,acts_rules,train,train
nt_en_000527_1.png,english,notice,train,train
qp_mr_000668_1.png,marathi,question_paper,test,train
np_hi_000074_1.png,hindi,newspaper,train,train
np_hi_000440_1.png,hindi,newspaper,train,train
fm_hi_000001_0.png,hindi,forms,train,train
fm_mr_000620_1.png,marathi,forms,train,train
fm_mr_000581_1.png,marathi,forms,train,train
ar_en_001314.png,english,acts_rules,train,train
ar_en_001432.png,english,acts_rules,train,train
nt_hi_000174_0.png,hindi,notice,train,train
ar_en_001165.png,english,acts_rules,val,train
fm_en_000562_0.png,english,forms,val,train
ar_en_001149.png,english,acts_rules,train,train
qp_mr_000685_1.png,marathi,question_paper,train,train
ar_mr_000613_1.png,marathi,acts_rules,train,train
np_hi_000007_1.png,hindi,newspaper,train,train
np_hi_000522_1.png,hindi,newspaper,train,train
np_hi_000407_1.png,hindi,newspaper,train,train
ar_en_000109.png,english,acts_rules,train,train
nt_en_000111_1.png,english,notice,train,train
qp_mr_000463_1.png,marathi,question_paper,train,train
fm_mr_000075_0.png,marathi,forms,train,train
nt_hi_000180_0.png,hindi,notice,train,train
ar_en_001490.png,english,acts_rules,train,train
fm_mr_000432_0.png,marathi,forms,train,train
nt_mr_000335.png,marathi,notice,train,train
fm_hi_000184_0.png,hindi,forms,train,train
fm_hi_000090_0.png,hindi,forms,val,train
nt_mr_000780.png,marathi,notice,train,train
nt_mr_000558.png,marathi,notice,train,train
fm_hi_000177_0.png,hindi,forms,train,train
qp_mr_000432_1.png,marathi,question_paper,train,train
fm_mr_000436_0.png,marathi,forms,train,train
nt_mr_000390.png,marathi,notice,train,train
ar_en_000098.png,english,acts_rules,train,train
fm_mr_000048_0.png,marathi,forms,train,train
nt_mr_000414.png,marathi,notice,train,train
np_en_000336_1.png,english,newspaper,train,train
qp_hi_000640_0.png,hindi,question_paper,train,train
nt_en_000465_1.png,english,notice,train,train
ar_mr_000901_1.png,marathi,acts_rules,train,train
fm_hi_000474_1.png,hindi,forms,train,train
qp_mr_000058_0.png,marathi,question_paper,train,train
ar_en_000184.png,english,acts_rules,train,train
qp_mr_000441_1.png,marathi,question_paper,train,train
nt_mr_000180.png,marathi,notice,val,train
nt_en_000366_1.png,english,notice,val,train
ar_en_000127.png,english,acts_rules,train,train
np_hi_000243_1.png,hindi,newspaper,train,train
qp_hi_000712_0.png,hindi,question_paper,train,train
qp_hi_000071_0.png,hindi,question_paper,train,train
ar_mr_000513_0.png,marathi,acts_rules,train,train
nt_hi_000579_1.png,hindi,notice,train,train
np_mr_000489_1.png,marathi,newspaper,train,train
ar_en_000221.png,english,acts_rules,train,train
qp_hi_000166_0.png,hindi,question_paper,train,train
nt_en_000225_1.png,english,notice,train,train
nt_hi_000033_0.png,hindi,notice,train,train
qp_hi_000047_0.png,hindi,question_paper,train,train
np_en_000538_1.png,english,newspaper,train,train
np_mr_000097_1.png,marathi,newspaper,train,train
qp_mr_000418_1.png,marathi,question_paper,train,train
ar_en_000699.png,english,acts_rules,train,train
ar_en_000459.png,english,acts_rules,train,train
ar_en_000450.png,english,acts_rules,test,train
ar_mr_000405_0.png,marathi,acts_rules,val,train
nt_hi_000381_1.png,hindi,notice,train,train
ar_hi_000500_1.png,hindi,acts_rules,val,train
nt_mr_000741.png,marathi,notice,train,train
ar_mr_000252_0.png,marathi,acts_rules,val,train
fm_mr_000512_1.png,marathi,forms,test,train
ar_hi_000339_0.png,hindi,acts_rules,train,train
ar_hi_000240_0.png,hindi,acts_rules,val,train
qp_hi_000409_0.png,hindi,question_paper,train,train
nt_mr_000255.png,marathi,notice,train,train
ar_mr_000991_1.png,marathi,acts_rules,train,train
ar_en_000617.png,english,acts_rules,train,train
np_mr_000395_1.png,marathi,newspaper,train,train
nt_hi_000486_1.png,hindi,notice,train,train
qp_mr_000648_1.png,marathi,question_paper,train,train
ar_hi_000617_1.png,hindi,acts_rules,train,train
np_mr_000140_1.png,marathi,newspaper,train,train
fm_mr_000103_0.png,marathi,forms,train,train
nt_en_000546_1.png,english,notice,val,train
qp_mr_000215_0.png,marathi,question_paper,val,train
ar_en_000496.png,english,acts_rules,train,train
nt_mr_000719.png,marathi,notice,train,train
np_mr_000282_1.png,marathi,newspaper,val,train
np_en_000036_0.png,english,newspaper,train,train
qp_hi_000024_0.png,hindi,question_paper,train,train
ar_hi_000562_1.png,hindi,acts_rules,train,train
fm_mr_000374_0.png,marathi,forms,train,train
np_hi_000257_1.png,hindi,newspaper,train,train
ar_mr_000006_0.png,marathi,acts_rules,train,train
ar_hi_000663_1.png,hindi,acts_rules,train,train
nt_mr_000752.png,marathi,notice,train,train
qp_mr_000052_0.png,marathi,question_paper,train,train
fm_mr_000087_0.png,marathi,forms,train,train
ar_en_000364.png,english,acts_rules,train,train
qp_hi_000011_0.png,hindi,question_paper,train,train
qp_mr_000103_0.png,marathi,question_paper,val,train
ar_mr_000690_1.png,marathi,acts_rules,test,train
fm_mr_000506_1.png,marathi,forms,train,train
ar_hi_000154_0.png,hindi,acts_rules,train,train
fm_mr_000571_1.png,marathi,forms,train,train
ar_en_000529.png,english,acts_rules,train,train
ar_mr_000491_0.png,marathi,acts_rules,train,train
np_mr_000264_1.png,marathi,newspaper,train,train
qp_mr_000682_1.png,marathi,question_paper,train,train
fm_en_000503_0.png,english,forms,train,train
ar_en_001016.png,english,acts_rules,test,train
ar_hi_000443_1.png,hindi,acts_rules,test,train
fm_hi_000747_1.png,hindi,forms,train,train
nt_hi_000055_0.png,hindi,notice,train,train
ar_hi_000664_1.png,hindi,acts_rules,train,train
nt_mr_000373.png,marathi,notice,val,train
ar_en_000925.png,english,acts_rules,train,train
nt_hi_000018_0.png,hindi,notice,train,train
fm_hi_000738_1.png,hindi,forms,train,train
nt_hi_000013_0.png,hindi,notice,train,train
ar_mr_000982_1.png,marathi,acts_rules,val,train
ar_hi_000400_1.png,hindi,acts_rules,train,train
ar_mr_000966_1.png,marathi,acts_rules,train,train
np_mr_000266_1.png,marathi,newspaper,train,train
nt_en_000135_1.png,english,notice,test,train
fm_mr_000251_0.png,marathi,forms,train,train
ar_mr_000543_0.png,marathi,acts_rules,test,train
qp_hi_000592_0.png,hindi,question_paper,train,train
qp_hi_000732_0.png,hindi,question_paper,train,train
ar_en_000146.png,english,acts_rules,train,train
np_hi_000475_1.png,hindi,newspaper,val,train
qp_hi_000800_0.png,hindi,question_paper,train,train
nt_en_000324_1.png,english,notice,train,train
nt_hi_000392_1.png,hindi,notice,train,train
nt_en_000277_1.png,english,notice,train,train
ar_en_001331.png,english,acts_rules,train,train
fm_en_000066_0.png,english,forms,test,train
ar_hi_000207_0.png,hindi,acts_rules,train,train
qp_hi_000586_0.png,hindi,question_paper,train,train
qp_hi_000304_0.png,hindi,question_paper,test,train
ar_en_000812.png,english,acts_rules,train,train
np_hi_000494_1.png,hindi,newspaper,train,train
qp_hi_000530_0.png,hindi,question_paper,train,train
ar_en_000789.png,english,acts_rules,train,train
ar_mr_000248_0.png,marathi,acts_rules,train,train
ar_en_000187.png,english,acts_rules,train,train
qp_hi_000204_0.png,hindi,question_paper,train,train
ar_mr_000227_0.png,marathi,acts_rules,train,train
np_mr_000197_1.png,marathi,newspaper,train,train
ar_hi_000262_0.png,hindi,acts_rules,train,train
fm_hi_000712_1.png,hindi,forms,train,train
fm_mr_000382_0.png,marathi,forms,train,train
nt_mr_000459.png,marathi,notice,train,train
nt_hi_000066_0.png,hindi,notice,test,train
np_mr_000225_1.png,marathi,newspaper,test,train
nt_en_000207_1.png,english,notice,train,train
ar_en_000069.png,english,acts_rules,train,train
np_mr_000119_1.png,marathi,newspaper,train,train
ar_en_000816.png,english,acts_rules,train,train
qp_hi_000264_0.png,hindi,question_paper,train,train
np_hi_000261_1.png,hindi,newspaper,val,train
np_mr_000190_1.png,marathi,newspaper,val,train
ar_en_000007.png,english,acts_rules,train,train
ar_mr_000193_0.png,marathi,acts_rules,val,train
np_mr_000086_1.png,marathi,newspaper,train,train
np_mr_000070_1.png,marathi,newspaper,train,train
ar_mr_000713_1.png,marathi,acts_rules,train,train
ar_mr_000619_1.png,marathi,acts_rules,train,train
qp_mr_000336_1.png,marathi,question_paper,train,train
nt_mr_000468.png,marathi,notice,train,train
nt_en_000419_1.png,english,notice,train,train
ar_en_000356.png,english,acts_rules,train,train
nt_hi_000566_1.png,hindi,notice,train,train
np_en_000356_1.png,english,newspaper,train,train
qp_mr_000309_1.png,marathi,question_paper,train,train
fm_hi_000261_1.png,hindi,forms,train,train
qp_mr_000645_1.png,marathi,question_paper,train,train
ar_en_001414.png,english,acts_rules,train,train
ar_hi_000524_1.png,hindi,acts_rules,train,train
fm_hi_000220_0.png,hindi,forms,train,train
nt_en_000361_1.png,english,notice,train,train
fm_hi_000745_1.png,hindi,forms,train,train
ar_hi_000271_0.png,hindi,acts_rules,train,train
np_en_000444_1.png,english,newspaper,train,train
ar_en_000008.png,english,acts_rules,train,train
fm_en_000476_0.png,english,forms,val,train
nt_en_000451_1.png,english,notice,train,train
np_mr_000344_1.png,marathi,newspaper,train,train
qp_hi_000746_0.png,hindi,question_paper,train,train
ar_mr_000107_0.png,marathi,acts_rules,train,train
qp_mr_000339_1.png,marathi,question_paper,train,train
nt_en_000168_1.png,english,notice,train,train
fm_mr_000208_0.png,marathi,forms,train,train
ar_hi_000362_1.png,hindi,acts_rules,train,train
ar_hi_000584_1.png,hindi,acts_rules,train,train
ar_hi_000659_1.png,hindi,acts_rules,train,train
ar_en_001106.png,english,acts_rules,train,train
ar_en_000745.png,english,acts_rules,train,train
ar_mr_001055_1.png,marathi,acts_rules,train,train
fm_en_000125_0.png,english,forms,train,train
fm_hi_000311_1.png,hindi,forms,train,train
fm_hi_000118_0.png,hindi,forms,train,train
ar_mr_000232_0.png,marathi,acts_rules,train,train
ar_hi_000552_1.png,hindi,acts_rules,train,train
np_mr_000450_1.png,marathi,newspaper,val,train
nt_en_000182_1.png,english,notice,train,train
qp_hi_000875_0.png,hindi,question_paper,train,train
fm_hi_000613_1.png,hindi,forms,train,train
nt_hi_000333_1.png,hindi,notice,val,train
fm_hi_000034_0.png,hindi,forms,train,train
fm_hi_000529_1.png,hindi,forms,train,train
np_hi_000026_1.png,hindi,newspaper,train,train
nt_mr_000607.png,marathi,notice,train,train
ar_en_000200.png,english,acts_rules,train,train
ar_en_001178.png,english,acts_rules,val,train
qp_hi_000849_0.png,hindi,question_paper,train,train
fm_en_000298_0.png,english,forms,train,train
qp_mr_000565_1.png,marathi,question_paper,train,train
nt_mr_000513.png,marathi,notice,val,train
nt_mr_000370.png,marathi,notice,train,train
np_hi_000248_1.png,hindi,newspaper,train,train
ar_mr_000230_0.png,marathi,acts_rules,train,train
fm_hi_000658_1.png,hindi,forms,test,train
nt_hi_000041_0.png,hindi,notice,train,train
qp_hi_000835_0.png,hindi,question_paper,train,train
ar_hi_000310_0.png,hindi,acts_rules,train,train
fm_mr_000282_0.png,marathi,forms,val,train
nt_en_000252_1.png,english,notice,train,train
fm_mr_000491_1.png,marathi,forms,train,train
qp_mr_000048_0.png,marathi,question_paper,val,train
fm_mr_000137_0.png,marathi,forms,train,train
qp_mr_000197_0.png,marathi,question_paper,train,train
np_hi_000241_1.png,hindi,newspaper,train,train
ar_en_000542.png,english,acts_rules,train,train
ar_hi_000667_1.png,hindi,acts_rules,train,train
np_en_000026_0.png,english,newspaper,train,train
ar_en_001392.png,english,acts_rules,train,train
ar_en_000457.png,english,acts_rules,train,train
fm_hi_000049_0.png,hindi,forms,train,train
fm_en_000530_0.png,english,forms,train,train
fm_en_000496_0.png,english,forms,val,train
np_mr_000085_1.png,marathi,newspaper,train,train
fm_en_000256_0.png,english,forms,train,train
ar_mr_000596_1.png,marathi,acts_rules,train,train
ar_hi_000394_1.png,hindi,acts_rules,val,train
ar_hi_000431_1.png,hindi,acts_rules,train,train
qp_hi_000385_0.png,hindi,question_paper,train,train
qp_hi_000571_0.png,hindi,question_paper,train,train
ar_mr_000516_0.png,marathi,acts_rules,val,train
fm_hi_000451_1.png,hindi,forms,train,train
ar_hi_000424_1.png,hindi,acts_rules,train,train
np_en_000254_1.png,english,newspaper,train,train
fm_mr_000403_0.png,marathi,forms,train,train
np_en_000442_1.png,english,newspaper,train,train
fm_hi_000726_1.png,hindi,forms,test,train
fm_mr_000025_0.png,marathi,forms,train,train
fm_hi_000334_1.png,hindi,forms,train,train
ar_hi_000238_0.png,hindi,acts_rules,train,train
ar_hi_000569_1.png,hindi,acts_rules,train,train
ar_hi_000051_0.png,hindi,acts_rules,train,train
nt_mr_000049.png,marathi,notice,train,train
ar_mr_000889_1.png,marathi,acts_rules,train,train
nt_hi_000169_0.png,hindi,notice,train,train
ar_en_001289.png,english,acts_rules,train,train
nt_en_000456_1.png,english,notice,train,train
qp_mr_000596_1.png,marathi,question_paper,train,train
np_mr_000267_1.png,marathi,newspaper,train,train
qp_hi_000689_0.png,hindi,question_paper,train,train
np_mr_000260_1.png,marathi,newspaper,train,train
np_en_000479_1.png,english,newspaper,train,train
ar_hi_000689_1.png,hindi,acts_rules,train,train
ar_mr_001080_1.png,marathi,acts_rules,train,train
np_en_000539_1.png,english,newspaper,train,train
nt_hi_000095_0.png,hindi,notice,train,train
ar_en_000611.png,english,acts_rules,train,train
np_hi_000346_1.png,hindi,newspaper,train,train
fm_hi_000098_0.png,hindi,forms,train,train
np_hi_000132_1.png,hindi,newspaper,train,train
ar_en_000980.png,english,acts_rules,train,train
ar_mr_000428_0.png,marathi,acts_rules,train,train
ar_en_000334.png,english,acts_rules,train,train
ar_hi_000162_0.png,hindi,acts_rules,train,train
ar_en_000815.png,english,acts_rules,train,train
np_en_000201_0.png,english,newspaper,val,train
ar_en_000378.png,english,acts_rules,train,train
np_en_000229_1.png,english,newspaper,val,train
np_mr_000106_1.png,marathi,newspaper,train,train
ar_en_000822.png,english,acts_rules,train,train
np_hi_000318_1.png,hindi,newspaper,test,train
qp_hi_000463_0.png,hindi,question_paper,test,train
qp_hi_000653_0.png,hindi,question_paper,train,train
ar_en_001020.png,english,acts_rules,val,train
ar_hi_000347_0.png,hindi,acts_rules,train,train
nt_en_000502_1.png,english,notice,test,train
ar_mr_000954_1.png,marathi,acts_rules,train,train
ar_en_000345.png,english,acts_rules,train,train
fm_hi_000367_1.png,hindi,forms,train,train
qp_mr_000487_1.png,marathi,question_paper,train,train
qp_hi_000364_0.png,hindi,question_paper,test,train
fm_mr_000594_1.png,marathi,forms,train,train
fm_en_000283_0.png,english,forms,train,train
qp_hi_000299_0.png,hindi,question_paper,train,train
np_hi_000133_1.png,hindi,newspaper,val,train
ar_en_000355.png,english,acts_rules,train,train
ar_en_000454.png,english,acts_rules,train,train
fm_hi_000282_1.png,hindi,forms,train,train
fm_en_000565_0.png,english,forms,train,train
np_mr_000110_1.png,marathi,newspaper,train,train
fm_mr_000201_0.png,marathi,forms,train,train
nt_hi_000324_1.png,hindi,notice,train,train
ar_en_000956.png,english,acts_rules,train,train
fm_hi_000073_0.png,hindi,forms,train,train
np_hi_000384_1.png,hindi,newspaper,train,train
ar_mr_000916_1.png,marathi,acts_rules,train,train
qp_hi_000600_0.png,hindi,question_paper,train,train
qp_mr_000498_1.png,marathi,question_paper,train,train
nt_en_000304_1.png,english,notice,train,train
ar_mr_000051_0.png,marathi,acts_rules,train,train
ar_hi_000181_0.png,hindi,acts_rules,test,train
fm_mr_000636_1.png,marathi,forms,train,train
fm_hi_000205_0.png,hindi,forms,test,train
ar_hi_000638_1.png,hindi,acts_rules,test,train
fm_mr_000290_0.png,marathi,forms,train,train
fm_en_000434_0.png,english,forms,train,train
np_mr_000096_1.png,marathi,newspaper,train,train
ar_hi_000282_0.png,hindi,acts_rules,train,train
fm_hi_000397_1.png,hindi,forms,val,train
ar_mr_000496_0.png,marathi,acts_rules,train,train
np_hi_000201_1.png,hindi,newspaper,train,train
np_en_000267_1.png,english,newspaper,test,train
nt_mr_000182.png,marathi,notice,train,train
qp_hi_000186_0.png,hindi,question_paper,test,train
nt_hi_000160_0.png,hindi,notice,train,train
np_hi_000121_1.png,hindi,newspaper,train,train
ar_mr_000712_1.png,marathi,acts_rules,test,train
nt_mr_000325.png,marathi,notice,train,train
np_en_000379_1.png,english,newspaper,val,train
np_mr_000146_1.png,marathi,newspaper,train,train
fm_mr_000233_0.png,marathi,forms,train,train
nt_hi_000543_1.png,hindi,notice,train,train
qp_mr_000552_1.png,marathi,question_paper,train,train
fm_mr_000355_0.png,marathi,forms,test,train
np_hi_000092_1.png,hindi,newspaper,val,train
ar_mr_000375_0.png,marathi,acts_rules,train,train
qp_hi_000064_0.png,hindi,question_paper,train,train
np_en_000216_1.png,english,newspaper,test,train
qp_hi_000453_0.png,hindi,question_paper,train,train
qp_mr_000604_1.png,marathi,question_paper,train,train
ar_en_001487.png,english,acts_rules,val,train
fm_en_000119_0.png,english,forms,test,train
qp_mr_000099_0.png,marathi,question_paper,test,train
nt_hi_000416_1.png,hindi,notice,train,train
ar_mr_000577_0.png,marathi,acts_rules,val,train
ar_mr_000875_1.png,marathi,acts_rules,train,train
qp_hi_000039_0.png,hindi,question_paper,train,train
nt_en_000177_1.png,english,notice,train,train
qp_hi_000870_0.png,hindi,question_paper,train,train
qp_mr_000647_1.png,marathi,question_paper,train,train
ar_hi_000486_1.png,hindi,acts_rules,train,train
ar_hi_000035_0.png,hindi,acts_rules,val,train
qp_mr_000684_1.png,marathi,question_paper,val,train
fm_en_000034_0.png,english,forms,train,train
nt_mr_000614.png,marathi,notice,train,train
np_en_000450_1.png,english,newspaper,train,train
nt_mr_000008.png,marathi,notice,train,train
fm_en_000445_0.png,english,forms,train,train
qp_hi_000410_0.png,hindi,question_paper,test,train
fm_hi_000037_0.png,hindi,forms,val,train
qp_hi_000724_0.png,hindi,question_paper,train,train
np_mr_000218_1.png,marathi,newspaper,train,train
nt_hi_000167_0.png,hindi,notice,train,train
qp_hi_000191_0.png,hindi,question_paper,train,train
ar_mr_000201_0.png,marathi,acts_rules,train,train
fm_en_000206_0.png,english,forms,train,train
fm_en_000026_0.png,english,forms,train,train
fm_mr_000125_0.png,marathi,forms,train,train
nt_hi_000495_1.png,hindi,notice,train,train
nt_en_000448_1.png,english,notice,train,train
nt_en_000552_1.png,english,notice,test,train
ar_en_000687.png,english,acts_rules,test,train
fm_hi_000257_1.png,hindi,forms,train,train
fm_mr_000014_0.png,marathi,forms,train,train
nt_mr_000777.png,marathi,notice,val,train
nt_hi_000389_1.png,hindi,notice,train,train
qp_hi_000327_0.png,hindi,question_paper,train,train
np_hi_000042_1.png,hindi,newspaper,train,train
np_en_000258_1.png,english,newspaper,train,train
nt_en_000482_1.png,english,notice,train,train
fm_en_000205_0.png,english,forms,val,train
ar_en_001166.png,english,acts_rules,train,train
ar_mr_000493_0.png,marathi,acts_rules,train,train
np_en_000215_1.png,english,newspaper,train,train
ar_mr_000422_0.png,marathi,acts_rules,train,train
nt_mr_000423.png,marathi,notice,train,train
nt_mr_000575.png,marathi,notice,train,train
ar_en_000503.png,english,acts_rules,train,train
ar_en_000916.png,english,acts_rules,train,train
nt_hi_000530_1.png,hindi,notice,test,train
fm_hi_000244_0.png,hindi,forms,train,train
qp_mr_000594_1.png,marathi,question_paper,test,train
np_hi_000510_1.png,hindi,newspaper,train,train
ar_en_000367.png,english,acts_rules,train,train
fm_mr_000533_1.png,marathi,forms,train,train
ar_mr_000620_1.png,marathi,acts_rules,train,train
qp_mr_000583_1.png,marathi,question_paper,train,train
np_en_000006_0.png,english,newspaper,train,train
fm_hi_000465_1.png,hindi,forms,train,train
nt_en_000472_1.png,english,notice,test,train
np_mr_000170_1.png,marathi,newspaper,train,train
np_en_000370_1.png,english,newspaper,val,train
ar_en_000259.png,english,acts_rules,train,train
qp_mr_000164_0.png,marathi,question_paper,train,train
fm_mr_000116_0.png,marathi,forms,train,train
np_en_000101_0.png,english,newspaper,train,train
np_en_000137_0.png,english,newspaper,train,train
ar_hi_000285_0.png,hindi,acts_rules,train,train
ar_hi_000039_0.png,hindi,acts_rules,train,train
fm_mr_000345_0.png,marathi,forms,val,train
np_mr_000343_1.png,marathi,newspaper,train,train
qp_mr_000651_1.png,marathi,question_paper,train,train
ar_mr_000879_1.png,marathi,acts_rules,train,train
qp_hi_000897_0.png,hindi,question_paper,train,train
np_mr_000338_1.png,marathi,newspaper,train,train
nt_mr_000380.png,marathi,notice,train,train
ar_en_000497.png,english,acts_rules,train,train
np_mr_000187_1.png,marathi,newspaper,train,train
nt_mr_000705.png,marathi,notice,train,train
nt_mr_000312.png,marathi,notice,train,train
qp_mr_000468_1.png,marathi,question_paper,train,train
qp_hi_000830_0.png,hindi,question_paper,train,train
fm_hi_000095_0.png,hindi,forms,val,train
qp_hi_000035_0.png,hindi,question_paper,train,train
fm_hi_000577_1.png,hindi,forms,train,train
ar_en_000204.png,english,acts_rules,train,train
np_hi_000011_1.png,hindi,newspaper,train,train
ar_mr_000626_1.png,marathi,acts_rules,train,train
nt_mr_000139.png,marathi,notice,train,train
fm_en_000422_0.png,english,forms,train,train
fm_mr_000550_1.png,marathi,forms,train,train
fm_hi_000707_1.png,hindi,forms,test,train
fm_mr_000217_0.png,marathi,forms,train,train
nt_mr_000443.png,marathi,notice,train,train
fm_mr_000227_0.png,marathi,forms,train,train
ar_mr_001030_1.png,marathi,acts_rules,train,train
fm_mr_000440_0.png,marathi,forms,train,train
np_mr_000364_1.png,marathi,newspaper,test,train
qp_hi_000814_0.png,hindi,question_paper,train,train
qp_hi_000334_0.png,hindi,question_paper,train,train
fm_mr_000573_1.png,marathi,forms,train,train
ar_en_001186.png,english,acts_rules,train,train
np_hi_000464_1.png,hindi,newspaper,train,train
qp_mr_000241_1.png,marathi,question_paper,train,train
ar_mr_000195_0.png,marathi,acts_rules,val,train
qp_mr_000416_1.png,marathi,question_paper,val,train
nt_mr_000599.png,marathi,notice,train,train
fm_mr_000521_1.png,marathi,forms,train,train
fm_mr_000246_0.png,marathi,forms,test,train
np_hi_000149_1.png,hindi,newspaper,train,train
nt_hi_000511_1.png,hindi,notice,train,train
np_en_000394_1.png,english,newspaper,train,train
ar_mr_000632_1.png,marathi,acts_rules,val,train
nt_mr_000436.png,marathi,notice,val,train
fm_hi_000165_0.png,hindi,forms,train,train
fm_en_000078_0.png,english,forms,val,train
np_en_000471_1.png,english,newspaper,train,train
ar_mr_000563_0.png,marathi,acts_rules,train,train
fm_mr_000040_0.png,marathi,forms,val,train
np_hi_000554_1.png,hindi,newspaper,test,train
ar_en_001379.png,english,acts_rules,train,train
np_hi_000277_1.png,hindi,newspaper,train,train
fm_hi_000710_1.png,hindi,forms,train,train
fm_hi_000071_0.png,hindi,forms,train,train
ar_mr_000939_1.png,marathi,acts_rules,train,train
ar_en_001039.png,english,acts_rules,train,train
ar_en_000485.png,english,acts_rules,train,train
nt_en_000103_1.png,english,notice,train,train
fm_mr_000386_0.png,marathi,forms,train,train
fm_hi_000742_1.png,hindi,forms,train,train
ar_mr_000856_1.png,marathi,acts_rules,train,train
fm_hi_000053_0.png,hindi,forms,val,train
fm_mr_000608_1.png,marathi,forms,train,train
ar_mr_000176_0.png,marathi,acts_rules,val,train
ar_hi_000336_0.png,hindi,acts_rules,train,train
ar_hi_000128_0.png,hindi,acts_rules,train,train
ar_mr_000701_1.png,marathi,acts_rules,train,train
ar_en_001387.png,english,acts_rules,train,train
ar_mr_000208_0.png,marathi,acts_rules,test,train
np_mr_000471_1.png,marathi,newspaper,train,train
ar_hi_000187_0.png,hindi,acts_rules,train,train
qp_mr_000417_1.png,marathi,question_paper,train,train
qp_hi_000241_0.png,hindi,question_paper,train,train
ar_hi_000306_0.png,hindi,acts_rules,train,train
qp_hi_000028_0.png,hindi,question_paper,train,train
nt_mr_000272.png,marathi,notice,train,train
fm_mr_000156_0.png,marathi,forms,train,train
nt_en_000345_1.png,english,notice,train,train
ar_hi_000245_0.png,hindi,acts_rules,train,train
qp_mr_000105_0.png,marathi,question_paper,train,train
np_mr_000375_1.png,marathi,newspaper,train,train
ar_en_000153.png,english,acts_rules,train,train
ar_en_001208.png,english,acts_rules,train,train
np_hi_000270_1.png,hindi,newspaper,train,train
fm_hi_000290_1.png,hindi,forms,val,train
nt_hi_000356_1.png,hindi,notice,train,train
fm_en_000452_0.png,english,forms,train,train
ar_mr_000948_1.png,marathi,acts_rules,train,train
qp_hi_000549_0.png,hindi,question_paper,val,train
ar_hi_000292_0.png,hindi,acts_rules,train,train
ar_en_000195.png,english,acts_rules,train,train
ar_en_000323.png,english,acts_rules,test,train
ar_hi_000027_0.png,hindi,acts_rules,test,train
ar_hi_000340_0.png,hindi,acts_rules,train,train
nt_en_000435_1.png,english,notice,train,train
ar_hi_000034_0.png,hindi,acts_rules,train,train
nt_mr_000748.png,marathi,notice,train,train
np_mr_000042_1.png,marathi,newspaper,train,train
np_en_000109_0.png,english,newspaper,train,train
qp_mr_000660_1.png,marathi,question_paper,test,train
np_hi_000387_1.png,hindi,newspaper,test,train
qp_mr_000574_1.png,marathi,question_paper,val,train
fm_hi_000033_0.png,hindi,forms,train,train
ar_en_000675.png,english,acts_rules,train,train
ar_en_001373.png,english,acts_rules,train,train
nt_mr_000420.png,marathi,notice,train,train
ar_en_001103.png,english,acts_rules,train,train
np_mr_000253_1.png,marathi,newspaper,train,train
qp_hi_000396_0.png,hindi,question_paper,train,train
ar_mr_000307_0.png,marathi,acts_rules,train,train
qp_mr_000032_0.png,marathi,question_paper,train,train
ar_hi_000468_1.png,hindi,acts_rules,train,train
ar_en_000432.png,english,acts_rules,train,train
fm_mr_000356_0.png,marathi,forms,val,train
fm_en_000577_0.png,english,forms,val,train
nt_hi_000237_0.png,hindi,notice,train,train
fm_hi_000640_1.png,hindi,forms,train,train
fm_mr_000280_0.png,marathi,forms,train,train
ar_hi_000006_0.png,hindi,acts_rules,train,train
nt_mr_000384.png,marathi,notice,train,train
nt_mr_000523.png,marathi,notice,test,train
qp_hi_000161_0.png,hindi,question_paper,train,train
ar_en_000289.png,english,acts_rules,train,train
ar_mr_000393_0.png,marathi,acts_rules,train,train
qp_mr_000402_1.png,marathi,question_paper,train,train
qp_hi_000504_0.png,hindi,question_paper,train,train
qp_hi_000326_0.png,hindi,question_paper,train,train
qp_hi_000368_0.png,hindi,question_paper,train,train
ar_mr_000183_0.png,marathi,acts_rules,train,train
nt_en_000403_1.png,english,notice,train,train
ar_mr_000647_1.png,marathi,acts_rules,train,train
fm_hi_000104_0.png,hindi,forms,train,train
ar_en_001488.png,english,acts_rules,train,train
qp_mr_000605_1.png,marathi,question_paper,train,train
fm_mr_000028_0.png,marathi,forms,train,train
fm_mr_000305_0.png,marathi,forms,test,train
np_mr_000001_1.png,marathi,newspaper,val,train
qp_mr_000540_1.png,marathi,question_paper,train,train
qp_hi_000547_0.png,hindi,question_paper,train,train
np_mr_000386_1.png,marathi,newspaper,train,train
ar_en_001180.png,english,acts_rules,train,train
nt_mr_000595.png,marathi,notice,train,train
ar_mr_001026_1.png,marathi,acts_rules,train,train
fm_mr_000605_1.png,marathi,forms,train,train
qp_hi_000296_0.png,hindi,question_paper,train,train
ar_en_001243.png,english,acts_rules,train,train
qp_mr_000196_0.png,marathi,question_paper,train,train
fm_mr_000508_1.png,marathi,forms,val,train
ar_mr_000725_1.png,marathi,acts_rules,train,train
ar_en_000240.png,english,acts_rules,train,train
qp_hi_000426_0.png,hindi,question_paper,train,train
ar_en_001341.png,english,acts_rules,train,train
ar_en_000683.png,english,acts_rules,train,train
nt_en_000092_1.png,english,notice,val,train
fm_mr_000368_0.png,marathi,forms,train,train
qp_mr_000538_1.png,marathi,question_paper,test,train
ar_en_000376.png,english,acts_rules,test,train
qp_mr_000068_0.png,marathi,question_paper,val,train
qp_mr_000093_0.png,marathi,question_paper,train,train
qp_mr_000515_1.png,marathi,question_paper,train,train
fm_mr_000020_0.png,marathi,forms,train,train
ar_en_001430.png,english,acts_rules,test,train
ar_en_000369.png,english,acts_rules,train,train
ar_en_000165.png,english,acts_rules,train,train
ar_mr_000040_0.png,marathi,acts_rules,train,train
qp_hi_000738_0.png,hindi,question_paper,train,train
qp_hi_000775_0.png,hindi,question_paper,val,train
fm_mr_000096_0.png,marathi,forms,train,train
ar_en_000630.png,english,acts_rules,train,train
qp_mr_000482_1.png,marathi,question_paper,val,train
np_hi_000094_1.png,hindi,newspaper,train,train
ar_mr_000634_1.png,marathi,acts_rules,train,train
np_hi_000404_1.png,hindi,newspaper,train,train
qp_mr_000679_1.png,marathi,question_paper,train,train
np_hi_000500_1.png,hindi,newspaper,train,train
ar_en_001265.png,english,acts_rules,val,train
ar_en_000141.png,english,acts_rules,val,train
np_mr_000160_1.png,marathi,newspaper,train,train
fm_hi_000418_1.png,hindi,forms,train,train
fm_mr_000502_1.png,marathi,forms,train,train
fm_mr_000004_0.png,marathi,forms,train,train
ar_mr_000198_0.png,marathi,acts_rules,train,train
np_en_000393_1.png,english,newspaper,train,train
qp_mr_000030_0.png,marathi,question_paper,train,train
qp_hi_000333_0.png,hindi,question_paper,val,train
ar_en_000827.png,english,acts_rules,train,train
qp_mr_000015_0.png,marathi,question_paper,train,train
qp_hi_000108_0.png,hindi,question_paper,train,train
ar_en_001364.png,english,acts_rules,train,train
ar_hi_000507_1.png,hindi,acts_rules,train,train
ar_en_000951.png,english,acts_rules,train,train
ar_mr_000589_1.png,marathi,acts_rules,train,train
np_hi_000159_1.png,hindi,newspaper,test,train
np_hi_000073_1.png,hindi,newspaper,train,train
fm_hi_000475_1.png,hindi,forms,train,train
ar_mr_000479_0.png,marathi,acts_rules,train,train
ar_en_000156.png,english,acts_rules,test,train
np_en_000404_1.png,english,newspaper,train,train
ar_hi_000598_1.png,hindi,acts_rules,train,train
fm_en_000053_0.png,english,forms,train,train
ar_hi_000395_1.png,hindi,acts_rules,train,train
qp_hi_000127_0.png,hindi,question_paper,train,train
ar_mr_000498_0.png,marathi,acts_rules,val,train
ar_en_000996.png,english,acts_rules,train,train
fm_en_000314_0.png,english,forms,train,train
ar_hi_000654_1.png,hindi,acts_rules,train,train
fm_en_000371_0.png,english,forms,test,train
nt_mr_000655.png,marathi,notice,train,train
nt_mr_000557.png,marathi,notice,train,train
ar_mr_000357_0.png,marathi,acts_rules,train,train
ar_en_001458.png,english,acts_rules,test,train
ar_en_000290.png,english,acts_rules,train,train
nt_mr_000678.png,marathi,notice,train,train
ar_en_001181.png,english,acts_rules,train,train
fm_en_000085_0.png,english,forms,test,train
np_en_000157_0.png,english,newspaper,train,train
np_hi_000289_1.png,hindi,newspaper,train,train
ar_en_000066.png,english,acts_rules,train,train
nt_hi_000224_0.png,hindi,notice,train,train
ar_en_001269.png,english,acts_rules,val,train
nt_mr_000221.png,marathi,notice,train,train
nt_hi_000430_1.png,hindi,notice,train,train
nt_mr_000341.png,marathi,notice,test,train
np_hi_000020_1.png,hindi,newspaper,val,train
ar_mr_000716_1.png,marathi,acts_rules,train,train
fm_mr_000519_1.png,marathi,forms,train,train
fm_en_000393_0.png,english,forms,train,train
qp_hi_000528_0.png,hindi,question_paper,train,train
np_en_000346_1.png,english,newspaper,train,train
fm_hi_000585_1.png,hindi,forms,test,train
nt_mr_000539.png,marathi,notice,train,train
fm_hi_000181_0.png,hindi,forms,train,train
np_hi_000147_1.png,hindi,newspaper,train,train
np_mr_000413_1.png,marathi,newspaper,train,train
qp_hi_000384_0.png,hindi,question_paper,train,train
ar_en_001218.png,english,acts_rules,train,train
nt_en_000287_1.png,english,notice,train,train
np_hi_000517_1.png,hindi,newspaper,train,train
np_en_000148_0.png,english,newspaper,train,train
nt_mr_000577.png,marathi,notice,train,train
ar_en_000339.png,english,acts_rules,train,train
nt_en_000037_1.png,english,notice,train,train
qp_hi_000323_0.png,hindi,question_paper,train,train
ar_en_000479.png,english,acts_rules,train,train
ar_hi_000564_1.png,hindi,acts_rules,train,train
np_en_000415_1.png,english,newspaper,train,train
fm_hi_000518_1.png,hindi,forms,train,train
ar_en_000399.png,english,acts_rules,train,train
qp_mr_000445_1.png,marathi,question_paper,train,train
fm_mr_000316_0.png,marathi,forms,train,train
fm_hi_000531_1.png,hindi,forms,train,train
fm_hi_000236_0.png,hindi,forms,train,train
ar_en_001380.png,english,acts_rules,train,train
np_hi_000255_1.png,hindi,newspaper,test,train
nt_hi_000248_0.png,hindi,notice,train,train
fm_en_000347_0.png,english,forms,train,train
nt_hi_000015_0.png,hindi,notice,train,train
ar_mr_000840_1.png,marathi,acts_rules,test,train
ar_en_001041.png,english,acts_rules,train,train
nt_en_000262_1.png,english,notice,train,train
ar_en_000518.png,english,acts_rules,train,train
nt_mr_000068.png,marathi,notice,train,train
np_en_000291_1.png,english,newspaper,train,train
fm_mr_000089_0.png,marathi,forms,train,train
qp_hi_000828_0.png,hindi,question_paper,train,train
ar_mr_000289_0.png,marathi,acts_rules,train,train
ar_mr_000542_0.png,marathi,acts_rules,test,train
fm_mr_000428_0.png,marathi,forms,train,train
nt_hi_000531_1.png,hindi,notice,val,train
fm_hi_000267_1.png,hindi,forms,train,train
ar_en_000723.png,english,acts_rules,train,train
nt_en_000370_1.png,english,notice,train,train
np_en_000525_1.png,english,newspaper,train,train
qp_mr_000511_1.png,marathi,question_paper,train,train
ar_en_001228.png,english,acts_rules,train,train
ar_en_000456.png,english,acts_rules,train,train
ar_hi_000637_1.png,hindi,acts_rules,train,train
fm_en_000308_0.png,english,forms,train,train
np_hi_000507_1.png,hindi,newspaper,train,train
qp_hi_000402_0.png,hindi,question_paper,train,train
nt_en_000082_1.png,english,notice,train,train
ar_hi_000177_0.png,hindi,acts_rules,train,train
qp_hi_000485_0.png,hindi,question_paper,train,train
ar_en_001242.png,english,acts_rules,train,train
fm_hi_000183_0.png,hindi,forms,test,train
qp_hi_000340_0.png,hindi,question_paper,train,train
ar_hi_000407_1.png,hindi,acts_rules,val,train
qp_mr_000101_0.png,marathi,question_paper,train,train
qp_mr_000503_1.png,marathi,question_paper,test,train
fm_mr_000337_0.png,marathi,forms,train,train
ar_mr_000363_0.png,marathi,acts_rules,train,train
ar_en_000455.png,english,acts_rules,train,train
nt_mr_000682.png,marathi,notice,val,train
nt_mr_000451.png,marathi,notice,train,train
ar_en_000338.png,english,acts_rules,train,train
nt_hi_000179_0.png,hindi,notice,train,train
ar_en_001074.png,english,acts_rules,train,train
nt_hi_000107_0.png,hindi,notice,train,train
qp_mr_000011_0.png,marathi,question_paper,train,train
nt_mr_000056.png,marathi,notice,test,train
ar_hi_000137_0.png,hindi,acts_rules,train,train
np_en_000315_1.png,english,newspaper,val,train
ar_mr_000381_0.png,marathi,acts_rules,train,train
nt_hi_000232_0.png,hindi,notice,train,train
nt_mr_000760.png,marathi,notice,train,train
qp_hi_000877_0.png,hindi,question_paper,train,train
ar_en_000511.png,english,acts_rules,train,train
fm_en_000389_0.png,english,forms,train,train
nt_en_000400_1.png,english,notice,train,train
nt_hi_000312_1.png,hindi,notice,train,train
nt_en_000053_1.png,english,notice,val,train
nt_mr_000107.png,marathi,notice,train,train
ar_hi_000409_1.png,hindi,acts_rules,train,train
fm_hi_000455_1.png,hindi,forms,train,train
nt_en_000471_1.png,english,notice,train,train
ar_mr_000656_1.png,marathi,acts_rules,train,train
qp_mr_000076_0.png,marathi,question_paper,train,train
fm_hi_000621_1.png,hindi,forms,train,train
fm_mr_000419_0.png,marathi,forms,test,train
qp_mr_000541_1.png,marathi,question_paper,train,train
ar_mr_000503_0.png,marathi,acts_rules,train,train
ar_en_000655.png,english,acts_rules,val,train
fm_hi_000315_1.png,hindi,forms,train,train
nt_en_000308_1.png,english,notice,train,train
ar_mr_000440_0.png,marathi,acts_rules,test,train
fm_en_000286_0.png,english,forms,train,train
np_hi_000300_1.png,hindi,newspaper,val,train
fm_mr_000477_1.png,marathi,forms,train,train
ar_mr_000308_0.png,marathi,acts_rules,train,train
ar_mr_001052_1.png,marathi,acts_rules,train,train
ar_en_000691.png,english,acts_rules,train,train
ar_en_000965.png,english,acts_rules,train,train
qp_mr_000217_0.png,marathi,question_paper,train,train
ar_mr_000945_1.png,marathi,acts_rules,train,train
qp_hi_000407_0.png,hindi,question_paper,train,train
fm_hi_000563_1.png,hindi,forms,train,train
qp_mr_000691_1.png,marathi,question_paper,train,train
nt_hi_000502_1.png,hindi,notice,train,train
np_mr_000412_1.png,marathi,newspaper,train,train
fm_en_000404_0.png,english,forms,val,train
np_mr_000290_1.png,marathi,newspaper,test,train
fm_hi_000391_1.png,hindi,forms,val,train
fm_mr_000142_0.png,marathi,forms,train,train
nt_mr_000424.png,marathi,notice,val,train
nt_en_000551_1.png,english,notice,val,train
fm_mr_000497_1.png,marathi,forms,train,train
ar_en_001148.png,english,acts_rules,train,train
ar_hi_000358_0.png,hindi,acts_rules,test,train
ar_en_000510.png,english,acts_rules,test,train
ar_en_001408.png,english,acts_rules,train,train
qp_hi_000083_0.png,hindi,question_paper,train,train
nt_en_000142_1.png,english,notice,train,train
np_mr_000103_1.png,marathi,newspaper,train,train
fm_en_000542_0.png,english,forms,train,train
np_mr_000220_1.png,marathi,newspaper,val,train
fm_hi_000452_1.png,hindi,forms,train,train
nt_mr_000295.png,marathi,notice,val,train
ar_mr_000864_1.png,marathi,acts_rules,train,train
fm_hi_000289_1.png,hindi,forms,val,train
np_mr_000446_1.png,marathi,newspaper,train,train
nt_hi_000075_0.png,hindi,notice,train,train
nt_mr_000779.png,marathi,notice,train,train
nt_hi_000453_1.png,hindi,notice,train,train
ar_en_000294.png,english,acts_rules,train,train
qp_hi_000461_0.png,hindi,question_paper,val,train
np_mr_000337_1.png,marathi,newspaper,train,train
fm_hi_000533_1.png,hindi,forms,train,train
np_en_000519_1.png,english,newspaper,train,train
qp_mr_000191_0.png,marathi,question_paper,train,train
ar_en_001150.png,english,acts_rules,test,train
np_hi_000253_1.png,hindi,newspaper,train,train
nt_hi_000293_1.png,hindi,notice,val,train
nt_mr_000560.png,marathi,notice,train,train
fm_hi_000527_1.png,hindi,forms,train,train
ar_en_000724.png,english,acts_rules,train,train
fm_en_000002_0.png,english,forms,train,train
np_en_000070_0.png,english,newspaper,test,train
ar_en_000575.png,english,acts_rules,train,train
qp_mr_000476_1.png,marathi,question_paper,train,train
qp_hi_000488_0.png,hindi,question_paper,train,train
ar_en_001391.png,english,acts_rules,train,train
nt_mr_000229.png,marathi,notice,val,train
ar_en_000114.png,english,acts_rules,train,train
nt_hi_000488_1.png,hindi,notice,val,train
qp_hi_000258_0.png,hindi,question_paper,test,train
qp_mr_000406_1.png,marathi,question_paper,train,train
qp_hi_000590_0.png,hindi,question_paper,train,train
np_hi_000451_1.png,hindi,newspaper,train,train
qp_hi_000757_0.png,hindi,question_paper,test,train
nt_mr_000677.png,marathi,notice,train,train
ar_en_000736.png,english,acts_rules,train,train
fm_hi_000343_1.png,hindi,forms,train,train
qp_hi_000803_0.png,hindi,question_paper,train,train
ar_en_000776.png,english,acts_rules,train,train
qp_hi_000750_0.png,hindi,question_paper,test,train
np_mr_000116_1.png,marathi,newspaper,train,train
fm_en_000058_0.png,english,forms,train,train
ar_hi_000178_0.png,hindi,acts_rules,train,train
np_hi_000551_1.png,hindi,newspaper,train,train
qp_mr_000169_0.png,marathi,question_paper,train,train
qp_mr_000525_1.png,marathi,question_paper,train,train
fm_mr_000482_1.png,marathi,forms,train,train
nt_mr_000308.png,marathi,notice,val,train
ar_en_000871.png,english,acts_rules,train,train
ar_en_000715.png,english,acts_rules,train,train
ar_hi_000599_1.png,hindi,acts_rules,train,train
fm_hi_000342_1.png,hindi,forms,train,train
fm_mr_000513_1.png,marathi,forms,train,train
fm_hi_000400_1.png,hindi,forms,train,train
nt_en_000240_1.png,english,notice,train,train
fm_en_000446_0.png,english,forms,train,train
nt_hi_000128_0.png,hindi,notice,train,train
np_en_000544_1.png,english,newspaper,train,train
qp_mr_000263_1.png,marathi,question_paper,train,train
nt_mr_000551.png,marathi,notice,train,train
fm_mr_000359_0.png,marathi,forms,train,train
ar_mr_000367_0.png,marathi,acts_rules,train,train
fm_mr_000186_0.png,marathi,forms,train,train
fm_hi_000564_1.png,hindi,forms,train,train
ar_en_000697.png,english,acts_rules,test,train
fm_hi_000457_1.png,hindi,forms,test,train
ar_en_000844.png,english,acts_rules,train,train
qp_hi_000502_0.png,hindi,question_paper,train,train
fm_hi_000021_0.png,hindi,forms,train,train
nt_hi_000518_1.png,hindi,notice,train,train
fm_en_000531_0.png,english,forms,train,train
nt_hi_000027_0.png,hindi,notice,train,train
ar_en_000935.png,english,acts_rules,train,train
ar_mr_000674_1.png,marathi,acts_rules,train,train
ar_en_000928.png,english,acts_rules,train,train
np_mr_000196_1.png,marathi,newspaper,train,train
nt_hi_000101_0.png,hindi,notice,test,train
nt_mr_000003.png,marathi,notice,train,train
fm_hi_000139_0.png,hindi,forms,train,train
ar_en_000756.png,english,acts_rules,train,train
np_mr_000080_1.png,marathi,newspaper,test,train
qp_hi_000700_0.png,hindi,question_paper,train,train
fm_mr_000375_0.png,marathi,forms,train,train
np_hi_000298_1.png,hindi,newspaper,train,train
ar_hi_000636_1.png,hindi,acts_rules,train,train
qp_mr_000420_1.png,marathi,question_paper,train,train
fm_en_000582_0.png,english,forms,train,train
ar_hi_000373_1.png,hindi,acts_rules,val,train
ar_mr_000229_0.png,marathi,acts_rules,test,train
nt_hi_000141_0.png,hindi,notice,test,train
ar_mr_000200_0.png,marathi,acts_rules,test,train
qp_hi_000745_0.png,hindi,question_paper,val,train
fm_hi_000070_0.png,hindi,forms,train,train
fm_en_000458_0.png,english,forms,train,train
nt_en_000474_1.png,english,notice,train,train
qp_hi_000466_0.png,hindi,question_paper,train,train
nt_en_000459_1.png,english,notice,val,train
ar_hi_000492_1.png,hindi,acts_rules,train,train
nt_en_000421_1.png,english,notice,train,train
qp_mr_000301_1.png,marathi,question_paper,train,train
fm_mr_000406_0.png,marathi,forms,test,train
nt_en_000134_1.png,english,notice,train,train
ar_mr_000215_0.png,marathi,acts_rules,train,train
nt_mr_000505.png,marathi,notice,test,train
nt_en_000014_1.png,english,notice,test,train
ar_hi_000615_1.png,hindi,acts_rules,val,train
qp_mr_000249_1.png,marathi,question_paper,train,train
fm_en_000394_0.png,english,forms,train,train
nt_mr_000494.png,marathi,notice,train,train
np_mr_000027_1.png,marathi,newspaper,train,train
qp_hi_000208_0.png,hindi,question_paper,train,train
np_mr_000198_1.png,marathi,newspaper,test,train
qp_hi_000473_0.png,hindi,question_paper,train,train
fm_hi_000212_0.png,hindi,forms,train,train
ar_hi_000283_0.png,hindi,acts_rules,train,train
np_mr_000331_1.png,marathi,newspaper,train,train
fm_hi_000481_1.png,hindi,forms,train,train
nt_hi_000247_0.png,hindi,notice,train,train
ar_en_000023.png,english,acts_rules,train,train
ar_mr_000937_1.png,marathi,acts_rules,train,train
np_hi_000455_1.png,hindi,newspaper,train,train
ar_mr_000628_1.png,marathi,acts_rules,train,train
ar_mr_000187_0.png,marathi,acts_rules,train,train
nt_mr_000519.png,marathi,notice,test,train
fm_hi_000524_1.png,hindi,forms,train,train
ar_en_000704.png,english,acts_rules,train,train
fm_hi_000078_0.png,hindi,forms,val,train
qp_mr_000563_1.png,marathi,question_paper,train,train
np_mr_000108_1.png,marathi,newspaper,train,train
ar_hi_000601_1.png,hindi,acts_rules,train,train
ar_mr_000080_0.png,marathi,acts_rules,train,train
ar_mr_000574_0.png,marathi,acts_rules,test,train
ar_hi_000504_1.png,hindi,acts_rules,train,train
np_hi_000056_1.png,hindi,newspaper,train,train
fm_mr_000330_0.png,marathi,forms,train,train
nt_mr_000636.png,marathi,notice,train,train
fm_mr_000309_0.png,marathi,forms,train,train
qp_hi_000597_0.png,hindi,question_paper,train,train
fm_mr_000504_1.png,marathi,forms,train,train
np_en_000340_1.png,english,newspaper,train,train
ar_mr_000147_0.png,marathi,acts_rules,train,train
nt_hi_000044_0.png,hindi,notice,train,train
fm_mr_000340_0.png,marathi,forms,test,train
fm_hi_000594_1.png,hindi,forms,train,train
np_hi_000504_1.png,hindi,newspaper,train,train
qp_mr_000147_0.png,marathi,question_paper,train,train
fm_mr_000084_0.png,marathi,forms,train,train
fm_hi_000161_0.png,hindi,forms,train,train
nt_en_000074_1.png,english,notice,val,train
fm_mr_000122_0.png,marathi,forms,train,train
qp_hi_000829_0.png,hindi,question_paper,train,train
np_en_000198_0.png,english,newspaper,train,train
nt_en_000407_1.png,english,notice,val,train
ar_en_000438.png,english,acts_rules,train,train
fm_hi_000425_1.png,hindi,forms,train,train
ar_en_000328.png,english,acts_rules,val,train
fm_hi_000060_0.png,hindi,forms,train,train
nt_en_000271_1.png,english,notice,train,train
qp_hi_000342_0.png,hindi,question_paper,train,train
fm_en_000361_0.png,english,forms,test,train
qp_hi_000021_0.png,hindi,question_paper,train,train
nt_mr_000121.png,marathi,notice,train,train
ar_en_000018.png,english,acts_rules,train,train
np_hi_000090_1.png,hindi,newspaper,train,train
qp_hi_000297_0.png,hindi,question_paper,train,train
fm_hi_000480_1.png,hindi,forms,train,train
ar_mr_001006_1.png,marathi,acts_rules,train,train
ar_hi_000180_0.png,hindi,acts_rules,train,train
fm_en_000284_0.png,english,forms,train,train
ar_en_001022.png,english,acts_rules,train,train
nt_hi_000261_0.png,hindi,notice,val,train
fm_mr_000522_1.png,marathi,forms,train,train
nt_en_000321_1.png,english,notice,train,train
nt_mr_000693.png,marathi,notice,train,train
qp_mr_000517_1.png,marathi,question_paper,val,train
np_en_000256_1.png,english,newspaper,train,train
ar_hi_000574_1.png,hindi,acts_rules,train,train
fm_hi_000622_1.png,hindi,forms,train,train
ar_en_000297.png,english,acts_rules,train,train
ar_en_000097.png,english,acts_rules,train,train
nt_mr_000529.png,marathi,notice,train,train
ar_en_000283.png,english,acts_rules,train,train
qp_hi_000476_0.png,hindi,question_paper,train,train
fm_hi_000206_0.png,hindi,forms,val,train
qp_mr_000219_1.png,marathi,question_paper,val,train
nt_en_000234_1.png,english,notice,val,train
ar_en_000214.png,english,acts_rules,train,train
qp_hi_000111_0.png,hindi,question_paper,train,train
ar_en_001323.png,english,acts_rules,train,train
fm_hi_000648_1.png,hindi,forms,train,train
nt_mr_000460.png,marathi,notice,val,train
nt_en_000050_1.png,english,notice,train,train
fm_mr_000168_0.png,marathi,forms,train,train
ar_hi_000164_0.png,hindi,acts_rules,train,train
nt_en_000561_1.png,english,notice,train,train
ar_mr_000377_0.png,marathi,acts_rules,train,train
qp_hi_000266_0.png,hindi,question_paper,val,train
fm_en_000303_0.png,english,forms,test,train
ar_hi_000501_1.png,hindi,acts_rules,train,train
ar_en_001462.png,english,acts_rules,val,train
qp_hi_000218_0.png,hindi,question_paper,train,train
ar_mr_000430_0.png,marathi,acts_rules,train,train
nt_mr_000479.png,marathi,notice,train,train
nt_mr_000630.png,marathi,notice,train,train
np_en_000506_1.png,english,newspaper,val,train
np_mr_000351_1.png,marathi,newspaper,train,train
fm_en_000585_0.png,english,forms,train,train
nt_en_000022_1.png,english,notice,train,train
ar_mr_000859_1.png,marathi,acts_rules,train,train
np_hi_000309_1.png,hindi,newspaper,val,train
qp_mr_000586_1.png,marathi,question_paper,test,train
ar_en_000938.png,english,acts_rules,train,train
nt_mr_000141.png,marathi,notice,train,train
fm_mr_000030_0.png,marathi,forms,val,train
ar_en_001361.png,english,acts_rules,train,train
ar_hi_000255_0.png,hindi,acts_rules,train,train
nt_en_000121_1.png,english,notice,train,train
np_mr_000317_1.png,marathi,newspaper,train,train
fm_hi_000024_0.png,hindi,forms,train,train
ar_hi_000267_0.png,hindi,acts_rules,test,train
fm_en_000563_0.png,english,forms,val,train
ar_en_000732.png,english,acts_rules,train,train
nt_mr_000016.png,marathi,notice,train,train
qp_hi_000170_0.png,hindi,question_paper,train,train
nt_hi_000099_0.png,hindi,notice,train,train
qp_hi_000412_0.png,hindi,question_paper,train,train
ar_en_000660.png,english,acts_rules,train,train
qp_mr_000080_0.png,marathi,question_paper,train,train
nt_en_000172_1.png,english,notice,train,train
nt_mr_000694.png,marathi,notice,train,train
nt_en_000047_1.png,english,notice,train,train
nt_hi_000288_1.png,hindi,notice,train,train
np_en_000027_0.png,english,newspaper,train,train
fm_en_000236_0.png,english,forms,test,train
nt_hi_000514_1.png,hindi,notice,train,train
qp_mr_000115_0.png,marathi,question_paper,train,train
nt_en_000342_1.png,english,notice,train,train
ar_en_001156.png,english,acts_rules,train,train
nt_en_000322_1.png,english,notice,test,train
nt_mr_000248.png,marathi,notice,train,train
fm_mr_000367_0.png,marathi,forms,train,train
np_en_000414_1.png,english,newspaper,train,train
ar_en_001447.png,english,acts_rules,test,train
fm_en_000360_0.png,english,forms,train,train
np_en_000169_0.png,english,newspaper,train,train
ar_en_000778.png,english,acts_rules,train,train
nt_en_000429_1.png,english,notice,train,train
ar_hi_000611_1.png,hindi,acts_rules,test,train
fm_hi_000355_1.png,hindi,forms,train,train
ar_hi_000484_1.png,hindi,acts_rules,test,train
np_hi_000009_1.png,hindi,newspaper,train,train
fm_hi_000535_1.png,hindi,forms,test,train
ar_en_001097.png,english,acts_rules,train,train
ar_hi_000357_0.png,hindi,acts_rules,train,train
fm_mr_000353_0.png,marathi,forms,train,train
ar_en_001009.png,english,acts_rules,test,train
qp_hi_000276_0.png,hindi,question_paper,train,train
fm_hi_000644_1.png,hindi,forms,train,train
np_hi_000036_1.png,hindi,newspaper,train,train
ar_mr_000481_0.png,marathi,acts_rules,train,train
ar_en_001127.png,english,acts_rules,train,train
fm_mr_000585_1.png,marathi,forms,train,train
fm_en_000315_0.png,english,forms,train,train
fm_hi_000663_1.png,hindi,forms,train,train
np_en_000310_1.png,english,newspaper,train,train
ar_en_001435.png,english,acts_rules,train,train
fm_hi_000369_1.png,hindi,forms,train,train
ar_mr_000233_0.png,marathi,acts_rules,train,train
ar_en_000493.png,english,acts_rules,train,train
ar_en_000483.png,english,acts_rules,train,train
ar_hi_000680_1.png,hindi,acts_rules,train,train
ar_mr_000534_0.png,marathi,acts_rules,train,train
fm_en_000083_0.png,english,forms,train,train
np_hi_000323_1.png,hindi,newspaper,train,train
qp_mr_000467_1.png,marathi,question_paper,train,train
qp_mr_000230_1.png,marathi,question_paper,test,train
fm_mr_000101_0.png,marathi,forms,train,train
np_mr_000488_1.png,marathi,newspaper,train,train
ar_mr_000417_0.png,marathi,acts_rules,train,train
np_mr_000496_1.png,marathi,newspaper,train,train
np_hi_000232_1.png,hindi,newspaper,test,train
qp_hi_000888_0.png,hindi,question_paper,train,train
qp_mr_000469_1.png,marathi,question_paper,val,train
qp_hi_000302_0.png,hindi,question_paper,train,train
ar_en_000923.png,english,acts_rules,train,train
np_mr_000210_1.png,marathi,newspaper,train,train
np_mr_000002_1.png,marathi,newspaper,train,train
ar_en_001399.png,english,acts_rules,train,train
fm_hi_000029_0.png,hindi,forms,train,train
nt_mr_000722.png,marathi,notice,train,train
qp_mr_000098_0.png,marathi,question_paper,train,train
fm_en_000157_0.png,english,forms,test,train
ar_en_000225.png,english,acts_rules,val,train
np_hi_000142_1.png,hindi,newspaper,test,train
fm_en_000233_0.png,english,forms,train,train
ar_hi_000377_1.png,hindi,acts_rules,train,train
ar_en_000712.png,english,acts_rules,train,train
fm_mr_000388_0.png,marathi,forms,train,train
np_en_000456_1.png,english,newspaper,train,train
fm_en_000110_0.png,english,forms,train,train
nt_mr_000155.png,marathi,notice,train,train
fm_hi_000295_1.png,hindi,forms,train,train
nt_mr_000415.png,marathi,notice,test,train
ar_en_000944.png,english,acts_rules,train,train
nt_mr_000108.png,marathi,notice,train,train
fm_hi_000204_0.png,hindi,forms,test,train
np_mr_000142_1.png,marathi,newspaper,val,train
np_hi_000477_1.png,hindi,newspaper,val,train
ar_hi_000454_1.png,hindi,acts_rules,train,train
fm_hi_000650_1.png,hindi,forms,train,train
qp_mr_000472_1.png,marathi,question_paper,train,train
nt_hi_000588_1.png,hindi,notice,train,train
ar_en_001239.png,english,acts_rules,train,train
nt_hi_000117_0.png,hindi,notice,train,train
ar_en_000887.png,english,acts_rules,train,train
np_hi_000178_1.png,hindi,newspaper,test,train
nt_mr_000019.png,marathi,notice,train,train
fm_mr_000018_0.png,marathi,forms,train,train
ar_mr_000042_0.png,marathi,acts_rules,train,train
fm_mr_000283_0.png,marathi,forms,train,train
nt_hi_000607_1.png,hindi,notice,train,train
ar_en_000128.png,english,acts_rules,train,train
nt_hi_000183_0.png,hindi,notice,train,train
ar_mr_000551_0.png,marathi,acts_rules,train,train
ar_en_001440.png,english,acts_rules,train,train
nt_mr_000458.png,marathi,notice,train,train
np_hi_000370_1.png,hindi,newspaper,test,train
fm_en_000079_0.png,english,forms,train,train
nt_hi_000226_0.png,hindi,notice,train,train
nt_en_000299_1.png,english,notice,train,train
ar_mr_000872_1.png,marathi,acts_rules,train,train
nt_mr_000150.png,marathi,notice,train,train
fm_hi_000201_0.png,hindi,forms,train,train
qp_mr_000666_1.png,marathi,question_paper,train,train
nt_hi_000089_0.png,hindi,notice,train,train
ar_hi_000156_0.png,hindi,acts_rules,train,train
nt_mr_000625.png,marathi,notice,train,train
ar_en_000631.png,english,acts_rules,train,train
nt_en_000268_1.png,english,notice,train,train
np_hi_000367_1.png,hindi,newspaper,train,train
np_hi_000118_1.png,hindi,newspaper,train,train
ar_mr_000960_1.png,marathi,acts_rules,train,train
qp_mr_000634_1.png,marathi,question_paper,train,train
qp_hi_000887_0.png,hindi,question_paper,train,train
np_en_000245_1.png,english,newspaper,train,train
ar_hi_000623_1.png,hindi,acts_rules,test,train
ar_hi_000434_1.png,hindi,acts_rules,train,train
np_mr_000285_1.png,marathi,newspaper,train,train
ar_mr_000264_0.png,marathi,acts_rules,train,train
ar_mr_000018_0.png,marathi,acts_rules,train,train
nt_mr_000015.png,marathi,notice,train,train
fm_hi_000387_1.png,hindi,forms,train,train
fm_en_000338_0.png,english,forms,train,train
ar_hi_000009_0.png,hindi,acts_rules,val,train
ar_hi_000461_1.png,hindi,acts_rules,train,train
fm_mr_000198_0.png,marathi,forms,train,train
ar_mr_000738_1.png,marathi,acts_rules,train,train
np_mr_000334_1.png,marathi,newspaper,train,train
ar_en_000386.png,english,acts_rules,train,train
qp_mr_000140_0.png,marathi,question_paper,val,train
ar_en_000957.png,english,acts_rules,train,train
fm_hi_000008_0.png,hindi,forms,train,train
ar_en_000531.png,english,acts_rules,train,train
nt_mr_000241.png,marathi,notice,train,train
fm_hi_000492_1.png,hindi,forms,train,train
nt_mr_000004.png,marathi,notice,train,train
ar_mr_000530_0.png,marathi,acts_rules,train,train
fm_hi_000389_1.png,hindi,forms,train,train
np_mr_000456_1.png,marathi,newspaper,train,train
fm_mr_000441_0.png,marathi,forms,test,train
ar_hi_000022_0.png,hindi,acts_rules,train,train
fm_mr_000009_0.png,marathi,forms,train,train
ar_en_001303.png,english,acts_rules,train,train
np_hi_000096_1.png,hindi,newspaper,test,train
fm_mr_000276_0.png,marathi,forms,train,train
fm_mr_000507_1.png,marathi,forms,train,train
nt_en_000297_1.png,english,notice,train,train
nt_mr_000245.png,marathi,notice,train,train
ar_mr_000934_1.png,marathi,acts_rules,train,train
ar_en_000466.png,english,acts_rules,train,train
nt_mr_000197.png,marathi,notice,train,train
ar_mr_000815_1.png,marathi,acts_rules,train,train
ar_en_000891.png,english,acts_rules,train,train
ar_en_001261.png,english,acts_rules,train,train
ar_mr_000223_0.png,marathi,acts_rules,train,train
ar_hi_000481_1.png,hindi,acts_rules,train,train
nt_mr_000438.png,marathi,notice,train,train
qp_mr_000009_0.png,marathi,question_paper,train,train
nt_hi_000591_1.png,hindi,notice,test,train
fm_en_000425_0.png,english,forms,train,train
fm_en_000189_0.png,english,forms,train,train
ar_en_000083.png,english,acts_rules,train,train
np_en_000056_0.png,english,newspaper,val,train
qp_mr_000046_0.png,marathi,question_paper,train,train
ar_mr_001004_1.png,marathi,acts_rules,train,train
np_mr_000041_1.png,marathi,newspaper,train,train
fm_en_000140_0.png,english,forms,train,train
nt_hi_000576_1.png,hindi,notice,train,train
nt_mr_000767.png,marathi,notice,train,train
nt_mr_000561.png,marathi,notice,train,train
fm_mr_000045_0.png,marathi,forms,train,train
qp_mr_000232_1.png,marathi,question_paper,val,train
ar_en_000538.png,english,acts_rules,train,train
ar_en_000836.png,english,acts_rules,train,train
ar_en_001491.png,english,acts_rules,train,train
nt_hi_000078_0.png,hindi,notice,train,train
nt_mr_000268.png,marathi,notice,train,train
ar_mr_000236_0.png,marathi,acts_rules,train,train
ar_mr_000821_1.png,marathi,acts_rules,test,train
np_en_000375_1.png,english,newspaper,train,train
qp_hi_000524_0.png,hindi,question_paper,train,train
ar_hi_000464_1.png,hindi,acts_rules,train,train
fm_en_000481_0.png,english,forms,train,train
fm_hi_000345_1.png,hindi,forms,train,train
nt_hi_000538_1.png,hindi,notice,test,train
ar_en_000348.png,english,acts_rules,train,train
qp_hi_000397_0.png,hindi,question_paper,train,train
qp_hi_000584_0.png,hindi,question_paper,val,train
fm_hi_000491_1.png,hindi,forms,train,train
qp_mr_000094_0.png,marathi,question_paper,train,train
nt_en_000107_1.png,english,notice,train,train
nt_en_000445_1.png,english,notice,train,train
qp_hi_000122_0.png,hindi,question_paper,train,train
np_en_000301_1.png,english,newspaper,val,train
nt_mr_000051.png,marathi,notice,train,train
fm_hi_000456_1.png,hindi,forms,train,train
fm_mr_000563_1.png,marathi,forms,train,train
ar_hi_000186_0.png,hindi,acts_rules,train,train
np_mr_000368_1.png,marathi,newspaper,train,train
ar_hi_000066_0.png,hindi,acts_rules,val,train
fm_en_000255_0.png,english,forms,train,train
qp_hi_000322_0.png,hindi,question_paper,train,train
ar_mr_000412_0.png,marathi,acts_rules,train,train
nt_mr_000356.png,marathi,notice,train,train
fm_hi_000560_1.png,hindi,forms,train,train
fm_hi_000750_1.png,hindi,forms,train,train
ar_en_000482.png,english,acts_rules,train,train
np_mr_000153_1.png,marathi,newspaper,train,train
ar_mr_000196_0.png,marathi,acts_rules,train,train
ar_mr_000144_0.png,marathi,acts_rules,train,train
qp_mr_000355_1.png,marathi,question_paper,train,train
fm_mr_000191_0.png,marathi,forms,train,train
fm_mr_000421_0.png,marathi,forms,train,train
fm_hi_000149_0.png,hindi,forms,train,train
fm_hi_000018_0.png,hindi,forms,train,train
qp_mr_000319_1.png,marathi,question_paper,train,train
qp_hi_000394_0.png,hindi,question_paper,train,train
qp_hi_000436_0.png,hindi,question_paper,train,train
ar_hi_000582_1.png,hindi,acts_rules,train,train
ar_mr_000810_1.png,marathi,acts_rules,val,train
qp_hi_000735_0.png,hindi,question_paper,train,train
ar_hi_000248_0.png,hindi,acts_rules,train,train
np_mr_000490_1.png,marathi,newspaper,train,train
fm_mr_000429_0.png,marathi,forms,train,train
qp_hi_000205_0.png,hindi,question_paper,train,train
np_mr_000371_1.png,marathi,newspaper,val,train
nt_en_000499_1.png,english,notice,test,train
nt_en_000147_1.png,english,notice,test,train
ar_mr_001019_1.png,marathi,acts_rules,train,train
nt_en_000537_1.png,english,notice,train,train
qp_mr_000375_1.png,marathi,question_paper,train,train
fm_mr_000302_0.png,marathi,forms,val,train
qp_hi_000070_0.png,hindi,question_paper,train,train
fm_en_000437_0.png,english,forms,train,train
ar_mr_000078_0.png,marathi,acts_rules,train,train
fm_mr_000323_0.png,marathi,forms,train,train
ar_en_001446.png,english,acts_rules,test,train
nt_mr_000475.png,marathi,notice,train,train
np_en_000166_0.png,english,newspaper,train,train
np_hi_000368_1.png,hindi,newspaper,train,train
ar_mr_000854_1.png,marathi,acts_rules,train,train
fm_en_000483_0.png,english,forms,train,train
qp_hi_000115_0.png,hindi,question_paper,train,train
nt_mr_000510.png,marathi,notice,val,train
ar_en_001369.png,english,acts_rules,train,train
fm_en_000173_0.png,english,forms,train,train
np_en_000209_1.png,english,newspaper,train,train
fm_en_000451_0.png,english,forms,train,train
ar_hi_000521_1.png,hindi,acts_rules,train,train
fm_en_000185_0.png,english,forms,train,train
qp_mr_000291_1.png,marathi,question_paper,val,train
fm_en_000484_0.png,english,forms,val,train
qp_mr_000542_1.png,marathi,question_paper,train,train
np_en_000040_0.png,english,newspaper,train,train
fm_hi_000584_1.png,hindi,forms,train,train
np_mr_000449_1.png,marathi,newspaper,train,train
qp_mr_000253_1.png,marathi,question_paper,train,train
nt_hi_000054_0.png,hindi,notice,train,train
fm_mr_000173_0.png,marathi,forms,train,train
nt_hi_000131_0.png,hindi,notice,train,train
ar_mr_000354_0.png,marathi,acts_rules,train,train
ar_hi_000671_1.png,hindi,acts_rules,train,train
qp_hi_000451_0.png,hindi,question_paper,val,train
nt_mr_000421.png,marathi,notice,train,train
fm_mr_000364_0.png,marathi,forms,val,train
np_hi_000083_1.png,hindi,newspaper,train,train
fm_hi_000544_1.png,hindi,forms,train,train
ar_en_000106.png,english,acts_rules,val,train
ar_mr_000646_1.png,marathi,acts_rules,train,train
qp_hi_000134_0.png,hindi,question_paper,test,train
np_en_000316_1.png,english,newspaper,train,train
nt_hi_000295_1.png,hindi,notice,train,train
fm_en_000500_0.png,english,forms,val,train
fm_mr_000086_0.png,marathi,forms,train,train
ar_mr_000106_0.png,marathi,acts_rules,train,train
np_en_000437_1.png,english,newspaper,train,train
fm_mr_000475_1.png,marathi,forms,train,train
fm_en_000547_0.png,english,forms,train,train
nt_en_000352_1.png,english,notice,train,train
qp_mr_000687_1.png,marathi,question_paper,train,train
fm_en_000277_0.png,english,forms,test,train
fm_mr_000196_0.png,marathi,forms,val,train
ar_hi_000079_0.png,hindi,acts_rules,train,train
qp_hi_000075_0.png,hindi,question_paper,train,train
ar_mr_000251_0.png,marathi,acts_rules,train,train
np_en_000104_0.png,english,newspaper,train,train
ar_mr_000849_1.png,marathi,acts_rules,train,train
np_mr_000098_1.png,marathi,newspaper,train,train
nt_hi_000001_0.png,hindi,notice,train,train
ar_en_000267.png,english,acts_rules,test,train
qp_hi_000898_0.png,hindi,question_paper,train,train
nt_mr_000314.png,marathi,notice,train,train
fm_en_000468_0.png,english,forms,train,train
nt_mr_000400.png,marathi,notice,train,train
ar_hi_000239_0.png,hindi,acts_rules,train,train
ar_mr_000084_0.png,marathi,acts_rules,train,train
np_en_000446_1.png,english,newspaper,train,train
ar_en_000804.png,english,acts_rules,train,train
fm_mr_000175_0.png,marathi,forms,test,train
ar_en_000968.png,english,acts_rules,test,train
qp_hi_000136_0.png,hindi,question_paper,train,train
qp_mr_000608_1.png,marathi,question_paper,train,train
nt_en_000102_1.png,english,notice,val,train
fm_hi_000145_0.png,hindi,forms,train,train
nt_hi_000399_1.png,hindi,notice,train,train
np_en_000452_1.png,english,newspaper,train,train
qp_mr_000356_1.png,marathi,question_paper,train,train
np_mr_000158_1.png,marathi,newspaper,train,train
ar_en_000277.png,english,acts_rules,train,train
np_mr_000376_1.png,marathi,newspaper,train,train
np_en_000194_0.png,english,newspaper,train,train
nt_en_000554_1.png,english,notice,train,train
np_mr_000421_1.png,marathi,newspaper,train,train
nt_hi_000144_0.png,hindi,notice,train,train
qp_hi_000810_0.png,hindi,question_paper,train,train
np_mr_000111_1.png,marathi,newspaper,train,train
nt_mr_000757.png,marathi,notice,val,train
nt_mr_000499.png,marathi,notice,train,train
ar_en_000009.png,english,acts_rules,test,train
ar_mr_001066_1.png,marathi,acts_rules,train,train
np_en_000342_1.png,english,newspaper,train,train
nt_mr_000629.png,marathi,notice,train,train
ar_mr_001023_1.png,marathi,acts_rules,train,train
nt_mr_000291.png,marathi,notice,train,train
np_mr_000174_1.png,marathi,newspaper,test,train
ar_hi_000216_0.png,hindi,acts_rules,train,train
ar_en_000881.png,english,acts_rules,train,train
ar_mr_000898_1.png,marathi,acts_rules,train,train
ar_hi_000588_1.png,hindi,acts_rules,train,train
qp_hi_000128_0.png,hindi,question_paper,train,train
ar_en_001141.png,english,acts_rules,train,train
fm_en_000289_0.png,english,forms,train,train
fm_mr_000146_0.png,marathi,forms,val,train
fm_mr_000268_0.png,marathi,forms,train,train
np_mr_000451_1.png,marathi,newspaper,train,train
ar_mr_000796_1.png,marathi,acts_rules,train,train
nt_en_000209_1.png,english,notice,train,train
fm_en_000459_0.png,english,forms,train,train
ar_hi_000170_0.png,hindi,acts_rules,train,train
nt_en_000110_1.png,english,notice,train,train
qp_hi_000636_0.png,hindi,question_paper,train,train
ar_hi_000294_0.png,hindi,acts_rules,train,train
qp_hi_000588_0.png,hindi,question_paper,train,train
fm_hi_000402_1.png,hindi,forms,train,train
ar_en_000930.png,english,acts_rules,train,train
ar_en_000279.png,english,acts_rules,val,train
np_mr_000048_1.png,marathi,newspaper,train,train
qp_hi_000272_0.png,hindi,question_paper,train,train
qp_mr_000154_0.png,marathi,question_paper,train,train
fm_en_000501_0.png,english,forms,train,train
nt_mr_000691.png,marathi,notice,train,train
ar_en_000005.png,english,acts_rules,test,train
ar_hi_000198_0.png,hindi,acts_rules,train,train
ar_en_000242.png,english,acts_rules,train,train
ar_hi_000116_0.png,hindi,acts_rules,train,train
nt_mr_000696.png,marathi,notice,val,train
ar_hi_000226_0.png,hindi,acts_rules,val,train
ar_hi_000056_0.png,hindi,acts_rules,train,train
nt_mr_000441.png,marathi,notice,train,train
nt_en_000127_1.png,english,notice,train,train
ar_hi_000493_1.png,hindi,acts_rules,train,train
ar_en_000111.png,english,acts_rules,train,train
np_hi_000552_1.png,hindi,newspaper,train,train
ar_mr_000830_1.png,marathi,acts_rules,test,train
fm_en_000237_0.png,english,forms,train,train
nt_mr_000006.png,marathi,notice,train,train
qp_hi_000231_0.png,hindi,question_paper,train,train
np_hi_000290_1.png,hindi,newspaper,train,train
ar_mr_000980_1.png,marathi,acts_rules,val,train
np_en_000059_0.png,english,newspaper,train,train
fm_en_000240_0.png,english,forms,train,train
ar_hi_000342_0.png,hindi,acts_rules,test,train
qp_mr_000295_1.png,marathi,question_paper,train,train
qp_hi_000726_0.png,hindi,question_paper,train,train
fm_en_000401_0.png,english,forms,val,train
nt_hi_000492_1.png,hindi,notice,train,train
nt_hi_000051_0.png,hindi,notice,train,train
ar_en_001013.png,english,acts_rules,train,train
nt_hi_000283_1.png,hindi,notice,test,train
ar_mr_001074_1.png,marathi,acts_rules,train,train
ar_hi_000612_1.png,hindi,acts_rules,train,train
fm_hi_000251_0.png,hindi,forms,train,train
nt_mr_000184.png,marathi,notice,train,train
fm_hi_000365_1.png,hindi,forms,train,train
ar_mr_000971_1.png,marathi,acts_rules,test,train
nt_en_000264_1.png,english,notice,val,train
fm_hi_000195_0.png,hindi,forms,train,train
ar_mr_000281_0.png,marathi,acts_rules,train,train
ar_hi_000381_1.png,hindi,acts_rules,train,train
qp_hi_000174_0.png,hindi,question_paper,train,train
fm_mr_000177_0.png,marathi,forms,train,train
ar_hi_000566_1.png,hindi,acts_rules,train,train
fm_hi_000775_1.png,hindi,forms,train,train
ar_mr_000908_1.png,marathi,acts_rules,train,train
nt_mr_000175.png,marathi,notice,train,train
fm_en_000378_0.png,english,forms,train,train
np_en_000223_1.png,english,newspaper,train,train
ar_en_000840.png,english,acts_rules,train,train
nt_en_000360_1.png,english,notice,train,train
np_mr_000012_1.png,marathi,newspaper,train,train
nt_hi_000471_1.png,hindi,notice,train,train
qp_mr_000624_1.png,marathi,question_paper,train,train
nt_en_000504_1.png,english,notice,test,train
qp_hi_000634_0.png,hindi,question_paper,train,train
nt_en_000475_1.png,english,notice,train,train
np_en_000161_0.png,english,newspaper,train,train
ar_hi_000188_0.png,hindi,acts_rules,train,train
ar_en_000623.png,english,acts_rules,train,train
np_hi_000168_1.png,hindi,newspaper,train,train
fm_hi_000242_0.png,hindi,forms,train,train
ar_en_001115.png,english,acts_rules,train,train
fm_mr_000218_0.png,marathi,forms,train,train
nt_mr_000666.png,marathi,notice,train,train
ar_mr_000276_0.png,marathi,acts_rules,train,train
nt_mr_000201.png,marathi,notice,train,train
qp_mr_000097_0.png,marathi,question_paper,train,train
ar_en_000874.png,english,acts_rules,train,train
fm_mr_000324_0.png,marathi,forms,train,train
np_mr_000014_1.png,marathi,newspaper,val,train
ar_mr_000630_1.png,marathi,acts_rules,train,train
ar_hi_000629_1.png,hindi,acts_rules,train,train
nt_mr_000580.png,marathi,notice,train,train
ar_en_001395.png,english,acts_rules,val,train
ar_en_001250.png,english,acts_rules,train,train
ar_mr_000622_1.png,marathi,acts_rules,train,train
ar_hi_000317_0.png,hindi,acts_rules,train,train
np_mr_000239_1.png,marathi,newspaper,val,train
fm_hi_000373_1.png,hindi,forms,train,train
nt_hi_000275_0.png,hindi,notice,train,train
fm_en_000344_0.png,english,forms,train,train
nt_mr_000706.png,marathi,notice,train,train
np_mr_000283_1.png,marathi,newspaper,train,train
fm_en_000081_0.png,english,forms,val,train
np_hi_000491_1.png,hindi,newspaper,train,train
qp_mr_000367_1.png,marathi,question_paper,train,train
fm_en_000348_0.png,english,forms,train,train
nt_en_000025_1.png,english,notice,train,train
ar_hi_000220_0.png,hindi,acts_rules,val,train
ar_mr_000274_0.png,marathi,acts_rules,train,train
qp_mr_000358_1.png,marathi,question_paper,train,train
fm_en_000210_0.png,english,forms,train,train
nt_mr_000126.png,marathi,notice,train,train
ar_en_000419.png,english,acts_rules,train,train
nt_mr_000077.png,marathi,notice,train,train
np_en_000034_0.png,english,newspaper,train,train
ar_en_001018.png,english,acts_rules,train,train
ar_mr_000793_1.png,marathi,acts_rules,val,train
ar_mr_000655_1.png,marathi,acts_rules,train,train
np_en_000181_0.png,english,newspaper,train,train
fm_hi_000012_0.png,hindi,forms,train,train
nt_hi_000012_0.png,hindi,notice,train,train
fm_mr_000099_0.png,marathi,forms,train,train
nt_mr_000196.png,marathi,notice,val,train
fm_hi_000019_0.png,hindi,forms,train,train
ar_hi_000073_0.png,hindi,acts_rules,train,train
ar_mr_000785_1.png,marathi,acts_rules,train,train
ar_mr_000442_0.png,marathi,acts_rules,train,train
ar_en_000682.png,english,acts_rules,train,train
qp_hi_000338_0.png,hindi,question_paper,train,train
ar_en_000191.png,english,acts_rules,val,train
qp_hi_000019_0.png,hindi,question_paper,train,train
np_en_000350_1.png,english,newspaper,train,train
fm_en_000258_0.png,english,forms,train,train
nt_en_000532_1.png,english,notice,train,train
ar_hi_000417_1.png,hindi,acts_rules,train,train
np_hi_000144_1.png,hindi,newspaper,train,train
qp_hi_000460_0.png,hindi,question_paper,train,train
qp_mr_000035_0.png,marathi,question_paper,val,train
fm_hi_000140_0.png,hindi,forms,train,train
np_en_000469_1.png,english,newspaper,train,train
ar_en_000501.png,english,acts_rules,train,train
nt_hi_000444_1.png,hindi,notice,train,train
fm_hi_000077_0.png,hindi,forms,train,train
nt_mr_000127.png,marathi,notice,val,train
np_en_000507_1.png,english,newspaper,train,train
nt_hi_000022_0.png,hindi,notice,train,train
fm_hi_000241_0.png,hindi,forms,test,train
ar_mr_000022_0.png,marathi,acts_rules,train,train
fm_mr_000069_0.png,marathi,forms,train,train
nt_en_000292_1.png,english,notice,val,train
fm_mr_000595_1.png,marathi,forms,train,train
fm_en_000265_0.png,english,forms,val,train
np_en_000453_1.png,english,newspaper,train,train
fm_hi_000487_1.png,hindi,forms,train,train
qp_hi_000509_0.png,hindi,question_paper,train,train
ar_en_001306.png,english,acts_rules,test,train
ar_hi_000200_0.png,hindi,acts_rules,train,train
fm_hi_000460_1.png,hindi,forms,train,train
fm_hi_000081_0.png,hindi,forms,val,train
qp_mr_000623_1.png,marathi,question_paper,train,train
np_en_000210_1.png,english,newspaper,val,train
qp_mr_000122_0.png,marathi,question_paper,train,train
ar_hi_000515_1.png,hindi,acts_rules,train,train
ar_en_000330.png,english,acts_rules,train,train
ar_mr_000969_1.png,marathi,acts_rules,train,train
np_mr_000479_1.png,marathi,newspaper,test,train
qp_hi_000889_0.png,hindi,question_paper,train,train
np_hi_000113_1.png,hindi,newspaper,train,train
fm_hi_000567_1.png,hindi,forms,train,train
np_mr_000033_1.png,marathi,newspaper,train,train
fm_mr_000500_1.png,marathi,forms,train,train
qp_mr_000096_0.png,marathi,question_paper,train,train
ar_mr_000150_0.png,marathi,acts_rules,train,train
ar_mr_000476_0.png,marathi,acts_rules,train,train
fm_hi_000272_1.png,hindi,forms,train,train
ar_en_000592.png,english,acts_rules,train,train
ar_hi_000232_0.png,hindi,acts_rules,train,train
fm_mr_000229_0.png,marathi,forms,train,train
ar_mr_000536_0.png,marathi,acts_rules,train,train
ar_en_000071.png,english,acts_rules,test,train
nt_hi_000597_1.png,hindi,notice,train,train
nt_en_000356_1.png,english,notice,train,train
ar_hi_000538_1.png,hindi,acts_rules,val,train
ar_mr_000088_0.png,marathi,acts_rules,train,train
qp_mr_000481_1.png,marathi,question_paper,val,train
nt_mr_000588.png,marathi,notice,train,train
qp_mr_000562_1.png,marathi,question_paper,train,train
qp_mr_000186_0.png,marathi,question_paper,val,train
nt_mr_000632.png,marathi,notice,train,train
ar_en_001347.png,english,acts_rules,val,train
ar_en_001168.png,english,acts_rules,train,train
nt_en_000412_1.png,english,notice,train,train
ar_hi_000167_0.png,hindi,acts_rules,train,train
nt_mr_000338.png,marathi,notice,train,train
nt_hi_000577_1.png,hindi,notice,train,train
ar_en_000567.png,english,acts_rules,train,train
ar_hi_000053_0.png,hindi,acts_rules,train,train
nt_hi_000072_0.png,hindi,notice,train,train
ar_hi_000298_0.png,hindi,acts_rules,train,train
qp_hi_000259_0.png,hindi,question_paper,train,train
fm_mr_000423_0.png,marathi,forms,val,train
np_mr_000442_1.png,marathi,newspaper,test,train
fm_mr_000194_0.png,marathi,forms,train,train
fm_mr_000554_1.png,marathi,forms,train,train
fm_hi_000055_0.png,hindi,forms,train,train
ar_hi_000288_0.png,hindi,acts_rules,train,train
np_hi_000176_1.png,hindi,newspaper,train,train
ar_hi_000385_1.png,hindi,acts_rules,train,train
qp_hi_000686_0.png,hindi,question_paper,train,train
np_en_000025_0.png,english,newspaper,train,train
fm_mr_000160_0.png,marathi,forms,train,train
qp_hi_000741_0.png,hindi,question_paper,test,train
nt_hi_000240_0.png,hindi,notice,train,train
nt_hi_000391_1.png,hindi,notice,train,train
fm_hi_000068_0.png,hindi,forms,train,train
qp_hi_000556_0.png,hindi,question_paper,train,train
ar_en_001204.png,english,acts_rules,train,train
ar_en_000268.png,english,acts_rules,train,train
ar_hi_000197_0.png,hindi,acts_rules,train,train
fm_hi_000740_1.png,hindi,forms,train,train
ar_en_001050.png,english,acts_rules,val,train
fm_hi_000250_0.png,hindi,forms,train,train
fm_mr_000433_0.png,marathi,forms,train,train
nt_hi_000403_1.png,hindi,notice,train,train
ar_hi_000319_0.png,hindi,acts_rules,train,train
np_mr_000272_1.png,marathi,newspaper,train,train
ar_en_000467.png,english,acts_rules,train,train
ar_en_000561.png,english,acts_rules,val,train
nt_mr_000466.png,marathi,notice,train,train
np_hi_000461_1.png,hindi,newspaper,train,train
np_hi_000224_1.png,hindi,newspaper,train,train
np_mr_000299_1.png,marathi,newspaper,train,train
qp_hi_000532_0.png,hindi,question_paper,train,train
nt_hi_000031_0.png,hindi,notice,train,train
ar_mr_000799_1.png,marathi,acts_rules,val,train
ar_en_001310.png,english,acts_rules,val,train
fm_mr_000622_1.png,marathi,forms,test,train
qp_mr_000034_0.png,marathi,question_paper,val,train
qp_hi_000492_0.png,hindi,question_paper,train,train
ar_mr_000766_1.png,marathi,acts_rules,train,train
nt_en_000510_1.png,english,notice,train,train
nt_hi_000544_1.png,hindi,notice,val,train
ar_en_000615.png,english,acts_rules,train,train
nt_hi_000475_1.png,hindi,notice,train,train
qp_mr_000558_1.png,marathi,question_paper,train,train
qp_hi_000678_0.png,hindi,question_paper,train,train
np_mr_000397_1.png,marathi,newspaper,train,train
nt_en_000239_1.png,english,notice,train,train
nt_hi_000436_1.png,hindi,notice,train,train
qp_mr_000507_1.png,marathi,question_paper,train,train
ar_en_000507.png,english,acts_rules,train,train
nt_en_000457_1.png,english,notice,train,train
fm_en_000490_0.png,english,forms,val,train
qp_mr_000649_1.png,marathi,question_paper,train,train
fm_hi_000228_0.png,hindi,forms,test,train
ar_en_001283.png,english,acts_rules,test,train
np_hi_000045_1.png,hindi,newspaper,test,train
qp_mr_000619_1.png,marathi,question_paper,train,train
qp_mr_000305_1.png,marathi,question_paper,train,train
ar_mr_000058_0.png,marathi,acts_rules,train,train
np_mr_000227_1.png,marathi,newspaper,train,train
fm_mr_000339_0.png,marathi,forms,train,train
fm_hi_000435_1.png,hindi,forms,train,train
fm_hi_000442_1.png,hindi,forms,train,train
nt_en_000114_1.png,english,notice,train,train
qp_mr_000460_1.png,marathi,question_paper,train,train
qp_mr_000658_1.png,marathi,question_paper,train,train
ar_hi_000533_1.png,hindi,acts_rules,train,train
ar_hi_000600_1.png,hindi,acts_rules,train,train
np_en_000391_1.png,english,newspaper,train,train
fm_en_000381_0.png,english,forms,train,train
fm_hi_000219_0.png,hindi,forms,train,train
fm_en_000525_0.png,english,forms,test,train
fm_en_000340_0.png,english,forms,train,train
fm_en_000230_0.png,english,forms,train,train
qp_hi_000120_0.png,hindi,question_paper,train,train
fm_en_000448_0.png,english,forms,train,train
ar_en_001025.png,english,acts_rules,train,train
fm_hi_000798_1.png,hindi,forms,train,train
nt_en_000281_1.png,english,notice,train,train
fm_mr_000267_0.png,marathi,forms,train,train
np_hi_000005_1.png,hindi,newspaper,train,train
ar_en_000651.png,english,acts_rules,train,train
nt_mr_000470.png,marathi,notice,train,train
qp_hi_000203_0.png,hindi,question_paper,train,train
qp_hi_000018_0.png,hindi,question_paper,train,train
ar_en_001354.png,english,acts_rules,val,train
nt_hi_000422_1.png,hindi,notice,val,train
fm_hi_000681_1.png,hindi,forms,train,train
qp_hi_000382_0.png,hindi,question_paper,train,train
fm_en_000363_0.png,english,forms,train,train
fm_en_000162_0.png,english,forms,train,train
nt_mr_000307.png,marathi,notice,train,train
fm_en_000238_0.png,english,forms,test,train
ar_en_001184.png,english,acts_rules,train,train
np_mr_000491_1.png,marathi,newspaper,train,train
fm_hi_000344_1.png,hindi,forms,train,train
qp_hi_000079_0.png,hindi,question_paper,test,train
qp_mr_000483_1.png,marathi,question_paper,test,train
ar_en_001138.png,english,acts_rules,val,train
np_en_000195_0.png,english,newspaper,train,train
ar_en_000741.png,english,acts_rules,train,train
nt_mr_000061.png,marathi,notice,val,train
np_mr_000288_1.png,marathi,newspaper,train,train
ar_en_000209.png,english,acts_rules,train,train
nt_en_000284_1.png,english,notice,train,train
fm_mr_000463_1.png,marathi,forms,train,train
ar_en_000107.png,english,acts_rules,train,train
fm_hi_000061_0.png,hindi,forms,train,train
nt_en_000138_1.png,english,notice,train,train
qp_hi_000543_0.png,hindi,question_paper,train,train
nt_mr_000405.png,marathi,notice,val,train
qp_mr_000410_1.png,marathi,question_paper,test,train
nt_en_000487_1.png,english,notice,train,train
nt_hi_000311_1.png,hindi,notice,train,train
ar_mr_000028_0.png,marathi,acts_rules,test,train
ar_en_001485.png,english,acts_rules,train,train
nt_mr_000037.png,marathi,notice,train,train
fm_hi_000717_1.png,hindi,forms,train,train
ar_mr_000539_0.png,marathi,acts_rules,train,train
fm_mr_000534_1.png,marathi,forms,train,train
fm_mr_000243_0.png,marathi,forms,train,train
nt_hi_000335_1.png,hindi,notice,train,train
nt_hi_000196_0.png,hindi,notice,train,train
fm_en_000306_0.png,english,forms,train,train
np_hi_000105_1.png,hindi,newspaper,train,train
np_en_000418_1.png,english,newspaper,train,train
nt_hi_000048_0.png,hindi,notice,train,train
ar_mr_000972_1.png,marathi,acts_rules,train,train
ar_mr_000662_1.png,marathi,acts_rules,train,train
ar_mr_000837_1.png,marathi,acts_rules,val,train
ar_mr_000483_0.png,marathi,acts_rules,train,train
ar_mr_000059_0.png,marathi,acts_rules,train,train
ar_en_000888.png,english,acts_rules,train,train
fm_hi_000225_0.png,hindi,forms,val,train
ar_mr_000100_0.png,marathi,acts_rules,train,train
ar_en_001371.png,english,acts_rules,train,train
nt_hi_000572_1.png,hindi,notice,train,train
ar_mr_000026_0.png,marathi,acts_rules,train,train
ar_mr_000068_0.png,marathi,acts_rules,test,train
nt_mr_000746.png,marathi,notice,train,train
qp_hi_000233_0.png,hindi,question_paper,train,train
ar_mr_000356_0.png,marathi,acts_rules,train,train
qp_mr_000622_1.png,marathi,question_paper,test,train
ar_mr_001073_1.png,marathi,acts_rules,train,train
np_mr_000235_1.png,marathi,newspaper,test,train
ar_en_001096.png,english,acts_rules,val,train
qp_hi_000255_0.png,hindi,question_paper,train,train
ar_mr_000075_0.png,marathi,acts_rules,train,train
nt_en_000426_1.png,english,notice,train,train
qp_hi_000081_0.png,hindi,question_paper,train,train
fm_hi_000666_1.png,hindi,forms,train,train
fm_mr_000505_1.png,marathi,forms,train,train
ar_mr_000263_0.png,marathi,acts_rules,train,train
ar_mr_000868_1.png,marathi,acts_rules,train,train
fm_hi_000176_0.png,hindi,forms,train,train
np_mr_000374_1.png,marathi,newspaper,train,train
ar_mr_000272_0.png,marathi,acts_rules,train,train
nt_mr_000435.png,marathi,notice,train,train
ar_en_000834.png,english,acts_rules,test,train
ar_hi_000670_1.png,hindi,acts_rules,val,train
nt_mr_000672.png,marathi,notice,train,train
qp_hi_000891_0.png,hindi,question_paper,train,train
ar_en_001193.png,english,acts_rules,test,train
fm_hi_000611_1.png,hindi,forms,train,train
ar_hi_000101_0.png,hindi,acts_rules,train,train
nt_hi_000028_0.png,hindi,notice,train,train
fm_hi_000080_0.png,hindi,forms,train,train
fm_mr_000015_0.png,marathi,forms,train,train
ar_hi_000043_0.png,hindi,acts_rules,train,train
ar_mr_000302_0.png,marathi,acts_rules,train,train
fm_hi_000509_1.png,hindi,forms,train,train
nt_hi_000185_0.png,hindi,notice,test,train
nt_en_000411_1.png,english,notice,val,train
nt_en_000077_1.png,english,notice,train,train
ar_mr_000383_0.png,marathi,acts_rules,train,train
np_en_000369_1.png,english,newspaper,test,train
nt_hi_000606_1.png,hindi,notice,train,train
np_mr_000463_1.png,marathi,newspaper,train,train
fm_hi_000056_0.png,hindi,forms,train,train
np_en_000003_0.png,english,newspaper,train,train
fm_hi_000354_1.png,hindi,forms,val,train
ar_en_000174.png,english,acts_rules,test,train
ar_en_000665.png,english,acts_rules,test,train
np_hi_000145_1.png,hindi,newspaper,train,train
ar_mr_000371_0.png,marathi,acts_rules,train,train
np_en_000096_0.png,english,newspaper,train,train
ar_mr_000520_0.png,marathi,acts_rules,train,train
ar_mr_000063_0.png,marathi,acts_rules,train,train
fm_en_000339_0.png,english,forms,train,train
nt_mr_000520.png,marathi,notice,train,train
qp_mr_000680_1.png,marathi,question_paper,train,train
ar_en_001345.png,english,acts_rules,train,train
ar_en_000045.png,english,acts_rules,test,train
np_mr_000224_1.png,marathi,newspaper,train,train
nt_hi_000323_1.png,hindi,notice,train,train
qp_mr_000496_1.png,marathi,question_paper,train,train
np_en_000081_0.png,english,newspaper,train,train
nt_en_000126_1.png,english,notice,train,train
nt_hi_000525_1.png,hindi,notice,val,train
ar_en_001252.png,english,acts_rules,train,train
qp_mr_000632_1.png,marathi,question_paper,train,train
np_mr_000250_1.png,marathi,newspaper,val,train
ar_mr_000054_0.png,marathi,acts_rules,train,train
nt_mr_000334.png,marathi,notice,train,train
fm_hi_000301_1.png,hindi,forms,train,train
ar_mr_000671_1.png,marathi,acts_rules,train,train
fm_en_000048_0.png,english,forms,val,train
qp_mr_000489_1.png,marathi,question_paper,train,train
ar_mr_000911_1.png,marathi,acts_rules,train,train
qp_mr_000152_0.png,marathi,question_paper,train,train
qp_hi_000756_0.png,hindi,question_paper,test,train
nt_en_000410_1.png,english,notice,train,train
ar_en_000499.png,english,acts_rules,val,train
fm_mr_000427_0.png,marathi,forms,train,train
fm_en_000172_0.png,english,forms,train,train
fm_en_000149_0.png,english,forms,train,train
fm_en_000353_0.png,english,forms,train,train
qp_hi_000548_0.png,hindi,question_paper,train,train
fm_hi_000150_0.png,hindi,forms,train,train
nt_en_000125_1.png,english,notice,train,train
fm_hi_000235_0.png,hindi,forms,val,train
ar_en_000604.png,english,acts_rules,train,train
nt_mr_000610.png,marathi,notice,train,train
nt_hi_000063_0.png,hindi,notice,train,train
np_en_000358_1.png,english,newspaper,train,train
ar_hi_000212_0.png,hindi,acts_rules,test,train
np_en_000203_1.png,english,newspaper,train,train
nt_hi_000384_1.png,hindi,notice,train,train
ar_hi_000354_0.png,hindi,acts_rules,train,train
ar_en_001375.png,english,acts_rules,train,train
ar_mr_000110_0.png,marathi,acts_rules,train,train
ar_mr_000995_1.png,marathi,acts_rules,train,train
fm_en_000229_0.png,english,forms,train,train
ar_hi_000231_0.png,hindi,acts_rules,val,train
fm_hi_000048_0.png,hindi,forms,train,train
np_en_000293_1.png,english,newspaper,test,train
np_hi_000453_1.png,hindi,newspaper,train,train
np_en_000176_0.png,english,newspaper,train,train
fm_hi_000178_0.png,hindi,forms,train,train
np_hi_000221_1.png,hindi,newspaper,test,train
np_en_000093_0.png,english,newspaper,train,train
ar_mr_000152_0.png,marathi,acts_rules,val,train
qp_mr_000456_1.png,marathi,question_paper,train,train
fm_en_000192_0.png,english,forms,train,train
ar_mr_000095_0.png,marathi,acts_rules,train,train
nt_hi_000360_1.png,hindi,notice,test,train
qp_mr_000459_1.png,marathi,question_paper,train,train
np_en_000304_1.png,english,newspaper,train,train
fm_en_000253_0.png,english,forms,train,train
np_hi_000390_1.png,hindi,newspaper,val,train
fm_mr_000434_0.png,marathi,forms,train,train
nt_mr_000526.png,marathi,notice,train,train
fm_hi_000490_1.png,hindi,forms,train,train
nt_hi_000269_0.png,hindi,notice,train,train
ar_en_000549.png,english,acts_rules,train,train
qp_hi_000484_0.png,hindi,question_paper,train,train
np_en_000134_0.png,english,newspaper,train,train
fm_hi_000300_1.png,hindi,forms,train,train
np_hi_000110_1.png,hindi,newspaper,train,train
np_mr_000486_1.png,marathi,newspaper,train,train
ar_mr_000684_1.png,marathi,acts_rules,train,train
ar_mr_000835_1.png,marathi,acts_rules,train,train
qp_mr_000633_1.png,marathi,question_paper,train,train
nt_hi_000246_0.png,hindi,notice,train,train
fm_hi_000559_1.png,hindi,forms,test,train
np_en_000220_1.png,english,newspaper,train,train
fm_en_000386_0.png,english,forms,train,train
nt_mr_000428.png,marathi,notice,train,train
qp_mr_000637_1.png,marathi,question_paper,train,train
ar_en_000329.png,english,acts_rules,train,train
ar_en_001471.png,english,acts_rules,train,train
qp_hi_000004_0.png,hindi,question_paper,train,train
nt_mr_000321.png,marathi,notice,train,train
fm_hi_000749_1.png,hindi,forms,train,train
ar_en_000379.png,english,acts_rules,train,train
np_en_000440_1.png,english,newspaper,train,train
nt_mr_000552.png,marathi,notice,train,train
ar_mr_000770_1.png,marathi,acts_rules,test,train
ar_mr_000827_1.png,marathi,acts_rules,train,train
ar_mr_000927_1.png,marathi,acts_rules,train,train
qp_hi_000648_0.png,hindi,question_paper,train,train
ar_en_000476.png,english,acts_rules,train,train
nt_en_000027_1.png,english,notice,train,train
nt_en_000021_1.png,english,notice,train,train
nt_hi_000385_1.png,hindi,notice,train,train
nt_mr_000502.png,marathi,notice,train,train
ar_hi_000110_0.png,hindi,acts_rules,train,train
np_mr_000207_1.png,marathi,newspaper,train,train
ar_mr_000792_1.png,marathi,acts_rules,train,train
fm_mr_000209_0.png,marathi,forms,train,train
fm_mr_000308_0.png,marathi,forms,train,train
ar_en_000372.png,english,acts_rules,train,train
nt_mr_000091.png,marathi,notice,train,train
fm_hi_000296_1.png,hindi,forms,train,train
fm_hi_000110_0.png,hindi,forms,train,train
ar_en_001402.png,english,acts_rules,train,train
nt_hi_000366_1.png,hindi,notice,train,train
ar_en_001465.png,english,acts_rules,train,train
ar_en_001311.png,english,acts_rules,train,train
fm_en_000280_0.png,english,forms,train,train
fm_en_000297_0.png,english,forms,train,train
nt_mr_000688.png,marathi,notice,train,train
qp_mr_000430_1.png,marathi,question_paper,train,train
fm_en_000366_0.png,english,forms,train,train
nt_en_000386_1.png,english,notice,train,train
ar_mr_000756_1.png,marathi,acts_rules,train,train
np_en_000362_1.png,english,newspaper,train,train
qp_mr_000223_1.png,marathi,question_paper,train,train
ar_mr_000484_0.png,marathi,acts_rules,train,train
ar_hi_000579_1.png,hindi,acts_rules,train,train
ar_hi_000440_1.png,hindi,acts_rules,val,train
ar_mr_000311_0.png,marathi,acts_rules,test,train
nt_en_000468_1.png,english,notice,val,train
ar_hi_000279_0.png,hindi,acts_rules,train,train
nt_mr_000143.png,marathi,notice,train,train
ar_hi_000097_0.png,hindi,acts_rules,train,train
qp_hi_000851_0.png,hindi,question_paper,test,train
nt_en_000139_1.png,english,notice,test,train
qp_hi_000183_0.png,hindi,question_paper,train,train
fm_en_000234_0.png,english,forms,train,train
np_en_000171_0.png,english,newspaper,train,train
ar_hi_000406_1.png,hindi,acts_rules,train,train
ar_en_000011.png,english,acts_rules,train,train
nt_hi_000016_0.png,hindi,notice,train,train
qp_mr_000285_1.png,marathi,question_paper,test,train
np_mr_000240_1.png,marathi,newspaper,test,train
ar_mr_000595_1.png,marathi,acts_rules,train,train
qp_hi_000192_0.png,hindi,question_paper,train,train
qp_hi_000034_0.png,hindi,question_paper,train,train
qp_hi_000722_0.png,hindi,question_paper,train,train
fm_hi_000668_1.png,hindi,forms,train,train
nt_mr_000729.png,marathi,notice,train,train
fm_en_000220_0.png,english,forms,test,train
fm_mr_000035_0.png,marathi,forms,train,train
ar_en_000449.png,english,acts_rules,test,train
ar_en_000185.png,english,acts_rules,val,train
nt_mr_000147.png,marathi,notice,train,train
ar_mr_000956_1.png,marathi,acts_rules,train,train
ar_hi_000327_0.png,hindi,acts_rules,train,train
ar_en_001482.png,english,acts_rules,train,train
fm_en_000429_0.png,english,forms,train,train
ar_hi_000087_0.png,hindi,acts_rules,train,train
np_hi_000547_1.png,hindi,newspaper,train,train
fm_hi_000014_0.png,hindi,forms,train,train
qp_mr_000054_0.png,marathi,question_paper,train,train
np_mr_000499_1.png,marathi,newspaper,train,train
np_mr_000444_1.png,marathi,newspaper,train,train
qp_hi_000293_0.png,hindi,question_paper,train,train
ar_hi_000176_0.png,hindi,acts_rules,train,train
fm_hi_000009_0.png,hindi,forms,train,train
nt_en_000509_1.png,english,notice,train,train
fm_mr_000077_0.png,marathi,forms,train,train
qp_hi_000335_0.png,hindi,question_paper,train,train
ar_en_000882.png,english,acts_rules,train,train
ar_hi_000150_0.png,hindi,acts_rules,train,train
nt_mr_000171.png,marathi,notice,train,train
ar_en_001232.png,english,acts_rules,train,train
ar_hi_000360_1.png,hindi,acts_rules,test,train
ar_en_000082.png,english,acts_rules,train,train
ar_mr_000544_0.png,marathi,acts_rules,train,train
qp_mr_000393_1.png,marathi,question_paper,train,train
qp_hi_000253_0.png,hindi,question_paper,train,train
ar_mr_000763_1.png,marathi,acts_rules,train,train
np_hi_000286_1.png,hindi,newspaper,train,train
ar_hi_000483_1.png,hindi,acts_rules,train,train
nt_mr_000088.png,marathi,notice,train,train
fm_hi_000426_1.png,hindi,forms,test,train
qp_mr_000146_0.png,marathi,question_paper,train,train
qp_hi_000673_0.png,hindi,question_paper,val,train
np_mr_000232_1.png,marathi,newspaper,train,train
ar_en_001147.png,english,acts_rules,train,train
ar_mr_000401_0.png,marathi,acts_rules,test,train
ar_mr_000585_1.png,marathi,acts_rules,train,train
np_mr_000445_1.png,marathi,newspaper,train,train
nt_mr_000649.png,marathi,notice,train,train
nt_mr_000647.png,marathi,notice,train,train
np_hi_000287_1.png,hindi,newspaper,train,train
fm_hi_000377_1.png,hindi,forms,val,train
ar_en_000694.png,english,acts_rules,train,train
fm_hi_000627_1.png,hindi,forms,train,train
ar_mr_000082_0.png,marathi,acts_rules,val,train
nt_en_000346_1.png,english,notice,train,train
nt_en_000069_1.png,english,notice,train,train
np_en_000205_1.png,english,newspaper,train,train
np_mr_000043_1.png,marathi,newspaper,train,train
nt_mr_000012.png,marathi,notice,train,train
ar_mr_001069_1.png,marathi,acts_rules,test,train
fm_hi_000645_1.png,hindi,forms,train,train
np_en_000510_1.png,english,newspaper,train,train
qp_mr_000299_1.png,marathi,question_paper,test,train
ar_hi_000701_1.png,hindi,acts_rules,train,train
nt_en_000085_1.png,english,notice,train,train
ar_en_000610.png,english,acts_rules,train,train
ar_mr_000638_1.png,marathi,acts_rules,train,train
fm_en_000103_0.png,english,forms,train,train
nt_mr_000569.png,marathi,notice,test,train
ar_mr_000588_1.png,marathi,acts_rules,test,train
ar_mr_000850_1.png,marathi,acts_rules,train,train
np_hi_000188_1.png,hindi,newspaper,train,train
fm_hi_000637_1.png,hindi,forms,train,train
np_en_000411_1.png,english,newspaper,train,train
ar_mr_000795_1.png,marathi,acts_rules,train,train
qp_hi_000046_0.png,hindi,question_paper,train,train
nt_hi_000542_1.png,hindi,notice,train,train
ar_hi_000077_0.png,hindi,acts_rules,train,train
fm_en_000576_0.png,english,forms,train,train
nt_hi_000171_0.png,hindi,notice,test,train
fm_en_000349_0.png,english,forms,train,train
ar_hi_000302_0.png,hindi,acts_rules,train,train
ar_mr_000740_1.png,marathi,acts_rules,train,train
nt_mr_000411.png,marathi,notice,train,train
fm_en_000388_0.png,english,forms,train,train
np_mr_000004_1.png,marathi,newspaper,train,train
fm_mr_000266_0.png,marathi,forms,train,train
ar_hi_000645_1.png,hindi,acts_rules,train,train
ar_mr_000825_1.png,marathi,acts_rules,train,train
qp_hi_000540_0.png,hindi,question_paper,train,train
fm_hi_000468_1.png,hindi,forms,train,train
ar_mr_000190_0.png,marathi,acts_rules,train,train
ar_en_001108.png,english,acts_rules,train,train
np_hi_000376_1.png,hindi,newspaper,val,train
ar_mr_000385_0.png,marathi,acts_rules,test,train
ar_en_000950.png,english,acts_rules,train,train
ar_mr_000768_1.png,marathi,acts_rules,train,train
ar_en_000975.png,english,acts_rules,train,train
ar_en_000490.png,english,acts_rules,train,train
np_en_000312_1.png,english,newspaper,train,train
fm_hi_000733_1.png,hindi,forms,train,train
np_en_000330_1.png,english,newspaper,train,train
ar_mr_001072_1.png,marathi,acts_rules,test,train
ar_en_001275.png,english,acts_rules,train,train
np_en_000537_1.png,english,newspaper,train,train
qp_hi_000457_0.png,hindi,question_paper,train,train
qp_hi_000244_0.png,hindi,question_paper,train,train
ar_hi_000411_1.png,hindi,acts_rules,train,train
np_mr_000040_1.png,marathi,newspaper,train,train
fm_hi_000122_0.png,hindi,forms,train,train
np_mr_000199_1.png,marathi,newspaper,train,train
ar_en_000737.png,english,acts_rules,train,train
nt_mr_000758.png,marathi,notice,test,train
nt_mr_000134.png,marathi,notice,train,train
np_en_000230_1.png,english,newspaper,train,train
np_en_000509_1.png,english,newspaper,train,train
qp_mr_000591_1.png,marathi,question_paper,train,train
nt_en_000155_1.png,english,notice,train,train
qp_mr_000370_1.png,marathi,question_paper,train,train
np_hi_000426_1.png,hindi,newspaper,train,train
qp_mr_000458_1.png,marathi,question_paper,train,train
ar_en_001000.png,english,acts_rules,train,train
nt_hi_000316_1.png,hindi,notice,train,train
fm_mr_000249_0.png,marathi,forms,val,train
ar_en_000914.png,english,acts_rules,train,train
np_mr_000006_1.png,marathi,newspaper,train,train
np_mr_000436_1.png,marathi,newspaper,train,train
fm_hi_000333_1.png,hindi,forms,train,train
np_en_000332_1.png,english,newspaper,val,train
fm_hi_000276_1.png,hindi,forms,train,train
nt_hi_000060_0.png,hindi,notice,test,train
qp_hi_000051_0.png,hindi,question_paper,train,train
ar_en_000541.png,english,acts_rules,train,train
fm_mr_000234_0.png,marathi,forms,train,train
ar_mr_000760_1.png,marathi,acts_rules,train,train
fm_mr_000644_1.png,marathi,forms,train,train
fm_hi_000327_1.png,hindi,forms,train,train
ar_mr_000967_1.png,marathi,acts_rules,train,train
ar_hi_000261_0.png,hindi,acts_rules,train,train
qp_hi_000252_0.png,hindi,question_paper,train,train
ar_hi_000165_0.png,hindi,acts_rules,train,train
np_hi_000218_1.png,hindi,newspaper,train,train
ar_mr_000946_1.png,marathi,acts_rules,test,train
ar_mr_000606_1.png,marathi,acts_rules,train,train
np_mr_000427_1.png,marathi,newspaper,train,train
ar_mr_000950_1.png,marathi,acts_rules,test,train
qp_hi_000827_0.png,hindi,question_paper,test,train
np_mr_000020_1.png,marathi,newspaper,train,train
nt_hi_000182_0.png,hindi,notice,train,train
nt_en_000002_1.png,english,notice,train,train
nt_mr_000596.png,marathi,notice,train,train
nt_hi_000432_1.png,hindi,notice,train,train
ar_mr_000521_0.png,marathi,acts_rules,train,train
ar_hi_000425_1.png,hindi,acts_rules,val,train
ar_mr_001057_1.png,marathi,acts_rules,train,train
np_mr_000179_1.png,marathi,newspaper,train,train
ar_hi_000013_0.png,hindi,acts_rules,train,train
np_hi_000302_1.png,hindi,newspaper,train,train
ar_mr_000812_1.png,marathi,acts_rules,train,train
qp_mr_000004_0.png,marathi,question_paper,train,train
fm_en_000294_0.png,english,forms,val,train
ar_hi_000085_0.png,hindi,acts_rules,train,train
fm_mr_000530_1.png,marathi,forms,train,train
ar_en_000070.png,english,acts_rules,train,train
qp_hi_000198_0.png,hindi,question_paper,train,train
fm_hi_000386_1.png,hindi,forms,train,train
ar_hi_000063_0.png,hindi,acts_rules,train,train
fm_hi_000254_1.png,hindi,forms,train,train
ar_mr_001044_1.png,marathi,acts_rules,train,train
nt_en_000524_1.png,english,notice,val,train
np_hi_000157_1.png,hindi,newspaper,val,train
qp_hi_000430_0.png,hindi,question_paper,train,train
ar_en_000861.png,english,acts_rules,train,train
qp_hi_000868_0.png,hindi,question_paper,train,train
fm_hi_000739_1.png,hindi,forms,train,train
nt_en_000007_1.png,english,notice,test,train
fm_en_000554_0.png,english,forms,test,train
ar_en_000121.png,english,acts_rules,train,train
fm_en_000278_0.png,english,forms,train,train
np_hi_000120_1.png,hindi,newspaper,train,train
ar_en_001451.png,english,acts_rules,train,train
ar_mr_000497_0.png,marathi,acts_rules,val,train
nt_hi_000296_1.png,hindi,notice,val,train
np_mr_000251_1.png,marathi,newspaper,val,train
fm_mr_000264_0.png,marathi,forms,train,train
ar_hi_000639_1.png,hindi,acts_rules,train,train
fm_hi_000341_1.png,hindi,forms,train,train
ar_en_001330.png,english,acts_rules,val,train
nt_hi_000094_0.png,hindi,notice,train,train
ar_hi_000258_0.png,hindi,acts_rules,train,train
ar_mr_000326_0.png,marathi,acts_rules,train,train
np_hi_000564_1.png,hindi,newspaper,train,train
ar_mr_000003_0.png,marathi,acts_rules,train,train
qp_hi_000872_0.png,hindi,question_paper,train,train
fm_hi_000052_0.png,hindi,forms,test,train
qp_mr_000426_1.png,marathi,question_paper,train,train
ar_en_000886.png,english,acts_rules,train,train
np_en_000037_0.png,english,newspaper,train,train
nt_en_000291_1.png,english,notice,train,train
ar_en_000252.png,english,acts_rules,test,train
qp_mr_000176_0.png,marathi,question_paper,train,train
np_en_000372_1.png,english,newspaper,train,train
nt_en_000167_1.png,english,notice,train,train
fm_hi_000207_0.png,hindi,forms,test,train
nt_mr_000021.png,marathi,notice,train,train
fm_hi_000649_1.png,hindi,forms,train,train
fm_en_000558_0.png,english,forms,train,train
fm_hi_000709_1.png,hindi,forms,test,train
fm_hi_000433_1.png,hindi,forms,train,train
ar_en_000105.png,english,acts_rules,train,train
ar_mr_000153_0.png,marathi,acts_rules,train,train
fm_en_000296_0.png,english,forms,train,train
ar_en_000175.png,english,acts_rules,train,train
np_hi_000456_1.png,hindi,newspaper,test,train
qp_mr_000670_1.png,marathi,question_paper,train,train
nt_en_000186_1.png,english,notice,train,train
fm_hi_000332_1.png,hindi,forms,train,train
np_en_000079_0.png,english,newspaper,train,train
nt_en_000518_1.png,english,notice,train,train
np_hi_000116_1.png,hindi,newspaper,train,train
np_en_000451_1.png,english,newspaper,train,train
nt_mr_000566.png,marathi,notice,train,train
fm_mr_000071_0.png,marathi,forms,train,train
nt_hi_000070_0.png,hindi,notice,train,train
ar_mr_000089_0.png,marathi,acts_rules,test,train
qp_hi_000236_0.png,hindi,question_paper,train,train
ar_mr_000257_0.png,marathi,acts_rules,train,train
ar_en_001176.png,english,acts_rules,test,train
ar_mr_000791_1.png,marathi,acts_rules,train,train
np_hi_000472_1.png,hindi,newspaper,test,train
fm_mr_000232_0.png,marathi,forms,val,train
ar_en_001001.png,english,acts_rules,val,train
ar_en_000346.png,english,acts_rules,train,train
ar_en_000752.png,english,acts_rules,train,train
np_hi_000052_1.png,hindi,newspaper,train,train
qp_mr_000421_1.png,marathi,question_paper,train,train
qp_hi_000196_0.png,hindi,question_paper,train,train
np_mr_000274_1.png,marathi,newspaper,train,train
qp_mr_000213_0.png,marathi,question_paper,train,train
qp_mr_000236_1.png,marathi,question_paper,train,train
ar_en_000970.png,english,acts_rules,test,train
nt_hi_000235_0.png,hindi,notice,train,train
ar_en_000621.png,english,acts_rules,train,train
nt_hi_000206_0.png,hindi,notice,train,train
nt_mr_000340.png,marathi,notice,val,train
ar_en_000136.png,english,acts_rules,train,train
fm_mr_000185_0.png,marathi,forms,train,train
nt_mr_000178.png,marathi,notice,train,train
qp_mr_000488_1.png,marathi,question_paper,train,train
qp_hi_000843_0.png,hindi,question_paper,train,train
fm_en_000310_0.png,english,forms,train,train
np_mr_000306_1.png,marathi,newspaper,val,train
ar_en_001315.png,english,acts_rules,train,train
np_hi_000259_1.png,hindi,newspaper,train,train
qp_hi_000095_0.png,hindi,question_paper,train,train
fm_hi_000624_1.png,hindi,forms,train,train
np_mr_000029_1.png,marathi,newspaper,train,train
ar_en_000668.png,english,acts_rules,train,train
nt_hi_000181_0.png,hindi,notice,train,train
nt_en_000413_1.png,english,notice,test,train
ar_en_000057.png,english,acts_rules,train,train
ar_hi_000316_0.png,hindi,acts_rules,train,train
ar_hi_000621_1.png,hindi,acts_rules,val,train
ar_en_001086.png,english,acts_rules,train,train
ar_hi_000312_0.png,hindi,acts_rules,train,train
fm_en_000556_0.png,english,forms,train,train
ar_mr_000947_1.png,marathi,acts_rules,train,train
fm_hi_000036_0.png,hindi,forms,train,train
ar_mr_000871_1.png,marathi,acts_rules,train,train
fm_hi_000741_1.png,hindi,forms,train,train
nt_mr_000638.png,marathi,notice,train,train
np_mr_000173_1.png,marathi,newspaper,train,train
np_hi_000316_1.png,hindi,newspaper,train,train
nt_en_000374_1.png,english,notice,train,train
fm_hi_000407_1.png,hindi,forms,train,train
nt_mr_000597.png,marathi,notice,train,train
ar_mr_000718_1.png,marathi,acts_rules,val,train
ar_mr_000658_1.png,marathi,acts_rules,train,train
np_mr_000032_1.png,marathi,newspaper,test,train
nt_mr_000511.png,marathi,notice,train,train
nt_hi_000102_0.png,hindi,notice,train,train
qp_hi_000270_0.png,hindi,question_paper,train,train
ar_hi_000272_0.png,hindi,acts_rules,train,train
fm_mr_000358_0.png,marathi,forms,val,train
fm_mr_000588_1.png,marathi,forms,train,train
fm_en_000077_0.png,english,forms,train,train
qp_hi_000145_0.png,hindi,question_paper,train,train
nt_en_000296_1.png,english,notice,train,train
nt_hi_000318_1.png,hindi,notice,train,train
ar_mr_000103_0.png,marathi,acts_rules,train,train
fm_mr_000017_0.png,marathi,forms,train,train
ar_en_000237.png,english,acts_rules,train,train
fm_hi_000318_1.png,hindi,forms,train,train
ar_mr_000294_0.png,marathi,acts_rules,train,train
np_hi_000089_1.png,hindi,newspaper,train,train
nt_mr_000525.png,marathi,notice,train,train
qp_hi_000675_0.png,hindi,question_paper,train,train
nt_mr_000282.png,marathi,notice,train,train
qp_mr_000504_1.png,marathi,question_paper,train,train
np_en_000345_1.png,english,newspaper,train,train
nt_mr_000745.png,marathi,notice,train,train
qp_hi_000881_0.png,hindi,question_paper,train,train
ar_mr_000669_1.png,marathi,acts_rules,train,train
fm_hi_000760_1.png,hindi,forms,test,train
ar_en_000452.png,english,acts_rules,train,train
fm_mr_000079_0.png,marathi,forms,train,train
qp_hi_000519_0.png,hindi,question_paper,train,train
nt_en_000505_1.png,english,notice,train,train
fm_hi_000133_0.png,hindi,forms,train,train
ar_en_000434.png,english,acts_rules,train,train
np_hi_000339_1.png,hindi,newspaper,test,train
np_mr_000180_1.png,marathi,newspaper,train,train
np_hi_000416_1.png,hindi,newspaper,train,train
nt_en_000399_1.png,english,notice,train,train
ar_en_000222.png,english,acts_rules,train,train
np_hi_000246_1.png,hindi,newspaper,train,train
qp_hi_000237_0.png,hindi,question_paper,train,train
ar_mr_000963_1.png,marathi,acts_rules,train,train
fm_mr_000252_0.png,marathi,forms,train,train
fm_hi_000508_1.png,hindi,forms,train,train
nt_mr_000271.png,marathi,notice,train,train
nt_hi_000200_0.png,hindi,notice,test,train
np_en_000108_0.png,english,newspaper,train,train
nt_mr_000239.png,marathi,notice,train,train
nt_mr_000408.png,marathi,notice,train,train
ar_en_001068.png,english,acts_rules,train,train
qp_mr_000121_0.png,marathi,question_paper,train,train
np_hi_000095_1.png,hindi,newspaper,train,train
np_hi_000515_1.png,hindi,newspaper,train,train
qp_hi_000449_0.png,hindi,question_paper,train,train
qp_hi_000207_0.png,hindi,question_paper,train,train
ar_en_001262.png,english,acts_rules,train,train
qp_hi_000632_0.png,hindi,question_paper,train,train
qp_mr_000610_1.png,marathi,question_paper,train,train
nt_mr_000080.png,marathi,notice,test,train
np_hi_000544_1.png,hindi,newspaper,train,train
nt_hi_000467_1.png,hindi,notice,val,train
ar_hi_000315_0.png,hindi,acts_rules,train,train
nt_mr_000734.png,marathi,notice,train,train
nt_hi_000330_1.png,hindi,notice,train,train
ar_en_000060.png,english,acts_rules,train,train
np_mr_000392_1.png,marathi,newspaper,train,train
nt_mr_000461.png,marathi,notice,train,train
np_mr_000118_1.png,marathi,newspaper,train,train
qp_hi_000671_0.png,hindi,question_paper,train,train
ar_mr_000702_1.png,marathi,acts_rules,train,train
fm_mr_000212_0.png,marathi,forms,val,train
qp_hi_000536_0.png,hindi,question_paper,train,train
ar_mr_000611_1.png,marathi,acts_rules,train,train
nt_hi_000562_1.png,hindi,notice,train,train
nt_hi_000006_0.png,hindi,notice,train,train
ar_hi_000648_1.png,hindi,acts_rules,train,train
ar_hi_000185_0.png,hindi,acts_rules,train,train
fm_en_000165_0.png,english,forms,train,train
ar_mr_001010_1.png,marathi,acts_rules,train,train
ar_en_000941.png,english,acts_rules,val,train
nt_mr_000058.png,marathi,notice,train,train
fm_en_000517_0.png,english,forms,train,train
ar_en_000773.png,english,acts_rules,train,train
fm_mr_000342_0.png,marathi,forms,train,train
np_mr_000460_1.png,marathi,newspaper,train,train
fm_en_000552_0.png,english,forms,train,train
qp_hi_000780_0.png,hindi,question_paper,train,train
qp_mr_000676_1.png,marathi,question_paper,train,train
ar_en_000709.png,english,acts_rules,train,train
qp_mr_000148_0.png,marathi,question_paper,train,train
fm_hi_000203_0.png,hindi,forms,test,train
nt_en_000087_1.png,english,notice,train,train
qp_hi_000664_0.png,hindi,question_paper,test,train
nt_hi_000344_1.png,hindi,notice,train,train
ar_hi_000199_0.png,hindi,acts_rules,train,train
nt_hi_000298_1.png,hindi,notice,train,train
fm_en_000084_0.png,english,forms,train,train
ar_mr_000903_1.png,marathi,acts_rules,train,train
nt_mr_000205.png,marathi,notice,train,train
qp_hi_000845_0.png,hindi,question_paper,train,train
ar_hi_000609_1.png,hindi,acts_rules,train,train
qp_hi_000605_0.png,hindi,question_paper,train,train
nt_en_000288_1.png,english,notice,train,train
fm_hi_000473_1.png,hindi,forms,train,train
qp_mr_000318_1.png,marathi,question_paper,val,train
fm_en_000243_0.png,english,forms,train,train
nt_mr_000039.png,marathi,notice,train,train
ar_en_000129.png,english,acts_rules,train,train
np_en_000202_0.png,english,newspaper,train,train
ar_en_001151.png,english,acts_rules,train,train
nt_hi_000546_1.png,hindi,notice,train,train
np_mr_000092_1.png,marathi,newspaper,train,train
np_mr_000311_1.png,marathi,newspaper,train,train
fm_en_000355_0.png,english,forms,test,train
ar_en_000313.png,english,acts_rules,train,train
np_mr_000113_1.png,marathi,newspaper,test,train
qp_hi_000596_0.png,hindi,question_paper,train,train
ar_en_000394.png,english,acts_rules,train,train
ar_en_000430.png,english,acts_rules,train,train
ar_en_000647.png,english,acts_rules,train,train
np_mr_000064_1.png,marathi,newspaper,train,train
ar_mr_000316_0.png,marathi,acts_rules,train,train
np_hi_000532_1.png,hindi,newspaper,train,train
nt_mr_000259.png,marathi,notice,train,train
fm_mr_000295_0.png,marathi,forms,train,train
qp_hi_000667_0.png,hindi,question_paper,val,train
nt_mr_000492.png,marathi,notice,train,train
fm_mr_000195_0.png,marathi,forms,train,train
ar_hi_000530_1.png,hindi,acts_rules,train,train
ar_en_000664.png,english,acts_rules,train,train
fm_en_000182_0.png,english,forms,train,train
fm_mr_000225_0.png,marathi,forms,train,train
ar_hi_000045_0.png,hindi,acts_rules,train,train
fm_mr_000118_0.png,marathi,forms,train,train
np_en_000094_0.png,english,newspaper,train,train
np_mr_000117_1.png,marathi,newspaper,train,train
np_mr_000087_1.png,marathi,newspaper,test,train
ar_hi_000132_0.png,hindi,acts_rules,train,train
fm_hi_000698_1.png,hindi,forms,train,train
fm_hi_000310_1.png,hindi,forms,train,train
ar_en_000596.png,english,acts_rules,train,train
nt_hi_000504_1.png,hindi,notice,train,train
ar_en_001338.png,english,acts_rules,val,train
ar_en_000258.png,english,acts_rules,train,train
ar_mr_000010_0.png,marathi,acts_rules,test,train
nt_mr_000256.png,marathi,notice,val,train
fm_hi_000287_1.png,hindi,forms,train,train
fm_hi_000252_1.png,hindi,forms,train,train
ar_mr_000240_0.png,marathi,acts_rules,train,train
nt_mr_000724.png,marathi,notice,train,train
np_hi_000177_1.png,hindi,newspaper,train,train
ar_mr_000773_1.png,marathi,acts_rules,train,train
fm_en_000005_0.png,english,forms,train,train
nt_mr_000771.png,marathi,notice,train,train
ar_mr_000509_0.png,marathi,acts_rules,test,train
ar_en_000138.png,english,acts_rules,train,train
qp_hi_000581_0.png,hindi,question_paper,train,train
ar_en_000918.png,english,acts_rules,train,train
np_mr_000252_1.png,marathi,newspaper,train,train
qp_hi_000370_0.png,hindi,question_paper,train,train
nt_en_000394_1.png,english,notice,val,train
ar_hi_000141_0.png,hindi,acts_rules,train,train
nt_en_000043_1.png,english,notice,train,train
nt_hi_000370_1.png,hindi,notice,train,train
ar_hi_000393_1.png,hindi,acts_rules,train,train
fm_hi_000592_1.png,hindi,forms,train,train
qp_hi_000569_0.png,hindi,question_paper,train,train
ar_mr_000335_0.png,marathi,acts_rules,train,train
nt_hi_000552_1.png,hindi,notice,train,train
ar_en_000278.png,english,acts_rules,train,train
np_hi_000380_1.png,hindi,newspaper,train,train
np_en_000138_0.png,english,newspaper,train,train
ar_hi_000536_1.png,hindi,acts_rules,train,train
ar_hi_000544_1.png,hindi,acts_rules,train,train
nt_en_000257_1.png,english,notice,val,train
ar_en_001117.png,english,acts_rules,test,train
np_mr_000415_1.png,marathi,newspaper,train,train
ar_en_000374.png,english,acts_rules,train,train
fm_hi_000445_1.png,hindi,forms,train,train
np_en_000421_1.png,english,newspaper,train,train
qp_mr_000579_1.png,marathi,question_paper,test,train
fm_en_000028_0.png,english,forms,train,train
ar_hi_000286_0.png,hindi,acts_rules,train,train
ar_mr_000102_0.png,marathi,acts_rules,train,train
fm_hi_000159_0.png,hindi,forms,train,train
nt_en_000272_1.png,english,notice,test,train
fm_en_000200_0.png,english,forms,val,train
ar_hi_000605_1.png,hindi,acts_rules,train,train
fm_en_000471_0.png,english,forms,train,train
nt_hi_000510_1.png,hindi,notice,train,train
nt_hi_000030_0.png,hindi,notice,train,train
nt_mr_000288.png,marathi,notice,train,train
fm_hi_000291_1.png,hindi,forms,train,train
nt_en_000195_1.png,english,notice,train,train
nt_mr_000105.png,marathi,notice,train,train
fm_mr_000269_0.png,marathi,forms,train,train
ar_mr_000494_0.png,marathi,acts_rules,train,train
np_en_000376_1.png,english,newspaper,val,train
ar_en_000515.png,english,acts_rules,test,train
fm_mr_000435_0.png,marathi,forms,train,train
fm_en_000292_0.png,english,forms,train,train
nt_mr_000699.png,marathi,notice,test,train
nt_en_000005_1.png,english,notice,train,train
nt_mr_000269.png,marathi,notice,train,train
nt_mr_000743.png,marathi,notice,train,train
ar_mr_001070_1.png,marathi,acts_rules,train,train
np_hi_000379_1.png,hindi,newspaper,train,train
qp_mr_000397_1.png,marathi,question_paper,train,train
nt_en_000443_1.png,english,notice,train,train
ar_en_001386.png,english,acts_rules,train,train
nt_mr_000177.png,marathi,notice,train,train
qp_mr_000520_1.png,marathi,question_paper,train,train
nt_en_000362_1.png,english,notice,train,train
fm_en_000156_0.png,english,forms,train,train
ar_mr_001032_1.png,marathi,acts_rules,train,train
ar_mr_000831_1.png,marathi,acts_rules,train,train
nt_hi_000550_1.png,hindi,notice,train,train
nt_mr_000496.png,marathi,notice,train,train
fm_hi_000705_1.png,hindi,forms,val,train
np_en_000088_0.png,english,newspaper,train,train
nt_en_000255_1.png,english,notice,train,train
np_mr_000389_1.png,marathi,newspaper,train,train
fm_hi_000449_1.png,hindi,forms,train,train
fm_mr_000184_0.png,marathi,forms,train,train
fm_hi_000595_1.png,hindi,forms,val,train
nt_en_000181_1.png,english,notice,train,train
ar_hi_000375_1.png,hindi,acts_rules,test,train
fm_en_000194_0.png,english,forms,train,train
ar_en_000817.png,english,acts_rules,test,train
ar_en_000513.png,english,acts_rules,test,train
ar_en_000963.png,english,acts_rules,val,train
np_mr_000323_1.png,marathi,newspaper,val,train
np_en_000249_1.png,english,newspaper,train,train
ar_hi_000152_0.png,hindi,acts_rules,train,train
fm_hi_000374_1.png,hindi,forms,test,train
np_en_000091_0.png,english,newspaper,train,train
qp_mr_000137_0.png,marathi,question_paper,train,train
np_hi_000152_1.png,hindi,newspaper,test,train
fm_hi_000192_0.png,hindi,forms,test,train
ar_mr_000511_0.png,marathi,acts_rules,train,train
np_en_000349_1.png,english,newspaper,train,train
ar_en_000380.png,english,acts_rules,train,train
fm_hi_000353_1.png,hindi,forms,train,train
qp_mr_000570_1.png,marathi,question_paper,train,train
qp_hi_000027_0.png,hindi,question_paper,val,train
ar_en_001400.png,english,acts_rules,train,train
ar_en_000058.png,english,acts_rules,test,train
qp_hi_000882_0.png,hindi,question_paper,train,train
np_mr_000230_1.png,marathi,newspaper,train,train
np_hi_000462_1.png,hindi,newspaper,val,train
np_en_000188_0.png,english,newspaper,train,train
np_hi_000434_1.png,hindi,newspaper,test,train
nt_mr_000231.png,marathi,notice,train,train
fm_mr_000315_0.png,marathi,forms,train,train
np_hi_000262_1.png,hindi,newspaper,val,train
nt_hi_000011_0.png,hindi,notice,train,train
qp_hi_000049_0.png,hindi,question_paper,test,train
fm_hi_000728_1.png,hindi,forms,train,train
nt_mr_000029.png,marathi,notice,train,train
ar_hi_000478_1.png,hindi,acts_rules,train,train
fm_mr_000162_0.png,marathi,forms,train,train
qp_hi_000899_0.png,hindi,question_paper,train,train
qp_hi_000392_0.png,hindi,question_paper,val,train
qp_hi_000840_0.png,hindi,question_paper,train,train
nt_mr_000536.png,marathi,notice,train,train
qp_hi_000654_0.png,hindi,question_paper,train,train
fm_hi_000268_1.png,hindi,forms,train,train
qp_mr_000273_1.png,marathi,question_paper,train,train
np_hi_000419_1.png,hindi,newspaper,train,train
qp_hi_000742_0.png,hindi,question_paper,train,train
np_en_000343_1.png,english,newspaper,test,train
np_hi_000012_1.png,hindi,newspaper,train,train
np_mr_000308_1.png,marathi,newspaper,train,train
fm_hi_000196_0.png,hindi,forms,train,train
fm_en_000020_0.png,english,forms,train,train
ar_mr_000955_1.png,marathi,acts_rules,train,train
np_mr_000396_1.png,marathi,newspaper,train,train
fm_hi_000778_1.png,hindi,forms,train,train
ar_mr_000741_1.png,marathi,acts_rules,train,train
qp_hi_000623_0.png,hindi,question_paper,train,train
ar_mr_000562_0.png,marathi,acts_rules,val,train
fm_en_000549_0.png,english,forms,train,train
np_en_000112_0.png,english,newspaper,train,train
ar_en_000807.png,english,acts_rules,test,train
fm_en_000568_0.png,english,forms,train,train
qp_hi_000141_0.png,hindi,question_paper,val,train
ar_en_000085.png,english,acts_rules,val,train
fm_en_000480_0.png,english,forms,train,train
fm_en_000074_0.png,english,forms,val,train
ar_en_000401.png,english,acts_rules,train,train
ar_mr_000944_1.png,marathi,acts_rules,train,train
nt_mr_000542.png,marathi,notice,train,train
ar_mr_000415_0.png,marathi,acts_rules,test,train
fm_en_000482_0.png,english,forms,train,train
fm_en_000411_0.png,english,forms,train,train
ar_en_000078.png,english,acts_rules,val,train
np_en_000066_0.png,english,newspaper,train,train
np_mr_000408_1.png,marathi,newspaper,val,train
nt_en_000353_1.png,english,notice,train,train
ar_mr_000005_0.png,marathi,acts_rules,train,train
qp_mr_000500_1.png,marathi,question_paper,train,train
ar_en_001226.png,english,acts_rules,train,train
qp_hi_000777_0.png,hindi,question_paper,train,train
nt_mr_000227.png,marathi,notice,val,train
nt_en_000387_1.png,english,notice,train,train
np_hi_000100_1.png,hindi,newspaper,train,train
nt_hi_000512_1.png,hindi,notice,train,train
nt_hi_000211_0.png,hindi,notice,train,train
ar_mr_000524_0.png,marathi,acts_rules,train,train
nt_hi_000468_1.png,hindi,notice,train,train
nt_en_000512_1.png,english,notice,train,train
nt_en_000467_1.png,english,notice,train,train
ar_en_000636.png,english,acts_rules,train,train
ar_mr_000558_0.png,marathi,acts_rules,train,train
nt_mr_000065.png,marathi,notice,train,train
qp_hi_000012_0.png,hindi,question_paper,train,train
qp_hi_000516_0.png,hindi,question_paper,train,train
np_en_000490_1.png,english,newspaper,train,train
nt_hi_000343_1.png,hindi,notice,train,train
ar_en_000847.png,english,acts_rules,train,train
np_en_000167_0.png,english,newspaper,train,train
ar_mr_001025_1.png,marathi,acts_rules,train,train
ar_en_000357.png,english,acts_rules,train,train
qp_hi_000172_0.png,hindi,question_paper,train,train
np_hi_000223_1.png,hindi,newspaper,train,train
qp_mr_000206_0.png,marathi,question_paper,train,train
nt_mr_000067.png,marathi,notice,train,train
nt_hi_000192_0.png,hindi,notice,train,train
nt_mr_000183.png,marathi,notice,test,train
qp_hi_000688_0.png,hindi,question_paper,val,train
ar_en_001075.png,english,acts_rules,train,train
ar_en_000213.png,english,acts_rules,train,train
nt_en_000542_1.png,english,notice,val,train
ar_en_001319.png,english,acts_rules,train,train
fm_en_000060_0.png,english,forms,train,train
fm_hi_000278_1.png,hindi,forms,train,train
nt_en_000363_1.png,english,notice,train,train
fm_hi_000202_0.png,hindi,forms,train,train
qp_hi_000788_0.png,hindi,question_paper,test,train
nt_en_000031_1.png,english,notice,train,train
ar_mr_000253_0.png,marathi,acts_rules,val,train
ar_mr_000235_0.png,marathi,acts_rules,test,train
qp_mr_000081_0.png,marathi,question_paper,train,train
ar_en_001225.png,english,acts_rules,train,train
ar_en_001219.png,english,acts_rules,train,train
np_en_000460_1.png,english,newspaper,train,train
nt_mr_000223.png,marathi,notice,train,train
qp_hi_000496_0.png,hindi,question_paper,train,train
fm_mr_000562_1.png,marathi,forms,val,train
nt_mr_000133.png,marathi,notice,train,train
np_hi_000199_1.png,hindi,newspaper,train,train
ar_en_001267.png,english,acts_rules,train,train
ar_hi_000558_1.png,hindi,acts_rules,train,train
fm_hi_000339_1.png,hindi,forms,train,train
nt_hi_000178_0.png,hindi,notice,train,train
ar_en_001144.png,english,acts_rules,train,train
ar_en_000392.png,english,acts_rules,train,train
ar_en_000720.png,english,acts_rules,train,train
ar_en_000863.png,english,acts_rules,train,train
fm_hi_000075_0.png,hindi,forms,train,train
fm_en_000318_0.png,english,forms,train,train
ar_en_001174.png,english,acts_rules,train,train
qp_hi_000506_0.png,hindi,question_paper,train,train
np_mr_000297_1.png,marathi,newspaper,train,train
fm_hi_000143_0.png,hindi,forms,train,train
qp_hi_000769_0.png,hindi,question_paper,train,train
nt_mr_000059.png,marathi,notice,val,train
qp_hi_000130_0.png,hindi,question_paper,train,train
nt_en_000235_1.png,english,notice,train,train
ar_hi_000191_0.png,hindi,acts_rules,train,train
fm_en_000135_0.png,english,forms,train,train
ar_en_000429.png,english,acts_rules,train,train
fm_mr_000410_0.png,marathi,forms,train,train
ar_en_001284.png,english,acts_rules,train,train
np_mr_000050_1.png,marathi,newspaper,train,train
nt_mr_000262.png,marathi,notice,train,train
nt_mr_000658.png,marathi,notice,train,train
fm_hi_000495_1.png,hindi,forms,train,train
fm_en_000469_0.png,english,forms,val,train
fm_hi_000280_1.png,hindi,forms,train,train
nt_en_000409_1.png,english,notice,train,train
np_hi_000030_1.png,hindi,newspaper,train,train
fm_hi_000651_1.png,hindi,forms,train,train
np_en_000441_1.png,english,newspaper,train,train
ar_en_000160.png,english,acts_rules,train,train
ar_hi_000093_0.png,hindi,acts_rules,train,train
qp_hi_000345_0.png,hindi,question_paper,train,train
nt_mr_000735.png,marathi,notice,train,train
fm_en_000449_0.png,english,forms,train,train
fm_en_000478_0.png,english,forms,train,train
nt_en_000290_1.png,english,notice,train,train
nt_en_000337_1.png,english,notice,val,train
nt_hi_000150_0.png,hindi,notice,train,train
ar_mr_000912_1.png,marathi,acts_rules,train,train
qp_mr_000618_1.png,marathi,question_paper,train,train
ar_mr_000241_0.png,marathi,acts_rules,train,train
np_hi_000035_1.png,hindi,newspaper,test,train
nt_mr_000679.png,marathi,notice,test,train
ar_mr_000553_0.png,marathi,acts_rules,train,train
nt_mr_000294.png,marathi,notice,train,train
qp_mr_000390_1.png,marathi,question_paper,train,train
np_en_000013_0.png,english,newspaper,train,train
nt_mr_000418.png,marathi,notice,train,train
fm_hi_000393_1.png,hindi,forms,train,train
ar_mr_000841_1.png,marathi,acts_rules,val,train
ar_en_000605.png,english,acts_rules,train,train
ar_hi_000135_0.png,hindi,acts_rules,train,train
ar_en_001295.png,english,acts_rules,val,train
fm_mr_000496_1.png,marathi,forms,train,train
ar_mr_001061_1.png,marathi,acts_rules,train,train
ar_en_000133.png,english,acts_rules,train,train
qp_mr_000224_1.png,marathi,question_paper,train,train
nt_en_000315_1.png,english,notice,train,train
ar_en_000477.png,english,acts_rules,train,train
np_en_000048_0.png,english,newspaper,train,train
ar_mr_000060_0.png,marathi,acts_rules,test,train
ar_hi_000182_0.png,hindi,acts_rules,train,train
qp_hi_000376_0.png,hindi,question_paper,train,train
fm_en_000050_0.png,english,forms,val,train
ar_mr_000458_0.png,marathi,acts_rules,test,train
ar_hi_000147_0.png,hindi,acts_rules,train,train
np_mr_000467_1.png,marathi,newspaper,train,train
ar_en_000303.png,english,acts_rules,train,train
ar_mr_000188_0.png,marathi,acts_rules,train,train
nt_mr_000571.png,marathi,notice,train,train
qp_hi_000583_0.png,hindi,question_paper,val,train
fm_hi_000618_1.png,hindi,forms,train,train
ar_en_001442.png,english,acts_rules,val,train
fm_en_000367_0.png,english,forms,train,train
ar_en_000068.png,english,acts_rules,train,train
qp_hi_000852_0.png,hindi,question_paper,val,train
nt_hi_000556_1.png,hindi,notice,train,train
qp_mr_000136_0.png,marathi,question_paper,test,train
nt_en_000523_1.png,english,notice,train,train
fm_mr_000610_1.png,marathi,forms,train,train
np_mr_000030_1.png,marathi,newspaper,train,train
ar_mr_001031_1.png,marathi,acts_rules,train,train
nt_hi_000125_0.png,hindi,notice,train,train
qp_mr_000283_1.png,marathi,question_paper,val,train
nt_mr_000198.png,marathi,notice,train,train
ar_mr_000388_0.png,marathi,acts_rules,train,train
ar_mr_001050_1.png,marathi,acts_rules,train,train
ar_hi_000072_0.png,hindi,acts_rules,train,train
ar_mr_000922_1.png,marathi,acts_rules,train,train
ar_mr_000746_1.png,marathi,acts_rules,train,train
fm_en_000374_0.png,english,forms,train,train
nt_en_000079_1.png,english,notice,train,train
ar_en_000220.png,english,acts_rules,train,train
ar_hi_000665_1.png,hindi,acts_rules,val,train
nt_en_000453_1.png,english,notice,train,train
nt_hi_000292_1.png,hindi,notice,train,train
qp_mr_000031_0.png,marathi,question_paper,train,train
fm_en_000307_0.png,english,forms,train,train
nt_en_000083_1.png,english,notice,train,train
ar_mr_000429_0.png,marathi,acts_rules,train,train
ar_en_001483.png,english,acts_rules,train,train
ar_mr_000992_1.png,marathi,acts_rules,train,train
ar_mr_000290_0.png,marathi,acts_rules,train,train
qp_hi_000515_0.png,hindi,question_paper,test,train
ar_hi_000457_1.png,hindi,acts_rules,train,train
nt_mr_000323.png,marathi,notice,train,train
ar_mr_000625_1.png,marathi,acts_rules,train,train
qp_mr_000218_0.png,marathi,question_paper,train,train
qp_hi_000645_0.png,hindi,question_paper,test,train
fm_mr_000245_0.png,marathi,forms,train,train
fm_hi_000022_0.png,hindi,forms,train,train
nt_mr_000010.png,marathi,notice,test,train
ar_en_000086.png,english,acts_rules,train,train
np_en_000200_0.png,english,newspaper,train,train
ar_mr_000093_0.png,marathi,acts_rules,train,train
fm_mr_000537_1.png,marathi,forms,val,train
ar_hi_000391_1.png,hindi,acts_rules,train,train
fm_hi_000665_1.png,hindi,forms,train,train
qp_hi_000212_0.png,hindi,question_paper,train,train
fm_hi_000349_1.png,hindi,forms,train,train
ar_hi_000015_0.png,hindi,acts_rules,val,train
ar_hi_000482_1.png,hindi,acts_rules,val,train
ar_en_000681.png,english,acts_rules,train,train
ar_hi_000074_0.png,hindi,acts_rules,train,train
nt_hi_000039_0.png,hindi,notice,train,train
nt_en_000444_1.png,english,notice,train,train
nt_hi_000377_1.png,hindi,notice,test,train
nt_mr_000409.png,marathi,notice,train,train
ar_hi_000387_1.png,hindi,acts_rules,train,train
ar_hi_000023_0.png,hindi,acts_rules,val,train
nt_en_000533_1.png,english,notice,train,train
ar_en_001237.png,english,acts_rules,train,train
nt_hi_000270_0.png,hindi,notice,train,train
np_mr_000022_1.png,marathi,newspaper,train,train
fm_mr_000587_1.png,marathi,forms,train,train
ar_mr_000030_0.png,marathi,acts_rules,test,train
fm_hi_000401_1.png,hindi,forms,train,train
np_mr_000101_1.png,marathi,newspaper,train,train
ar_en_001236.png,english,acts_rules,train,train
qp_mr_000470_1.png,marathi,question_paper,train,train
ar_mr_000976_1.png,marathi,acts_rules,train,train
fm_mr_000026_0.png,marathi,forms,test,train
fm_mr_000544_1.png,marathi,forms,test,train
fm_en_000035_0.png,english,forms,train,train
fm_en_000365_0.png,english,forms,test,train
nt_mr_000586.png,marathi,notice,train,train
fm_en_000532_0.png,english,forms,train,train
ar_en_001197.png,english,acts_rules,train,train
nt_hi_000080_0.png,hindi,notice,train,train
ar_hi_000062_0.png,hindi,acts_rules,train,train
ar_hi_000259_0.png,hindi,acts_rules,train,train
fm_mr_000254_0.png,marathi,forms,test,train
np_mr_000347_1.png,marathi,newspaper,test,train
fm_hi_000013_0.png,hindi,forms,train,train
qp_mr_000131_0.png,marathi,question_paper,train,train
nt_en_000295_1.png,english,notice,train,train
ar_en_000766.png,english,acts_rules,train,train
qp_hi_000084_0.png,hindi,question_paper,test,train
nt_mr_000604.png,marathi,notice,train,train
ar_en_000170.png,english,acts_rules,train,train
fm_en_000016_0.png,english,forms,train,train
ar_mr_000213_0.png,marathi,acts_rules,train,train
fm_mr_000238_0.png,marathi,forms,train,train
ar_en_001098.png,english,acts_rules,train,train
ar_mr_000715_1.png,marathi,acts_rules,train,train
qp_hi_000495_0.png,hindi,question_paper,train,train
ar_hi_000525_1.png,hindi,acts_rules,train,train
fm_en_000502_0.png,english,forms,train,train
ar_en_001416.png,english,acts_rules,test,train
ar_hi_000675_1.png,hindi,acts_rules,train,train
qp_mr_000598_1.png,marathi,question_paper,test,train
ar_en_000721.png,english,acts_rules,train,train
fm_en_000198_0.png,english,forms,train,train
fm_en_000287_0.png,english,forms,train,train
ar_en_001008.png,english,acts_rules,train,train
qp_hi_000649_0.png,hindi,question_paper,train,train
ar_en_001224.png,english,acts_rules,train,train
qp_hi_000268_0.png,hindi,question_paper,train,train
fm_hi_000528_1.png,hindi,forms,train,train
ar_mr_000064_0.png,marathi,acts_rules,train,train
qp_mr_000382_1.png,marathi,question_paper,val,train
fm_mr_000381_0.png,marathi,forms,val,train
np_en_000486_1.png,english,newspaper,train,train
ar_hi_000514_1.png,hindi,acts_rules,train,train
fm_en_000351_0.png,english,forms,train,train
ar_en_000553.png,english,acts_rules,train,train
np_hi_000465_1.png,hindi,newspaper,train,train
np_mr_000495_1.png,marathi,newspaper,train,train
fm_hi_000715_1.png,hindi,forms,train,train
qp_hi_000140_0.png,hindi,question_paper,train,train
fm_en_000052_0.png,english,forms,train,train
ar_mr_000797_1.png,marathi,acts_rules,train,train
np_mr_000217_1.png,marathi,newspaper,train,train
ar_en_000642.png,english,acts_rules,train,train
ar_hi_000523_1.png,hindi,acts_rules,train,train
fm_en_000335_0.png,english,forms,test,train
qp_hi_000857_0.png,hindi,question_paper,train,train
ar_en_001107.png,english,acts_rules,train,train
ar_hi_000438_1.png,hindi,acts_rules,train,train
ar_en_000767.png,english,acts_rules,test,train
fm_mr_000204_0.png,marathi,forms,train,train
fm_mr_000257_0.png,marathi,forms,train,train
nt_hi_000563_1.png,hindi,notice,train,train
np_mr_000355_1.png,marathi,newspaper,train,train
nt_mr_000465.png,marathi,notice,train,train
ar_hi_000030_0.png,hindi,acts_rules,train,train
ar_hi_000203_0.png,hindi,acts_rules,train,train
ar_en_000693.png,english,acts_rules,train,train
qp_mr_000142_0.png,marathi,question_paper,train,train
qp_hi_000494_0.png,hindi,question_paper,train,train
fm_mr_000253_0.png,marathi,forms,train,train
qp_hi_000163_0.png,hindi,question_paper,train,train
ar_mr_000965_1.png,marathi,acts_rules,train,train
fm_en_000546_0.png,english,forms,train,train
ar_en_001238.png,english,acts_rules,train,train
np_hi_000518_1.png,hindi,newspaper,train,train
np_mr_000125_1.png,marathi,newspaper,train,train
np_en_000494_1.png,english,newspaper,train,train
ar_en_000463.png,english,acts_rules,train,train
fm_en_000099_0.png,english,forms,test,train
np_mr_000316_1.png,marathi,newspaper,train,train
fm_mr_000112_0.png,marathi,forms,train,train
nt_hi_000134_0.png,hindi,notice,test,train
ar_en_001060.png,english,acts_rules,train,train
fm_mr_000130_0.png,marathi,forms,train,train
np_mr_000353_1.png,marathi,newspaper,train,train
ar_en_001054.png,english,acts_rules,train,train
nt_hi_000161_0.png,hindi,notice,train,train
ar_en_000196.png,english,acts_rules,train,train
qp_hi_000287_0.png,hindi,question_paper,train,train
ar_hi_000269_0.png,hindi,acts_rules,train,train
fm_mr_000474_1.png,marathi,forms,train,train
qp_mr_000323_1.png,marathi,question_paper,test,train
np_mr_000326_1.png,marathi,newspaper,train,train
fm_mr_000072_0.png,marathi,forms,train,train
ar_en_000729.png,english,acts_rules,train,train
qp_hi_000711_0.png,hindi,question_paper,train,train
np_en_000259_1.png,english,newspaper,test,train
np_hi_000115_1.png,hindi,newspaper,train,train
ar_en_000013.png,english,acts_rules,train,train
np_mr_000155_1.png,marathi,newspaper,train,train
fm_en_000177_0.png,english,forms,train,train
nt_hi_000348_1.png,hindi,notice,train,train
ar_mr_000728_1.png,marathi,acts_rules,train,train
ar_hi_000628_1.png,hindi,acts_rules,train,train
ar_mr_000280_0.png,marathi,acts_rules,train,train
ar_mr_000774_1.png,marathi,acts_rules,train,train
ar_hi_000563_1.png,hindi,acts_rules,train,train
qp_mr_000120_0.png,marathi,question_paper,train,train
ar_mr_000284_0.png,marathi,acts_rules,train,train
nt_mr_000486.png,marathi,notice,test,train
nt_hi_000168_0.png,hindi,notice,train,train
nt_mr_000097.png,marathi,notice,train,train
nt_en_000144_1.png,english,notice,train,train
ar_mr_001011_1.png,marathi,acts_rules,train,train
np_mr_000151_1.png,marathi,newspaper,test,train
nt_hi_000424_1.png,hindi,notice,train,train
ar_mr_000001_0.png,marathi,acts_rules,train,train
ar_mr_000787_1.png,marathi,acts_rules,train,train
fm_hi_000463_1.png,hindi,forms,val,train
fm_hi_000043_0.png,hindi,forms,test,train
np_en_000275_1.png,english,newspaper,train,train
fm_en_000008_0.png,english,forms,train,train
fm_hi_000753_1.png,hindi,forms,train,train
nt_hi_000540_1.png,hindi,notice,test,train
fm_en_000193_0.png,english,forms,train,train
ar_en_001109.png,english,acts_rules,train,train
ar_en_000229.png,english,acts_rules,val,train
fm_mr_000248_0.png,marathi,forms,train,train
np_mr_000011_1.png,marathi,newspaper,train,train
ar_mr_000700_1.png,marathi,acts_rules,train,train
fm_en_000094_0.png,english,forms,train,train
qp_hi_000763_0.png,hindi,question_paper,train,train
np_mr_000007_1.png,marathi,newspaper,val,train
ar_hi_000219_0.png,hindi,acts_rules,train,train
fm_hi_000047_0.png,hindi,forms,val,train
fm_hi_000471_1.png,hindi,forms,train,train
ar_en_000548.png,english,acts_rules,val,train
qp_hi_000900_0.png,hindi,question_paper,train,train
np_mr_000329_1.png,marathi,newspaper,train,train
qp_hi_000602_0.png,hindi,question_paper,train,train
qp_hi_000886_0.png,hindi,question_paper,test,train
np_mr_000455_1.png,marathi,newspaper,train,train
qp_hi_000642_0.png,hindi,question_paper,train,train
ar_mr_000418_0.png,marathi,acts_rules,train,train
fm_mr_000460_1.png,marathi,forms,train,train
ar_mr_000237_0.png,marathi,acts_rules,train,train
fm_hi_000716_1.png,hindi,forms,train,train
ar_mr_000016_0.png,marathi,acts_rules,train,train
np_mr_000167_1.png,marathi,newspaper,train,train
ar_hi_000448_1.png,hindi,acts_rules,train,train
ar_mr_000159_0.png,marathi,acts_rules,train,train
qp_hi_000781_0.png,hindi,question_paper,train,train
ar_en_000646.png,english,acts_rules,train,train
nt_hi_000149_0.png,hindi,notice,test,train
qp_hi_000094_0.png,hindi,question_paper,val,train
nt_en_000108_1.png,english,notice,train,train
nt_hi_000003_0.png,hindi,notice,train,train
qp_hi_000629_0.png,hindi,question_paper,train,train
fm_en_000320_0.png,english,forms,test,train
ar_mr_000260_0.png,marathi,acts_rules,train,train
qp_hi_000175_0.png,hindi,question_paper,test,train
qp_hi_000292_0.png,hindi,question_paper,train,train
qp_mr_000211_0.png,marathi,question_paper,test,train
np_mr_000411_1.png,marathi,newspaper,train,train
qp_hi_000263_0.png,hindi,question_paper,train,train
ar_hi_000578_1.png,hindi,acts_rules,test,train
np_hi_000049_1.png,hindi,newspaper,val,train
ar_en_001256.png,english,acts_rules,train,train
fm_mr_000127_0.png,marathi,forms,train,train
fm_hi_000454_1.png,hindi,forms,train,train
ar_en_001367.png,english,acts_rules,train,train
ar_en_000123.png,english,acts_rules,train,train
fm_mr_000525_1.png,marathi,forms,train,train
qp_hi_000321_0.png,hindi,question_paper,train,train
np_hi_000078_1.png,hindi,newspaper,train,train
ar_hi_000491_1.png,hindi,acts_rules,train,train
qp_mr_000165_0.png,marathi,question_paper,train,train
ar_en_001003.png,english,acts_rules,train,train
fm_hi_000410_1.png,hindi,forms,test,train
fm_hi_000188_0.png,hindi,forms,val,train
fm_en_000508_0.png,english,forms,train,train
qp_hi_000215_0.png,hindi,question_paper,test,train
qp_mr_000506_1.png,marathi,question_paper,train,train
np_en_000178_0.png,english,newspaper,val,train
fm_hi_000444_1.png,hindi,forms,train,train
nt_mr_000106.png,marathi,notice,val,train
fm_en_000380_0.png,english,forms,train,train
nt_hi_000308_1.png,hindi,notice,train,train
fm_hi_000568_1.png,hindi,forms,train,train
ar_mr_000365_0.png,marathi,acts_rules,test,train
fm_en_000184_0.png,english,forms,train,train
ar_en_000151.png,english,acts_rules,train,train
np_hi_000211_1.png,hindi,newspaper,train,train
ar_hi_000236_0.png,hindi,acts_rules,train,train
ar_mr_001067_1.png,marathi,acts_rules,train,train
ar_en_000707.png,english,acts_rules,train,train
ar_en_000635.png,english,acts_rules,train,train
ar_mr_000202_0.png,marathi,acts_rules,train,train
qp_hi_000836_0.png,hindi,question_paper,train,train
np_mr_000414_1.png,marathi,newspaper,train,train
nt_mr_000385.png,marathi,notice,train,train
ar_en_000079.png,english,acts_rules,train,train
nt_hi_000438_1.png,hindi,notice,train,train
nt_hi_000115_0.png,hindi,notice,train,train
qp_hi_000184_0.png,hindi,question_paper,train,train
fm_hi_000375_1.png,hindi,forms,train,train
ar_en_000904.png,english,acts_rules,val,train
fm_hi_000222_0.png,hindi,forms,val,train
nt_en_000251_1.png,english,notice,train,train
fm_hi_000588_1.png,hindi,forms,train,train
nt_hi_000127_0.png,hindi,notice,train,train
nt_mr_000234.png,marathi,notice,val,train
ar_mr_000332_0.png,marathi,acts_rules,train,train
qp_hi_000223_0.png,hindi,question_paper,test,train
qp_mr_000529_1.png,marathi,question_paper,train,train
fm_mr_000439_0.png,marathi,forms,val,train
np_en_000097_0.png,english,newspaper,train,train
np_mr_000281_1.png,marathi,newspaper,train,train
qp_hi_000142_0.png,hindi,question_paper,train,train
fm_mr_000357_0.png,marathi,forms,train,train
fm_mr_000240_0.png,marathi,forms,train,train
qp_mr_000617_1.png,marathi,question_paper,train,train
qp_hi_000862_0.png,hindi,question_paper,test,train
ar_mr_000258_0.png,marathi,acts_rules,train,train
fm_hi_000306_1.png,hindi,forms,train,train
nt_en_000293_1.png,english,notice,train,train
fm_mr_000350_0.png,marathi,forms,train,train
fm_hi_000346_1.png,hindi,forms,train,train
ar_mr_000591_1.png,marathi,acts_rules,test,train
np_en_000542_1.png,english,newspaper,train,train
fm_mr_000632_1.png,marathi,forms,test,train
fm_en_000331_0.png,english,forms,train,train
np_hi_000236_1.png,hindi,newspaper,test,train
ar_mr_000514_0.png,marathi,acts_rules,val,train
nt_mr_000098.png,marathi,notice,val,train
np_en_000115_0.png,english,newspaper,train,train
nt_hi_000402_1.png,hindi,notice,train,train
fm_mr_000036_0.png,marathi,forms,train,train
ar_en_000677.png,english,acts_rules,train,train
nt_mr_000509.png,marathi,notice,train,train
fm_mr_000600_1.png,marathi,forms,train,train
qp_mr_000343_1.png,marathi,question_paper,train,train
qp_mr_000311_1.png,marathi,question_paper,train,train
nt_mr_000727.png,marathi,notice,train,train
qp_hi_000503_0.png,hindi,question_paper,train,train
qp_mr_000067_0.png,marathi,question_paper,train,train
ar_mr_000708_1.png,marathi,acts_rules,train,train
qp_mr_000438_1.png,marathi,question_paper,train,train
nt_hi_000498_1.png,hindi,notice,train,train
np_mr_000454_1.png,marathi,newspaper,test,train
np_hi_000279_1.png,hindi,newspaper,train,train
nt_en_000036_1.png,english,notice,train,train
ar_en_000591.png,english,acts_rules,train,train
np_en_000503_1.png,english,newspaper,test,train
qp_hi_000036_0.png,hindi,question_paper,test,train
fm_en_000457_0.png,english,forms,train,train
ar_hi_000651_1.png,hindi,acts_rules,train,train
nt_hi_000441_1.png,hindi,notice,train,train
fm_mr_000397_0.png,marathi,forms,train,train
ar_en_001233.png,english,acts_rules,train,train
np_en_000068_0.png,english,newspaper,train,train
ar_mr_000435_0.png,marathi,acts_rules,train,train
ar_en_000670.png,english,acts_rules,train,train
np_mr_000457_1.png,marathi,newspaper,train,train
fm_en_000323_0.png,english,forms,train,train
ar_en_000900.png,english,acts_rules,train,train
ar_mr_000340_0.png,marathi,acts_rules,train,train
ar_hi_000201_0.png,hindi,acts_rules,train,train
nt_hi_000191_0.png,hindi,notice,train,train
fm_en_000426_0.png,english,forms,train,train
ar_en_000382.png,english,acts_rules,train,train
ar_en_000276.png,english,acts_rules,train,train
nt_hi_000351_1.png,hindi,notice,test,train
ar_mr_000116_0.png,marathi,acts_rules,train,train
fm_en_000270_0.png,english,forms,train,train
fm_mr_000067_0.png,marathi,forms,train,train
fm_en_000514_0.png,english,forms,val,train
qp_hi_000774_0.png,hindi,question_paper,train,train
ar_hi_000273_0.png,hindi,acts_rules,train,train
fm_hi_000619_1.png,hindi,forms,train,train
nt_mr_000716.png,marathi,notice,test,train
ar_en_001057.png,english,acts_rules,train,train
qp_hi_000762_0.png,hindi,question_paper,train,train
fm_en_000356_0.png,english,forms,train,train
ar_en_001309.png,english,acts_rules,test,train
nt_mr_000749.png,marathi,notice,train,train
ar_hi_000059_0.png,hindi,acts_rules,train,train
ar_mr_001009_1.png,marathi,acts_rules,train,train
ar_mr_000664_1.png,marathi,acts_rules,train,train
ar_en_000020.png,english,acts_rules,train,train
fm_mr_000332_0.png,marathi,forms,train,train
nt_en_000390_1.png,english,notice,train,train
fm_hi_000755_1.png,hindi,forms,train,train
qp_mr_000238_1.png,marathi,question_paper,train,train
ar_en_001342.png,english,acts_rules,train,train
np_en_000106_0.png,english,newspaper,train,train
ar_en_000701.png,english,acts_rules,train,train
np_en_000172_0.png,english,newspaper,train,train
nt_hi_000390_1.png,hindi,notice,val,train
fm_hi_000072_0.png,hindi,forms,train,train
fm_hi_000777_1.png,hindi,forms,val,train
ar_mr_000268_0.png,marathi,acts_rules,train,train
ar_en_000711.png,english,acts_rules,train,train
ar_en_000375.png,english,acts_rules,train,train
fm_hi_000348_1.png,hindi,forms,train,train
np_en_000140_0.png,english,newspaper,train,train
np_mr_000273_1.png,marathi,newspaper,test,train
ar_en_001065.png,english,acts_rules,val,train
ar_en_001216.png,english,acts_rules,train,train
nt_en_000123_1.png,english,notice,train,train
ar_mr_001064_1.png,marathi,acts_rules,train,train
ar_mr_000364_0.png,marathi,acts_rules,val,train
ar_en_001235.png,english,acts_rules,val,train
fm_en_000403_0.png,english,forms,train,train
np_en_000038_0.png,english,newspaper,train,train
ar_en_000559.png,english,acts_rules,train,train
fm_en_000398_0.png,english,forms,train,train
np_en_000435_1.png,english,newspaper,train,train
ar_mr_000783_1.png,marathi,acts_rules,train,train
fm_en_000497_0.png,english,forms,train,train
qp_hi_000181_0.png,hindi,question_paper,train,train
qp_hi_000284_0.png,hindi,question_paper,val,train
qp_mr_000514_1.png,marathi,question_paper,train,train
qp_hi_000061_0.png,hindi,question_paper,train,train
ar_en_000350.png,english,acts_rules,train,train
nt_mr_000215.png,marathi,notice,train,train
qp_hi_000437_0.png,hindi,question_paper,val,train
ar_en_000999.png,english,acts_rules,train,train
np_mr_000099_1.png,marathi,newspaper,val,train
ar_en_000742.png,english,acts_rules,test,train
ar_en_001385.png,english,acts_rules,val,train
np_en_000214_1.png,english,newspaper,train,train
nt_hi_000527_1.png,hindi,notice,train,train
np_en_000055_0.png,english,newspaper,train,train
ar_mr_000556_0.png,marathi,acts_rules,test,train
ar_hi_000545_1.png,hindi,acts_rules,train,train
ar_hi_000157_0.png,hindi,acts_rules,test,train
ar_mr_000923_1.png,marathi,acts_rules,train,train
np_en_000300_1.png,english,newspaper,train,train
nt_en_000514_1.png,english,notice,train,train
fm_mr_000548_1.png,marathi,forms,train,train
ar_mr_000962_1.png,marathi,acts_rules,train,train
np_en_000239_1.png,english,newspaper,train,train
np_en_000141_0.png,english,newspaper,train,train
np_hi_000014_1.png,hindi,newspaper,train,train
fm_hi_000582_1.png,hindi,forms,train,train
np_hi_000561_1.png,hindi,newspaper,val,train
qp_mr_000625_1.png,marathi,question_paper,train,train
ar_mr_000500_0.png,marathi,acts_rules,train,train
nt_en_000040_1.png,english,notice,train,train
ar_hi_000287_0.png,hindi,acts_rules,train,train
ar_en_000154.png,english,acts_rules,val,train
fm_mr_000602_1.png,marathi,forms,test,train
ar_en_000171.png,english,acts_rules,train,train
np_mr_000044_1.png,marathi,newspaper,train,train
ar_en_001459.png,english,acts_rules,train,train
fm_en_000391_0.png,english,forms,train,train
qp_hi_000454_0.png,hindi,question_paper,train,train
ar_hi_000534_1.png,hindi,acts_rules,val,train
fm_hi_000422_1.png,hindi,forms,train,train
nt_mr_000298.png,marathi,notice,train,train
nt_mr_000331.png,marathi,notice,train,train
fm_mr_000119_0.png,marathi,forms,train,train
ar_en_000658.png,english,acts_rules,train,train
nt_en_000325_1.png,english,notice,val,train
qp_hi_000669_0.png,hindi,question_paper,train,train
np_mr_000054_1.png,marathi,newspaper,train,train
ar_en_000672.png,english,acts_rules,train,train
ar_hi_000142_0.png,hindi,acts_rules,train,train
nt_en_000236_1.png,english,notice,train,train
nt_mr_000263.png,marathi,notice,train,train
qp_mr_000306_1.png,marathi,question_paper,train,train
qp_mr_000060_0.png,marathi,question_paper,train,train
ar_hi_000091_0.png,hindi,acts_rules,train,train
fm_hi_000103_0.png,hindi,forms,train,train
ar_en_000875.png,english,acts_rules,train,train
ar_mr_000369_0.png,marathi,acts_rules,train,train
ar_mr_001000_1.png,marathi,acts_rules,train,train
ar_en_000400.png,english,acts_rules,train,train
ar_en_000533.png,english,acts_rules,train,train
nt_mr_000463.png,marathi,notice,train,train
ar_en_000027.png,english,acts_rules,train,train
qp_mr_000559_1.png,marathi,question_paper,train,train
ar_en_000908.png,english,acts_rules,train,train
nt_mr_000450.png,marathi,notice,train,train
fm_mr_000037_0.png,marathi,forms,train,train
nt_mr_000462.png,marathi,notice,train,train
nt_en_000178_1.png,english,notice,train,train
np_hi_000172_1.png,hindi,newspaper,train,train
np_mr_000238_1.png,marathi,newspaper,train,train
np_hi_000004_1.png,hindi,newspaper,train,train
qp_mr_000566_1.png,marathi,question_paper,train,train
qp_mr_000362_1.png,marathi,question_paper,train,train
nt_en_000115_1.png,english,notice,train,train
np_en_000143_0.png,english,newspaper,train,train
nt_en_000489_1.png,english,notice,train,train
nt_en_000486_1.png,english,notice,train,train
np_mr_000105_1.png,marathi,newspaper,train,train
ar_en_000586.png,english,acts_rules,train,train
ar_hi_000363_1.png,hindi,acts_rules,train,train
qp_hi_000526_0.png,hindi,question_paper,train,train
ar_en_000855.png,english,acts_rules,train,train
nt_hi_000176_0.png,hindi,notice,val,train
qp_hi_000641_0.png,hindi,question_paper,train,train
ar_en_001495.png,english,acts_rules,train,train
fm_mr_000568_1.png,marathi,forms,train,train
np_en_000058_0.png,english,newspaper,test,train
fm_hi_000718_1.png,hindi,forms,val,train
fm_mr_000310_0.png,marathi,forms,train,train
np_hi_000085_1.png,hindi,newspaper,train,train
nt_mr_000025.png,marathi,notice,train,train
np_mr_000466_1.png,marathi,newspaper,train,train
np_hi_000019_1.png,hindi,newspaper,train,train
fm_hi_000167_0.png,hindi,forms,train,train
qp_hi_000661_0.png,hindi,question_paper,train,train
qp_hi_000146_0.png,hindi,question_paper,train,train
ar_hi_000682_1.png,hindi,acts_rules,train,train
ar_mr_000624_1.png,marathi,acts_rules,train,train
np_hi_000284_1.png,hindi,newspaper,train,train
fm_en_000412_0.png,english,forms,test,train
ar_en_000040.png,english,acts_rules,test,train
qp_mr_000457_1.png,marathi,question_paper,test,train
ar_en_001455.png,english,acts_rules,train,train
ar_mr_000490_0.png,marathi,acts_rules,train,train
fm_hi_000605_1.png,hindi,forms,train,train
ar_en_000744.png,english,acts_rules,train,train
ar_en_001043.png,english,acts_rules,train,train
fm_hi_000546_1.png,hindi,forms,train,train
ar_hi_000337_0.png,hindi,acts_rules,train,train
qp_hi_000508_0.png,hindi,question_paper,test,train
ar_en_001348.png,english,acts_rules,train,train
ar_en_000354.png,english,acts_rules,train,train
fm_mr_000529_1.png,marathi,forms,train,train
qp_hi_000660_0.png,hindi,question_paper,train,train
nt_mr_000040.png,marathi,notice,train,train
nt_mr_000471.png,marathi,notice,train,train
qp_hi_000658_0.png,hindi,question_paper,train,train
ar_mr_000168_0.png,marathi,acts_rules,train,train
qp_mr_000334_1.png,marathi,question_paper,train,train
ar_en_001278.png,english,acts_rules,train,train
nt_hi_000493_1.png,hindi,notice,train,train
ar_mr_000616_1.png,marathi,acts_rules,val,train
qp_hi_000429_0.png,hindi,question_paper,val,train
nt_en_000080_1.png,english,notice,train,train
ar_hi_000499_1.png,hindi,acts_rules,train,train
qp_mr_000267_1.png,marathi,question_paper,test,train
nt_mr_000057.png,marathi,notice,train,train
qp_hi_000138_0.png,hindi,question_paper,train,train
np_en_000270_1.png,english,newspaper,train,train
ar_en_000974.png,english,acts_rules,train,train
nt_mr_000243.png,marathi,notice,train,train
nt_en_000380_1.png,english,notice,train,train
nt_mr_000620.png,marathi,notice,test,train
ar_hi_000296_0.png,hindi,acts_rules,train,train
np_mr_000328_1.png,marathi,newspaper,train,train
qp_mr_000425_1.png,marathi,question_paper,train,train
qp_mr_000126_0.png,marathi,question_paper,train,train
nt_en_000267_1.png,english,notice,test,train
ar_hi_000018_0.png,hindi,acts_rules,train,train
ar_en_001494.png,english,acts_rules,train,train
fm_en_000440_0.png,english,forms,train,train
nt_mr_000220.png,marathi,notice,train,train
np_hi_000408_1.png,hindi,newspaper,train,train
nt_mr_000026.png,marathi,notice,train,train
ar_en_000940.png,english,acts_rules,train,train
fm_hi_000112_0.png,hindi,forms,train,train
fm_en_000545_0.png,english,forms,train,train
ar_en_000270.png,english,acts_rules,train,train
ar_mr_000238_0.png,marathi,acts_rules,test,train
np_hi_000163_1.png,hindi,newspaper,train,train
np_hi_000228_1.png,hindi,newspaper,train,train
nt_mr_000642.png,marathi,notice,train,train
fm_en_000264_0.png,english,forms,train,train
nt_mr_000615.png,marathi,notice,train,train
fm_hi_000097_0.png,hindi,forms,train,train
ar_en_000130.png,english,acts_rules,test,train
np_mr_000079_1.png,marathi,newspaper,train,train
ar_en_001026.png,english,acts_rules,train,train
ar_mr_000177_0.png,marathi,acts_rules,test,train
qp_hi_000072_0.png,hindi,question_paper,test,train
np_hi_000040_1.png,hindi,newspaper,test,train
qp_mr_000462_1.png,marathi,question_paper,train,train
np_mr_000141_1.png,marathi,newspaper,test,train
nt_hi_000193_0.png,hindi,notice,val,train
fm_mr_000303_0.png,marathi,forms,train,train
fm_hi_000653_1.png,hindi,forms,train,train
np_mr_000433_1.png,marathi,newspaper,train,train
ar_hi_000594_1.png,hindi,acts_rules,train,train
qp_hi_000871_0.png,hindi,question_paper,train,train
ar_en_000189.png,english,acts_rules,train,train
qp_mr_000069_0.png,marathi,question_paper,train,train
nt_en_000331_1.png,english,notice,train,train
ar_hi_000634_1.png,hindi,acts_rules,train,train
nt_mr_000137.png,marathi,notice,train,train
fm_hi_000562_1.png,hindi,forms,train,train
fm_en_000014_0.png,english,forms,train,train
np_en_000461_1.png,english,newspaper,val,train
qp_mr_000696_1.png,marathi,question_paper,train,train
np_en_000386_1.png,english,newspaper,train,train
np_mr_000345_1.png,marathi,newspaper,train,train
np_mr_000301_1.png,marathi,newspaper,train,train
fm_mr_000056_0.png,marathi,forms,train,train
nt_hi_000254_0.png,hindi,notice,test,train
ar_en_000363.png,english,acts_rules,val,train
fm_hi_000232_0.png,hindi,forms,train,train
fm_hi_000185_0.png,hindi,forms,train,train
nt_en_000275_1.png,english,notice,train,train
np_hi_000136_1.png,hindi,newspaper,train,train
qp_mr_000212_0.png,marathi,question_paper,train,train
nt_mr_000030.png,marathi,notice,train,train
np_en_000099_0.png,english,newspaper,val,train
qp_hi_000807_0.png,hindi,question_paper,train,train
qp_hi_000696_0.png,hindi,question_paper,test,train
fm_en_000107_0.png,english,forms,train,train
ar_en_001422.png,english,acts_rules,val,train
qp_hi_000427_0.png,hindi,question_paper,train,train
nt_en_000009_1.png,english,notice,train,train
np_mr_000202_1.png,marathi,newspaper,train,train
np_mr_000130_1.png,marathi,newspaper,train,train
qp_mr_000198_0.png,marathi,question_paper,train,train
nt_mr_000437.png,marathi,notice,train,train
ar_mr_000695_1.png,marathi,acts_rules,train,train
np_en_000309_1.png,english,newspaper,test,train
nt_hi_000507_1.png,hindi,notice,train,train
ar_hi_000161_0.png,hindi,acts_rules,train,train
qp_mr_000242_1.png,marathi,question_paper,train,train
qp_hi_000256_0.png,hindi,question_paper,train,train
nt_mr_000739.png,marathi,notice,train,train
fm_hi_000565_1.png,hindi,forms,test,train
np_hi_000485_1.png,hindi,newspaper,train,train
fm_hi_000431_1.png,hindi,forms,val,train
ar_hi_000244_0.png,hindi,acts_rules,train,train
qp_mr_000545_1.png,marathi,question_paper,val,train
ar_en_001175.png,english,acts_rules,train,train
ar_mr_000660_1.png,marathi,acts_rules,test,train
np_mr_000136_1.png,marathi,newspaper,val,train
nt_en_000244_1.png,english,notice,train,train
qp_mr_000057_0.png,marathi,question_paper,train,train
qp_mr_000544_1.png,marathi,question_paper,train,train
fm_hi_000382_1.png,hindi,forms,train,train
qp_mr_000628_1.png,marathi,question_paper,train,train
qp_mr_000313_1.png,marathi,question_paper,train,train
ar_en_000044.png,english,acts_rules,train,train
nt_en_000447_1.png,english,notice,val,train
ar_en_001329.png,english,acts_rules,test,train
nt_mr_000073.png,marathi,notice,train,train
np_en_000473_1.png,english,newspaper,val,train
nt_mr_000553.png,marathi,notice,test,train
np_en_000120_0.png,english,newspaper,train,train
ar_en_000134.png,english,acts_rules,train,train
qp_hi_000507_0.png,hindi,question_paper,train,train
ar_hi_000017_0.png,hindi,acts_rules,val,train
ar_en_001210.png,english,acts_rules,train,train
ar_en_000342.png,english,acts_rules,train,train
nt_hi_000273_0.png,hindi,notice,test,train
nt_hi_000551_1.png,hindi,notice,train,train
ar_en_000825.png,english,acts_rules,val,train
np_mr_000432_1.png,marathi,newspaper,train,train
ar_mr_000161_0.png,marathi,acts_rules,train,train
ar_mr_000478_0.png,marathi,acts_rules,train,train
nt_mr_000507.png,marathi,notice,train,train
nt_hi_000184_0.png,hindi,notice,train,train
ar_mr_000559_0.png,marathi,acts_rules,train,train
ar_mr_000296_0.png,marathi,acts_rules,train,train
fm_hi_000199_0.png,hindi,forms,train,train
ar_mr_000416_0.png,marathi,acts_rules,train,train
ar_en_000110.png,english,acts_rules,val,train
fm_en_000242_0.png,english,forms,train,train
fm_mr_000135_0.png,marathi,forms,train,train
fm_mr_000166_0.png,marathi,forms,val,train
ar_hi_000117_0.png,hindi,acts_rules,val,train
np_en_000407_1.png,english,newspaper,train,train
nt_en_000359_1.png,english,notice,train,train
qp_mr_000315_1.png,marathi,question_paper,train,train
nt_hi_000501_1.png,hindi,notice,train,train
fm_hi_000615_1.png,hindi,forms,train,train
fm_mr_000611_1.png,marathi,forms,train,train
nt_en_000106_1.png,english,notice,train,train
qp_mr_000665_1.png,marathi,question_paper,test,train
ar_mr_000037_0.png,marathi,acts_rules,train,train
ar_mr_000221_0.png,marathi,acts_rules,train,train
nt_en_000229_1.png,english,notice,test,train
qp_hi_000393_0.png,hindi,question_paper,train,train
qp_mr_000167_0.png,marathi,question_paper,val,train
nt_hi_000545_1.png,hindi,notice,train,train
nt_hi_000359_1.png,hindi,notice,train,train
np_en_000540_1.png,english,newspaper,train,train
qp_hi_000896_0.png,hindi,question_paper,train,train
nt_hi_000082_0.png,hindi,notice,train,train
ar_hi_000311_0.png,hindi,acts_rules,train,train
fm_en_000188_0.png,english,forms,train,train
fm_en_000526_0.png,english,forms,train,train
nt_en_000096_1.png,english,notice,train,train
nt_hi_000508_1.png,hindi,notice,train,train
ar_en_000931.png,english,acts_rules,train,train
ar_hi_000151_0.png,hindi,acts_rules,train,train
ar_mr_000885_1.png,marathi,acts_rules,train,train
nt_mr_000631.png,marathi,notice,val,train
ar_mr_001037_1.png,marathi,acts_rules,val,train
ar_mr_000073_0.png,marathi,acts_rules,val,train
qp_hi_000799_0.png,hindi,question_paper,train,train
np_mr_000482_1.png,marathi,newspaper,test,train
qp_hi_000697_0.png,hindi,question_paper,train,train
ar_en_001195.png,english,acts_rules,train,train
qp_mr_000203_0.png,marathi,question_paper,val,train
np_mr_000112_1.png,marathi,newspaper,train,train
ar_en_000688.png,english,acts_rules,train,train
fm_hi_000646_1.png,hindi,forms,train,train
nt_en_000382_1.png,english,notice,train,train
ar_hi_000172_0.png,hindi,acts_rules,train,train
ar_en_000993.png,english,acts_rules,train,train
ar_en_000892.png,english,acts_rules,train,train
qp_mr_000630_1.png,marathi,question_paper,val,train
ar_hi_000081_0.png,hindi,acts_rules,train,train
ar_hi_000495_1.png,hindi,acts_rules,train,train
qp_mr_000361_1.png,marathi,question_paper,train,train
ar_en_001433.png,english,acts_rules,train,train
fm_mr_000478_1.png,marathi,forms,train,train
nt_mr_000082.png,marathi,notice,train,train
fm_hi_000141_0.png,hindi,forms,test,train
nt_hi_000397_1.png,hindi,notice,train,train
fm_en_000223_0.png,english,forms,val,train
ar_hi_000517_1.png,hindi,acts_rules,test,train
ar_mr_000025_0.png,marathi,acts_rules,train,train
ar_mr_000661_1.png,marathi,acts_rules,test,train
fm_hi_000303_1.png,hindi,forms,train,train
np_hi_000550_1.png,hindi,newspaper,test,train
fm_hi_000736_1.png,hindi,forms,train,train
nt_mr_000007.png,marathi,notice,test,train
fm_mr_000398_0.png,marathi,forms,train,train
ar_hi_000485_1.png,hindi,acts_rules,train,train
ar_en_000915.png,english,acts_rules,train,train
fm_hi_000392_1.png,hindi,forms,train,train
nt_hi_000605_1.png,hindi,notice,test,train
ar_en_001038.png,english,acts_rules,train,train
ar_mr_000673_1.png,marathi,acts_rules,train,train
qp_mr_000346_1.png,marathi,question_paper,train,train
nt_hi_000227_0.png,hindi,notice,train,train
qp_mr_000199_0.png,marathi,question_paper,train,train
qp_mr_000302_1.png,marathi,question_paper,train,train
qp_hi_000093_0.png,hindi,question_paper,test,train
np_hi_000291_1.png,hindi,newspaper,train,train
qp_mr_000636_1.png,marathi,question_paper,train,train
ar_mr_000924_1.png,marathi,acts_rules,train,train
qp_hi_000491_0.png,hindi,question_paper,train,train
nt_hi_000587_1.png,hindi,notice,train,train
ar_en_000695.png,english,acts_rules,test,train
ar_en_000074.png,english,acts_rules,train,train
fm_mr_000363_0.png,marathi,forms,train,train
ar_en_000026.png,english,acts_rules,train,train
ar_en_000839.png,english,acts_rules,train,train
ar_en_000080.png,english,acts_rules,val,train
fm_en_000430_0.png,english,forms,train,train
nt_mr_000401.png,marathi,notice,val,train
ar_mr_000206_0.png,marathi,acts_rules,train,train
ar_mr_000750_1.png,marathi,acts_rules,train,train
fm_hi_000642_1.png,hindi,forms,train,train
ar_mr_000732_1.png,marathi,acts_rules,train,train
np_hi_000482_1.png,hindi,newspaper,train,train
ar_mr_000343_0.png,marathi,acts_rules,train,train
nt_mr_000090.png,marathi,notice,train,train
np_mr_000359_1.png,marathi,newspaper,train,train
fm_en_000275_0.png,english,forms,train,train
fm_hi_000216_0.png,hindi,forms,train,train
np_mr_000159_1.png,marathi,newspaper,test,train
nt_hi_000446_1.png,hindi,notice,train,train
np_en_000439_1.png,english,newspaper,test,train
fm_mr_000645_1.png,marathi,forms,train,train
qp_mr_000229_1.png,marathi,question_paper,train,train
qp_hi_000561_0.png,hindi,question_paper,train,train
nt_mr_000101.png,marathi,notice,train,train
ar_hi_000217_0.png,hindi,acts_rules,train,train
np_en_000529_1.png,english,newspaper,train,train
np_mr_000289_1.png,marathi,newspaper,train,train
nt_mr_000431.png,marathi,notice,train,train
qp_hi_000468_0.png,hindi,question_paper,train,train
np_mr_000026_1.png,marathi,newspaper,train,train
ar_en_001486.png,english,acts_rules,train,train
ar_mr_001059_1.png,marathi,acts_rules,train,train
fm_en_000190_0.png,english,forms,test,train
ar_hi_000144_0.png,hindi,acts_rules,train,train
ar_mr_000996_1.png,marathi,acts_rules,train,train
nt_hi_000349_1.png,hindi,notice,val,train
nt_mr_000160.png,marathi,notice,test,train
ar_en_000227.png,english,acts_rules,train,train
qp_hi_000044_0.png,hindi,question_paper,train,train
ar_hi_000251_0.png,hindi,acts_rules,train,train
np_hi_000003_1.png,hindi,newspaper,test,train
qp_mr_000479_1.png,marathi,question_paper,train,train
fm_hi_000172_0.png,hindi,forms,val,train
nt_en_000439_1.png,english,notice,test,train
fm_mr_000579_1.png,marathi,forms,train,train
ar_en_001292.png,english,acts_rules,train,train
nt_hi_000456_1.png,hindi,notice,train,train
qp_hi_000854_0.png,hindi,question_paper,train,train
qp_hi_000262_0.png,hindi,question_paper,train,train
np_en_000281_1.png,english,newspaper,train,train
ar_en_000241.png,english,acts_rules,test,train
np_mr_000128_1.png,marathi,newspaper,train,train
nt_mr_000387.png,marathi,notice,train,train
fm_mr_000299_0.png,marathi,forms,val,train
ar_en_001227.png,english,acts_rules,train,train
ar_en_001498.png,english,acts_rules,train,train
qp_mr_000179_0.png,marathi,question_paper,train,train
nt_hi_000213_0.png,hindi,notice,val,train
np_en_000485_1.png,english,newspaper,val,train
ar_mr_000239_0.png,marathi,acts_rules,train,train
qp_mr_000401_1.png,marathi,question_paper,train,train
ar_en_000178.png,english,acts_rules,train,train
ar_en_001145.png,english,acts_rules,train,train
ar_en_000902.png,english,acts_rules,train,train
ar_hi_000674_1.png,hindi,acts_rules,train,train
fm_en_000245_0.png,english,forms,train,train
fm_mr_000178_0.png,marathi,forms,train,train
ar_en_001281.png,english,acts_rules,val,train
qp_hi_000387_0.png,hindi,question_paper,train,train
qp_hi_000405_0.png,hindi,question_paper,train,train
ar_en_001388.png,english,acts_rules,test,train
nt_en_000011_1.png,english,notice,train,train
fm_hi_000421_1.png,hindi,forms,train,train
nt_hi_000321_1.png,hindi,notice,train,train
ar_hi_000462_1.png,hindi,acts_rules,test,train
nt_en_000051_1.png,english,notice,train,train
np_en_000476_1.png,english,newspaper,train,train
fm_mr_000617_1.png,marathi,forms,train,train
ar_hi_000389_1.png,hindi,acts_rules,train,train
qp_mr_000047_0.png,marathi,question_paper,train,train
np_mr_000223_1.png,marathi,newspaper,train,train
np_mr_000294_1.png,marathi,newspaper,train,train
nt_mr_000733.png,marathi,notice,train,train
fm_en_000117_0.png,english,forms,train,train
qp_hi_000706_0.png,hindi,question_paper,test,train
qp_hi_000119_0.png,hindi,question_paper,test,train
np_hi_000141_1.png,hindi,newspaper,train,train
nt_en_000493_1.png,english,notice,train,train
qp_hi_000435_0.png,hindi,question_paper,train,train
ar_mr_000355_0.png,marathi,acts_rules,train,train
nt_en_000130_1.png,english,notice,train,train
ar_en_000550.png,english,acts_rules,train,train
ar_hi_000353_0.png,hindi,acts_rules,test,train
fm_mr_000390_0.png,marathi,forms,train,train
nt_mr_000129.png,marathi,notice,test,train
nt_mr_000151.png,marathi,notice,val,train
qp_mr_000532_1.png,marathi,question_paper,test,train
qp_mr_000528_1.png,marathi,question_paper,train,train
qp_hi_000644_0.png,hindi,question_paper,train,train
ar_en_001082.png,english,acts_rules,train,train
nt_hi_000332_1.png,hindi,notice,train,train
nt_mr_000225.png,marathi,notice,train,train
qp_hi_000895_0.png,hindi,question_paper,train,train
qp_hi_000873_0.png,hindi,question_paper,train,train
ar_hi_000529_1.png,hindi,acts_rules,train,train
np_hi_000226_1.png,hindi,newspaper,test,train
ar_hi_000460_1.png,hindi,acts_rules,test,train
np_hi_000048_1.png,hindi,newspaper,train,train
ar_mr_001041_1.png,marathi,acts_rules,train,train
fm_hi_000771_1.png,hindi,forms,train,train
fm_en_000158_0.png,english,forms,train,train
fm_mr_000648_1.png,marathi,forms,train,train
qp_hi_000417_0.png,hindi,question_paper,train,train
np_hi_000278_1.png,hindi,newspaper,train,train
fm_hi_000767_1.png,hindi,forms,train,train
np_mr_000009_1.png,marathi,newspaper,train,train
qp_hi_000267_0.png,hindi,question_paper,test,train
np_hi_000442_1.png,hindi,newspaper,train,train
np_hi_000420_1.png,hindi,newspaper,val,train
ar_mr_001068_1.png,marathi,acts_rules,val,train
ar_hi_000038_0.png,hindi,acts_rules,train,train
np_mr_000171_1.png,marathi,newspaper,train,train
fm_hi_000319_1.png,hindi,forms,test,train
qp_mr_000316_1.png,marathi,question_paper,train,train
nt_hi_000103_0.png,hindi,notice,train,train
ar_hi_000263_0.png,hindi,acts_rules,train,train
ar_mr_000878_1.png,marathi,acts_rules,train,train
ar_hi_000489_1.png,hindi,acts_rules,train,train
qp_hi_000493_0.png,hindi,question_paper,test,train
ar_mr_000784_1.png,marathi,acts_rules,train,train
nt_mr_000654.png,marathi,notice,train,train
np_mr_000053_1.png,marathi,newspaper,train,train
ar_en_001163.png,english,acts_rules,train,train
fm_en_000111_0.png,english,forms,train,train
nt_en_000008_1.png,english,notice,train,train
qp_hi_000533_0.png,hindi,question_paper,train,train
fm_hi_000026_0.png,hindi,forms,train,train
ar_mr_000178_0.png,marathi,acts_rules,train,train
ar_en_000879.png,english,acts_rules,train,train
np_mr_000164_1.png,marathi,newspaper,train,train
ar_mr_000984_1.png,marathi,acts_rules,train,train
np_en_000371_1.png,english,newspaper,train,train
fm_mr_000422_0.png,marathi,forms,train,train
fm_en_000161_0.png,english,forms,train,train
fm_hi_000025_0.png,hindi,forms,train,train
qp_hi_000002_0.png,hindi,question_paper,train,train
ar_mr_000653_1.png,marathi,acts_rules,train,train
fm_mr_000456_1.png,marathi,forms,train,train
ar_en_000579.png,english,acts_rules,val,train
np_hi_000540_1.png,hindi,newspaper,train,train
qp_hi_000806_0.png,hindi,question_paper,train,train
ar_mr_000892_1.png,marathi,acts_rules,train,train
qp_hi_000162_0.png,hindi,question_paper,train,train
ar_en_000256.png,english,acts_rules,train,train
fm_mr_000596_1.png,marathi,forms,train,train
ar_hi_000047_0.png,hindi,acts_rules,train,train
fm_en_000228_0.png,english,forms,train,train
qp_hi_000352_0.png,hindi,question_paper,train,train
ar_mr_000866_1.png,marathi,acts_rules,train,train
fm_mr_000070_0.png,marathi,forms,train,train
ar_en_001321.png,english,acts_rules,train,train
nt_en_000556_1.png,english,notice,train,train
nt_mr_000343.png,marathi,notice,train,train
ar_hi_000313_0.png,hindi,acts_rules,train,train
fm_mr_000141_0.png,marathi,forms,train,train
nt_mr_000426.png,marathi,notice,train,train
nt_en_000525_1.png,english,notice,train,train
np_en_000173_0.png,english,newspaper,train,train
nt_hi_000058_0.png,hindi,notice,train,train
fm_hi_000597_1.png,hindi,forms,train,train
nt_mr_000060.png,marathi,notice,train,train
ar_en_001305.png,english,acts_rules,val,train
ar_hi_000684_1.png,hindi,acts_rules,train,train
np_hi_000264_1.png,hindi,newspaper,train,train
np_mr_000147_1.png,marathi,newspaper,train,train
ar_en_000520.png,english,acts_rules,test,train
ar_hi_000692_1.png,hindi,acts_rules,train,train
qp_mr_000589_1.png,marathi,question_paper,train,train
ar_en_001382.png,english,acts_rules,train,train
ar_en_000525.png,english,acts_rules,test,train
ar_mr_000517_0.png,marathi,acts_rules,train,train
fm_hi_000179_0.png,hindi,forms,train,train
nt_en_000232_1.png,english,notice,train,train
qp_hi_000576_0.png,hindi,question_paper,train,train
nt_hi_000084_0.png,hindi,notice,train,train
fm_mr_000006_0.png,marathi,forms,train,train
fm_en_000137_0.png,english,forms,train,train
qp_hi_000221_0.png,hindi,question_paper,train,train
qp_hi_000676_0.png,hindi,question_paper,val,train
qp_mr_000385_1.png,marathi,question_paper,train,train
nt_mr_000043.png,marathi,notice,train,train
fm_mr_000041_0.png,marathi,forms,train,train
nt_en_000305_1.png,english,notice,val,train
ar_hi_000195_0.png,hindi,acts_rules,train,train
ar_mr_000977_1.png,marathi,acts_rules,train,train
qp_hi_000707_0.png,hindi,question_paper,train,train
ar_mr_000155_0.png,marathi,acts_rules,train,train
nt_en_000543_1.png,english,notice,test,train
nt_mr_000398.png,marathi,notice,train,train
ar_en_001061.png,english,acts_rules,train,train
nt_en_000093_1.png,english,notice,train,train
ar_en_000528.png,english,acts_rules,val,train
nt_hi_000029_0.png,hindi,notice,train,train
ar_hi_000676_1.png,hindi,acts_rules,test,train
ar_en_001326.png,english,acts_rules,train,train
ar_en_000155.png,english,acts_rules,train,train
qp_hi_000423_0.png,hindi,question_paper,train,train
nt_hi_000216_0.png,hindi,notice,train,train
fm_hi_000134_0.png,hindi,forms,train,train
np_hi_000528_1.png,hindi,newspaper,train,train
ar_mr_000035_0.png,marathi,acts_rules,val,train
nt_en_000042_1.png,english,notice,val,train
nt_en_000015_1.png,english,notice,train,train
nt_mr_000383.png,marathi,notice,train,train
qp_hi_000040_0.png,hindi,question_paper,train,train
np_en_000282_1.png,english,newspaper,train,train
ar_en_001229.png,english,acts_rules,train,train
qp_hi_000330_0.png,hindi,question_paper,train,train
nt_hi_000586_1.png,hindi,notice,train,train
fm_mr_000601_1.png,marathi,forms,test,train
qp_hi_000398_0.png,hindi,question_paper,train,train
ar_en_001280.png,english,acts_rules,test,train
ar_mr_000572_0.png,marathi,acts_rules,train,train
nt_en_000302_1.png,english,notice,train,train
qp_mr_000007_0.png,marathi,question_paper,test,train
nt_en_000086_1.png,english,notice,train,train
qp_hi_000523_0.png,hindi,question_paper,train,train
ar_hi_000708_1.png,hindi,acts_rules,train,train
ar_en_000619.png,english,acts_rules,train,train
nt_hi_000582_1.png,hindi,notice,train,train
ar_en_000310.png,english,acts_rules,train,train
fm_mr_000417_0.png,marathi,forms,train,train
fm_hi_000121_0.png,hindi,forms,train,train
nt_mr_000524.png,marathi,notice,train,train
ar_en_001134.png,english,acts_rules,train,train
fm_mr_000050_0.png,marathi,forms,train,train
fm_hi_000691_1.png,hindi,forms,test,train
ar_en_000759.png,english,acts_rules,train,train
ar_mr_000421_0.png,marathi,acts_rules,train,train
ar_en_000726.png,english,acts_rules,train,train
np_en_000130_0.png,english,newspaper,train,train
qp_hi_000303_0.png,hindi,question_paper,train,train
qp_mr_000022_0.png,marathi,question_paper,train,train
np_en_000095_0.png,english,newspaper,val,train
np_hi_000151_1.png,hindi,newspaper,train,train
ar_en_000439.png,english,acts_rules,train,train
qp_hi_000386_0.png,hindi,question_paper,train,train
qp_hi_000006_0.png,hindi,question_paper,test,train
ar_en_000932.png,english,acts_rules,train,train
np_en_000470_1.png,english,newspaper,train,train
fm_mr_000158_0.png,marathi,forms,train,train
qp_hi_000158_0.png,hindi,question_paper,train,train
fm_en_000345_0.png,english,forms,train,train
np_mr_000047_1.png,marathi,newspaper,train,train
qp_mr_000477_1.png,marathi,question_paper,train,train
ar_en_000536.png,english,acts_rules,test,train
nt_mr_000194.png,marathi,notice,train,train
ar_en_000117.png,english,acts_rules,train,train
np_en_000320_1.png,english,newspaper,train,train
fm_mr_000615_1.png,marathi,forms,val,train
fm_en_000336_0.png,english,forms,train,train
ar_mr_000114_0.png,marathi,acts_rules,train,train
qp_hi_000341_0.png,hindi,question_paper,train,train
ar_hi_000703_1.png,hindi,acts_rules,train,train
nt_mr_000714.png,marathi,notice,train,train
ar_mr_000874_1.png,marathi,acts_rules,train,train
ar_en_000254.png,english,acts_rules,train,train
qp_mr_000359_1.png,marathi,question_paper,train,train
fm_hi_000514_1.png,hindi,forms,train,train
ar_en_001297.png,english,acts_rules,train,train
ar_en_000288.png,english,acts_rules,train,train
nt_hi_000309_1.png,hindi,notice,train,train
nt_mr_000686.png,marathi,notice,train,train
ar_en_000994.png,english,acts_rules,train,train
ar_en_000298.png,english,acts_rules,train,train
fm_en_000548_0.png,english,forms,train,train
qp_hi_000824_0.png,hindi,question_paper,train,train
nt_mr_000210.png,marathi,notice,train,train
ar_mr_000953_1.png,marathi,acts_rules,train,train
ar_en_000050.png,english,acts_rules,train,train
ar_en_000253.png,english,acts_rules,train,train
ar_en_000954.png,english,acts_rules,train,train
nt_mr_000720.png,marathi,notice,train,train
qp_mr_000072_0.png,marathi,question_paper,train,train
fm_en_000235_0.png,english,forms,train,train
ar_mr_000809_1.png,marathi,acts_rules,train,train
ar_en_000317.png,english,acts_rules,train,train
ar_mr_000164_0.png,marathi,acts_rules,train,train
fm_hi_000669_1.png,hindi,forms,train,train
ar_en_000608.png,english,acts_rules,train,train
qp_mr_000512_1.png,marathi,question_paper,train,train
nt_hi_000578_1.png,hindi,notice,test,train
qp_hi_000179_0.png,hindi,question_paper,train,train
ar_mr_001075_1.png,marathi,acts_rules,train,train
nt_mr_000684.png,marathi,notice,test,train
ar_mr_000865_1.png,marathi,acts_rules,train,train
np_mr_000271_1.png,marathi,newspaper,train,train
np_hi_000398_1.png,hindi,newspaper,train,train
fm_en_000239_0.png,english,forms,train,train
fm_mr_000033_0.png,marathi,forms,train,train
fm_hi_000317_1.png,hindi,forms,train,train
nt_mr_000237.png,marathi,notice,train,train
ar_hi_000025_0.png,hindi,acts_rules,train,train
nt_hi_000136_0.png,hindi,notice,train,train
qp_hi_000009_0.png,hindi,question_paper,train,train
np_en_000290_1.png,english,newspaper,train,train
qp_hi_000290_0.png,hindi,question_paper,train,train
ar_hi_000124_0.png,hindi,acts_rules,train,train
fm_mr_000414_0.png,marathi,forms,train,train
ar_en_000640.png,english,acts_rules,train,train
qp_mr_000392_1.png,marathi,question_paper,test,train
ar_mr_000392_0.png,marathi,acts_rules,train,train
fm_hi_000277_1.png,hindi,forms,train,train
nt_hi_000164_0.png,hindi,notice,train,train
ar_mr_000352_0.png,marathi,acts_rules,val,train
nt_en_000446_1.png,english,notice,val,train
nt_mr_000753.png,marathi,notice,train,train
np_hi_000082_1.png,hindi,newspaper,train,train
fm_en_000152_0.png,english,forms,train,train
np_en_000237_1.png,english,newspaper,train,train
qp_hi_000355_0.png,hindi,question_paper,train,train
ar_en_001205.png,english,acts_rules,val,train
np_hi_000206_1.png,hindi,newspaper,train,train
nt_mr_000247.png,marathi,notice,train,train
ar_mr_000805_1.png,marathi,acts_rules,train,train
ar_mr_000224_0.png,marathi,acts_rules,train,train
np_mr_000121_1.png,marathi,newspaper,train,train
ar_hi_000364_1.png,hindi,acts_rules,val,train
nt_en_000534_1.png,english,notice,train,train
nt_hi_000361_1.png,hindi,notice,train,train
ar_mr_001039_1.png,marathi,acts_rules,train,train
fm_mr_000400_0.png,marathi,forms,train,train
ar_en_000413.png,english,acts_rules,train,train
qp_hi_000575_0.png,hindi,question_paper,train,train
qp_hi_000834_0.png,hindi,question_paper,train,train
nt_hi_000575_1.png,hindi,notice,train,train
fm_hi_000059_0.png,hindi,forms,train,train
fm_mr_000376_0.png,marathi,forms,train,train
ar_en_001160.png,english,acts_rules,train,train
nt_hi_000420_1.png,hindi,notice,train,train
fm_hi_000259_1.png,hindi,forms,train,train
ar_mr_000629_1.png,marathi,acts_rules,train,train
fm_mr_000155_0.png,marathi,forms,train,train
np_mr_000088_1.png,marathi,newspaper,train,train
nt_mr_000778.png,marathi,notice,val,train
fm_mr_000380_0.png,marathi,forms,train,train
fm_hi_000797_1.png,hindi,forms,train,train
fm_hi_000554_1.png,hindi,forms,train,train
fm_en_000251_0.png,english,forms,train,train
fm_mr_000541_1.png,marathi,forms,train,train
ar_en_001492.png,english,acts_rules,train,train
ar_mr_000876_1.png,marathi,acts_rules,train,train
nt_hi_000294_1.png,hindi,notice,train,train
np_en_000111_0.png,english,newspaper,train,train
qp_hi_000559_0.png,hindi,question_paper,train,train
qp_hi_000048_0.png,hindi,question_paper,train,train
fm_en_000143_0.png,english,forms,train,train
qp_mr_000664_1.png,marathi,question_paper,train,train
ar_mr_000066_0.png,marathi,acts_rules,train,train
ar_mr_000423_0.png,marathi,acts_rules,train,train
nt_hi_000363_1.png,hindi,notice,train,train
nt_mr_000676.png,marathi,notice,train,train
qp_hi_000066_0.png,hindi,question_paper,train,train
ar_hi_000139_0.png,hindi,acts_rules,train,train
nt_hi_000203_0.png,hindi,notice,test,train
nt_mr_000611.png,marathi,notice,train,train
fm_mr_000139_0.png,marathi,forms,train,train
nt_en_000256_1.png,english,notice,train,train
qp_mr_000251_1.png,marathi,question_paper,val,train
fm_hi_000209_0.png,hindi,forms,test,train
ar_en_000945.png,english,acts_rules,train,train
ar_mr_000409_0.png,marathi,acts_rules,train,train
ar_hi_000541_1.png,hindi,acts_rules,train,train
ar_mr_000587_1.png,marathi,acts_rules,train,train
fm_hi_000360_1.png,hindi,forms,train,train
qp_hi_000308_0.png,hindi,question_paper,train,train
nt_hi_000252_0.png,hindi,notice,train,train
fm_mr_000627_1.png,marathi,forms,train,train
np_en_000436_1.png,english,newspaper,val,train
nt_hi_000304_1.png,hindi,notice,train,train
np_en_000454_1.png,english,newspaper,train,train
fm_en_000025_0.png,english,forms,val,train
nt_hi_000083_0.png,hindi,notice,train,train
ar_en_000034.png,english,acts_rules,test,train
np_mr_000349_1.png,marathi,newspaper,train,train
ar_hi_000428_1.png,hindi,acts_rules,train,train
qp_mr_000642_1.png,marathi,question_paper,train,train
ar_mr_000433_0.png,marathi,acts_rules,val,train
np_mr_000441_1.png,marathi,newspaper,test,train
ar_en_001126.png,english,acts_rules,test,train
ar_en_001294.png,english,acts_rules,train,train
nt_mr_000111.png,marathi,notice,val,train
fm_mr_000247_0.png,marathi,forms,train,train
fm_en_000247_0.png,english,forms,train,train
fm_hi_000602_1.png,hindi,forms,train,train
nt_en_000395_1.png,english,notice,train,train
qp_mr_000050_0.png,marathi,question_paper,train,train
ar_hi_000383_1.png,hindi,acts_rules,train,train
ar_hi_000511_1.png,hindi,acts_rules,train,train
nt_en_000485_1.png,english,notice,test,train
fm_mr_000495_1.png,marathi,forms,train,train
ar_hi_000688_1.png,hindi,acts_rules,train,train
fm_hi_000217_0.png,hindi,forms,train,train
nt_hi_000026_0.png,hindi,notice,train,train
ar_mr_000158_0.png,marathi,acts_rules,test,train
ar_mr_000085_0.png,marathi,acts_rules,train,train
fm_hi_000780_1.png,hindi,forms,val,train
nt_en_000483_1.png,english,notice,train,train
ar_mr_001016_1.png,marathi,acts_rules,val,train
fm_en_000207_0.png,english,forms,train,train
ar_en_000803.png,english,acts_rules,train,train
fm_en_000146_0.png,english,forms,train,train
qp_mr_000221_1.png,marathi,question_paper,train,train
fm_mr_000110_0.png,marathi,forms,train,train
ar_en_001328.png,english,acts_rules,train,train
nt_mr_000581.png,marathi,notice,train,train
nt_en_000219_1.png,english,notice,val,train
ar_en_001011.png,english,acts_rules,train,train
qp_mr_000449_1.png,marathi,question_paper,train,train
qp_hi_000865_0.png,hindi,question_paper,train,train
np_hi_000062_1.png,hindi,newspaper,train,train
np_en_000247_1.png,english,newspaper,train,train
ar_mr_000443_0.png,marathi,acts_rules,test,train
qp_hi_000197_0.png,hindi,question_paper,train,train
ar_en_000576.png,english,acts_rules,train,train
qp_mr_000584_1.png,marathi,question_paper,train,train
ar_mr_000917_1.png,marathi,acts_rules,train,train
fm_hi_000512_1.png,hindi,forms,train,train
nt_mr_000311.png,marathi,notice,train,train
nt_mr_000122.png,marathi,notice,train,train
np_mr_000132_1.png,marathi,newspaper,train,train
fm_mr_000373_0.png,marathi,forms,train,train
qp_mr_000111_0.png,marathi,question_paper,train,train
nt_hi_000175_0.png,hindi,notice,train,train
np_mr_000135_1.png,marathi,newspaper,train,train
ar_hi_000699_1.png,hindi,acts_rules,train,train
ar_en_001185.png,english,acts_rules,train,train
fm_hi_000347_1.png,hindi,forms,train,train
np_en_000218_1.png,english,newspaper,train,train
ar_mr_000441_0.png,marathi,acts_rules,train,train
fm_hi_000526_1.png,hindi,forms,train,train
nt_en_000330_1.png,english,notice,train,train
fm_hi_000462_1.png,hindi,forms,train,train
fm_mr_000633_1.png,marathi,forms,train,train
fm_en_000106_0.png,english,forms,val,train
nt_hi_000490_1.png,hindi,notice,train,train
np_mr_000484_1.png,marathi,newspaper,train,train
np_mr_000424_1.png,marathi,newspaper,train,train
ar_en_000194.png,english,acts_rules,train,train
qp_hi_000684_0.png,hindi,question_paper,train,train
qp_hi_000152_0.png,hindi,question_paper,val,train
ar_en_001409.png,english,acts_rules,train,train
np_en_000360_1.png,english,newspaper,train,train
nt_mr_000637.png,marathi,notice,test,train
fm_hi_000258_1.png,hindi,forms,train,train
qp_mr_000602_1.png,marathi,question_paper,train,train
ar_mr_000781_1.png,marathi,acts_rules,train,train
np_mr_000472_1.png,marathi,newspaper,train,train
np_mr_000255_1.png,marathi,newspaper,train,train
ar_mr_000142_0.png,marathi,acts_rules,train,train
ar_hi_000020_0.png,hindi,acts_rules,train,train
ar_mr_000090_0.png,marathi,acts_rules,train,train
ar_en_000624.png,english,acts_rules,train,train
fm_en_000511_0.png,english,forms,train,train
nt_en_000316_1.png,english,notice,test,train
ar_mr_000802_1.png,marathi,acts_rules,train,train
nt_mr_000710.png,marathi,notice,train,train
np_hi_000053_1.png,hindi,newspaper,train,train
fm_hi_000366_1.png,hindi,forms,train,train
qp_mr_000326_1.png,marathi,question_paper,train,train
qp_hi_000112_0.png,hindi,question_paper,train,train
np_mr_000061_1.png,marathi,newspaper,train,train
nt_en_000424_1.png,english,notice,test,train
qp_hi_000013_0.png,hindi,question_paper,train,train
fm_en_000523_0.png,english,forms,train,train
ar_en_000757.png,english,acts_rules,train,train
ar_en_000813.png,english,acts_rules,train,train
nt_hi_000059_0.png,hindi,notice,train,train
ar_en_000324.png,english,acts_rules,train,train
np_en_000260_1.png,english,newspaper,val,train
ar_en_000003.png,english,acts_rules,train,train
ar_en_001298.png,english,acts_rules,val,train
fm_hi_000308_1.png,hindi,forms,train,train
ar_en_000512.png,english,acts_rules,val,train
nt_mr_000762.png,marathi,notice,val,train
nt_mr_000024.png,marathi,notice,train,train
ar_mr_000689_1.png,marathi,acts_rules,train,train
fm_en_000197_0.png,english,forms,train,train
qp_hi_000469_0.png,hindi,question_paper,train,train
np_mr_000370_1.png,marathi,newspaper,val,train
fm_hi_000390_1.png,hindi,forms,test,train
qp_mr_000303_1.png,marathi,question_paper,train,train
ar_mr_000895_1.png,marathi,acts_rules,val,train
np_en_000243_1.png,english,newspaper,val,train
qp_hi_000725_0.png,hindi,question_paper,train,train
ar_mr_001054_1.png,marathi,acts_rules,test,train
ar_hi_000278_0.png,hindi,acts_rules,test,train
ar_en_000161.png,english,acts_rules,train,train
np_mr_000418_1.png,marathi,newspaper,train,train
ar_mr_000526_0.png,marathi,acts_rules,train,train
ar_en_000829.png,english,acts_rules,train,train
ar_mr_000676_1.png,marathi,acts_rules,train,train
ar_en_000464.png,english,acts_rules,train,train
ar_en_000140.png,english,acts_rules,train,train
ar_en_000320.png,english,acts_rules,train,train
ar_en_000301.png,english,acts_rules,train,train
fm_hi_000766_1.png,hindi,forms,train,train
np_en_000420_1.png,english,newspaper,train,train
nt_en_000179_1.png,english,notice,test,train
nt_hi_000301_1.png,hindi,notice,train,train
ar_hi_000260_0.png,hindi,acts_rules,train,train
np_mr_000464_1.png,marathi,newspaper,train,train
nt_en_000099_1.png,english,notice,train,train
np_hi_000538_1.png,hindi,newspaper,train,train
ar_en_000075.png,english,acts_rules,train,train
ar_en_000180.png,english,acts_rules,train,train
np_en_000002_0.png,english,newspaper,train,train
nt_en_000246_1.png,english,notice,train,train
np_en_000528_1.png,english,newspaper,train,train
ar_mr_000448_0.png,marathi,acts_rules,train,train
np_en_000302_1.png,english,newspaper,train,train
fm_mr_000379_0.png,marathi,forms,train,train
ar_mr_000568_0.png,marathi,acts_rules,train,train
np_hi_000340_1.png,hindi,newspaper,train,train
qp_mr_000522_1.png,marathi,question_paper,train,train
np_en_000438_1.png,english,newspaper,val,train
np_hi_000568_1.png,hindi,newspaper,train,train
ar_en_000740.png,english,acts_rules,train,train
nt_en_000438_1.png,english,notice,train,train
ar_mr_000396_0.png,marathi,acts_rules,val,train
np_en_000457_1.png,english,newspaper,test,train
qp_hi_000579_0.png,hindi,question_paper,train,train
ar_en_000053.png,english,acts_rules,train,train
nt_hi_000393_1.png,hindi,notice,train,train
ar_hi_000140_0.png,hindi,acts_rules,train,train
fm_hi_000416_1.png,hindi,forms,train,train
qp_hi_000497_0.png,hindi,question_paper,train,train
qp_hi_000010_0.png,hindi,question_paper,train,train
ar_en_000580.png,english,acts_rules,train,train
qp_mr_000297_1.png,marathi,question_paper,val,train
ar_hi_000704_1.png,hindi,acts_rules,train,train
ar_en_001308.png,english,acts_rules,train,train
nt_mr_000038.png,marathi,notice,train,train
qp_mr_000409_1.png,marathi,question_paper,train,train
fm_mr_000165_0.png,marathi,forms,train,train
ar_en_001234.png,english,acts_rules,train,train
fm_en_000155_0.png,english,forms,train,train
ar_en_000012.png,english,acts_rules,train,train
ar_en_001346.png,english,acts_rules,train,train
ar_en_001034.png,english,acts_rules,train,train
ar_mr_000748_1.png,marathi,acts_rules,train,train
nt_hi_000442_1.png,hindi,notice,val,train
ar_mr_000615_1.png,marathi,acts_rules,test,train
ar_en_000265.png,english,acts_rules,train,train
qp_hi_000846_0.png,hindi,question_paper,train,train
fm_hi_000734_1.png,hindi,forms,train,train
qp_hi_000695_0.png,hindi,question_paper,train,train
nt_hi_000465_1.png,hindi,notice,train,train
nt_hi_000119_0.png,hindi,notice,test,train
ar_mr_000527_0.png,marathi,acts_rules,val,train
np_mr_000229_1.png,marathi,newspaper,train,train
nt_hi_000407_1.png,hindi,notice,train,train
fm_en_000150_0.png,english,forms,val,train
nt_hi_000038_0.png,hindi,notice,train,train
ar_mr_000317_0.png,marathi,acts_rules,train,train
fm_en_000281_0.png,english,forms,train,train
qp_hi_000077_0.png,hindi,question_paper,train,train
fm_mr_000523_1.png,marathi,forms,train,train
ar_en_001122.png,english,acts_rules,train,train
ar_hi_000213_0.png,hindi,acts_rules,test,train
ar_mr_000888_1.png,marathi,acts_rules,train,train
fm_hi_000210_0.png,hindi,forms,train,train
ar_mr_000679_1.png,marathi,acts_rules,train,train
fm_hi_000677_1.png,hindi,forms,train,train
qp_mr_000124_0.png,marathi,question_paper,train,train
qp_mr_000373_1.png,marathi,question_paper,train,train
qp_hi_000479_0.png,hindi,question_paper,train,train
nt_hi_000595_1.png,hindi,notice,train,train
fm_en_000134_0.png,english,forms,train,train
nt_hi_000241_0.png,hindi,notice,val,train
ar_hi_000668_1.png,hindi,acts_rules,train,train
qp_mr_000672_1.png,marathi,question_paper,train,train
nt_mr_000326.png,marathi,notice,train,train
nt_mr_000266.png,marathi,notice,train,train
ar_en_000849.png,english,acts_rules,train,train
fm_en_000001_0.png,english,forms,train,train
fm_en_000442_0.png,english,forms,test,train
fm_en_000221_0.png,english,forms,train,train
np_en_000325_1.png,english,newspaper,train,train
nt_en_000494_1.png,english,notice,train,train
nt_hi_000035_0.png,hindi,notice,train,train
ar_en_000142.png,english,acts_rules,train,train
ar_mr_000460_0.png,marathi,acts_rules,train,train
ar_hi_000423_1.png,hindi,acts_rules,train,train
qp_hi_000416_0.png,hindi,question_paper,train,train
fm_mr_000623_1.png,marathi,forms,train,train
fm_en_000222_0.png,english,forms,train,train
ar_en_001449.png,english,acts_rules,test,train
np_en_000409_1.png,english,newspaper,train,train
ar_en_001230.png,english,acts_rules,val,train
ar_mr_000115_0.png,marathi,acts_rules,train,train
qp_hi_000662_0.png,hindi,question_paper,train,train
nt_hi_000460_1.png,hindi,notice,train,train
ar_hi_000696_1.png,hindi,acts_rules,train,train
nt_en_000157_1.png,english,notice,train,train
nt_mr_000568.png,marathi,notice,train,train
nt_en_000549_1.png,english,notice,test,train
ar_hi_000194_0.png,hindi,acts_rules,train,train
fm_hi_000038_0.png,hindi,forms,train,train
np_mr_000055_1.png,marathi,newspaper,train,train
nt_en_000404_1.png,english,notice,train,train
fm_hi_000523_1.png,hindi,forms,train,train
fm_mr_000205_0.png,marathi,forms,train,train
ar_en_000562.png,english,acts_rules,val,train
qp_hi_000411_0.png,hindi,question_paper,train,train
ar_en_000054.png,english,acts_rules,train,train
ar_mr_000165_0.png,marathi,acts_rules,test,train
ar_hi_000321_0.png,hindi,acts_rules,train,train
ar_mr_000597_1.png,marathi,acts_rules,val,train
qp_hi_000537_0.png,hindi,question_paper,train,train
fm_mr_000161_0.png,marathi,forms,train,train
ar_en_001029.png,english,acts_rules,train,train
nt_en_000206_1.png,english,notice,train,train
fm_mr_000556_1.png,marathi,forms,train,train
ar_en_000437.png,english,acts_rules,train,train
ar_hi_000420_1.png,hindi,acts_rules,train,train
ar_mr_000930_1.png,marathi,acts_rules,train,train
np_en_000001_0.png,english,newspaper,val,train
ar_mr_000869_1.png,marathi,acts_rules,train,train
fm_en_000072_0.png,english,forms,train,train
ar_mr_000293_0.png,marathi,acts_rules,val,train
qp_mr_000403_1.png,marathi,question_paper,train,train
np_mr_000400_1.png,marathi,newspaper,train,train
np_hi_000327_1.png,hindi,newspaper,train,train
ar_en_000306.png,english,acts_rules,train,train
qp_mr_000712_1.png,marathi,question_paper,train,train
np_mr_000052_1.png,marathi,newspaper,train,train
ar_hi_000249_0.png,hindi,acts_rules,train,train
ar_hi_000206_0.png,hindi,acts_rules,train,train
fm_hi_000372_1.png,hindi,forms,train,train
nt_mr_000759.png,marathi,notice,train,train
ar_en_001405.png,english,acts_rules,train,train
fm_mr_000480_1.png,marathi,forms,train,train
ar_en_001113.png,english,acts_rules,train,train
fm_en_000397_0.png,english,forms,test,train
fm_mr_000384_0.png,marathi,forms,train,train
ar_en_000509.png,english,acts_rules,train,train
nt_hi_000516_1.png,hindi,notice,train,train
ar_hi_000048_0.png,hindi,acts_rules,train,train
fm_hi_000723_1.png,hindi,forms,val,train
nt_mr_000014.png,marathi,notice,train,train
fm_mr_000060_0.png,marathi,forms,train,train
nt_mr_000493.png,marathi,notice,train,train
fm_hi_000573_1.png,hindi,forms,train,train
qp_mr_000091_0.png,marathi,question_paper,test,train
np_en_000400_1.png,english,newspaper,test,train
np_en_000347_1.png,english,newspaper,train,train
nt_hi_000014_0.png,hindi,notice,train,train
fm_mr_000241_0.png,marathi,forms,train,train
np_en_000390_1.png,english,newspaper,test,train
qp_mr_000062_0.png,marathi,question_paper,test,train
nt_en_000048_1.png,english,notice,train,train
ar_en_000139.png,english,acts_rules,train,train
nt_hi_000052_0.png,hindi,notice,train,train
ar_hi_000075_0.png,hindi,acts_rules,val,train
fm_hi_000273_1.png,hindi,forms,val,train
qp_mr_000201_0.png,marathi,question_paper,train,train
np_en_000019_0.png,english,newspaper,train,train
nt_mr_000302.png,marathi,notice,train,train
qp_mr_000075_0.png,marathi,question_paper,train,train
ar_hi_000233_0.png,hindi,acts_rules,train,train
ar_mr_000555_0.png,marathi,acts_rules,train,train
nt_mr_000358.png,marathi,notice,train,train
ar_hi_000439_1.png,hindi,acts_rules,test,train
fm_hi_000450_1.png,hindi,forms,train,train
nt_mr_000375.png,marathi,notice,test,train
qp_hi_000124_0.png,hindi,question_paper,train,train
ar_mr_000038_0.png,marathi,acts_rules,train,train
np_hi_000313_1.png,hindi,newspaper,train,train
ar_en_000614.png,english,acts_rules,train,train
np_hi_000183_1.png,hindi,newspaper,train,train
nt_mr_000357.png,marathi,notice,train,train
fm_mr_000476_1.png,marathi,forms,train,train
np_en_000041_0.png,english,newspaper,train,train
nt_mr_000701.png,marathi,notice,val,train
fm_en_000010_0.png,english,forms,train,train
np_hi_000203_1.png,hindi,newspaper,train,train
ar_en_000620.png,english,acts_rules,test,train
ar_en_000446.png,english,acts_rules,train,train
fm_hi_000174_0.png,hindi,forms,train,train
nt_en_000241_1.png,english,notice,train,train
fm_hi_000262_1.png,hindi,forms,train,train
nt_mr_000515.png,marathi,notice,val,train
nt_en_000243_1.png,english,notice,train,train
fm_en_000408_0.png,english,forms,train,train
ar_hi_000494_1.png,hindi,acts_rules,val,train
fm_en_000518_0.png,english,forms,train,train
ar_en_000714.png,english,acts_rules,train,train
qp_mr_000300_1.png,marathi,question_paper,train,train
nt_mr_000131.png,marathi,notice,train,train
qp_mr_000042_0.png,marathi,question_paper,train,train
np_en_000299_1.png,english,newspaper,train,train
nt_mr_000628.png,marathi,notice,train,train
nt_mr_000554.png,marathi,notice,train,train
fm_mr_000152_0.png,marathi,forms,val,train
fm_mr_000362_0.png,marathi,forms,train,train
ar_mr_000076_0.png,marathi,acts_rules,test,train
np_hi_000373_1.png,hindi,newspaper,train,train
ar_mr_000338_0.png,marathi,acts_rules,train,train
ar_en_000004.png,english,acts_rules,train,train
qp_mr_000493_1.png,marathi,question_paper,train,train
ar_en_000143.png,english,acts_rules,train,train
fm_mr_000570_1.png,marathi,forms,train,train
ar_hi_000426_1.png,hindi,acts_rules,train,train
fm_mr_000392_0.png,marathi,forms,train,train
nt_hi_000221_0.png,hindi,notice,train,train
ar_mr_000472_0.png,marathi,acts_rules,train,train
np_mr_000221_1.png,marathi,newspaper,train,train
qp_mr_000411_1.png,marathi,question_paper,train,train
fm_en_000447_0.png,english,forms,train,train
ar_mr_000651_1.png,marathi,acts_rules,train,train
ar_mr_000477_0.png,marathi,acts_rules,train,train
fm_mr_000297_0.png,marathi,forms,train,train
np_mr_000226_1.png,marathi,newspaper,val,train
ar_hi_000590_1.png,hindi,acts_rules,test,train
ar_mr_000373_0.png,marathi,acts_rules,val,train
fm_en_000213_0.png,english,forms,train,train
qp_mr_000366_1.png,marathi,question_paper,train,train
nt_hi_000264_0.png,hindi,notice,train,train
qp_hi_000890_0.png,hindi,question_paper,train,train
ar_en_000558.png,english,acts_rules,train,train
ar_mr_000450_0.png,marathi,acts_rules,test,train
qp_hi_000363_0.png,hindi,question_paper,train,train
ar_en_000132.png,english,acts_rules,val,train
nt_mr_000360.png,marathi,notice,test,train
nt_hi_000097_0.png,hindi,notice,train,train
qp_hi_000085_0.png,hindi,question_paper,val,train
nt_mr_000556.png,marathi,notice,train,train
np_en_000152_0.png,english,newspaper,train,train
fm_en_000045_0.png,english,forms,train,train
np_hi_000028_1.png,hindi,newspaper,train,train
nt_hi_000053_0.png,hindi,notice,val,train
ar_mr_000528_0.png,marathi,acts_rules,train,train
qp_hi_000625_0.png,hindi,question_paper,train,train
ar_en_001194.png,english,acts_rules,val,train
nt_en_000173_1.png,english,notice,train,train
nt_hi_000553_1.png,hindi,notice,train,train
ar_en_000717.png,english,acts_rules,test,train
fm_hi_000011_0.png,hindi,forms,train,train
nt_mr_000624.png,marathi,notice,train,train
np_mr_000286_1.png,marathi,newspaper,test,train
qp_hi_000421_0.png,hindi,question_paper,train,train
qp_hi_000467_0.png,hindi,question_paper,train,train
nt_mr_000670.png,marathi,notice,test,train
nt_en_000333_1.png,english,notice,train,train
ar_mr_000482_0.png,marathi,acts_rules,val,train
ar_mr_000749_1.png,marathi,acts_rules,train,train
qp_mr_000045_0.png,marathi,question_paper,train,train
fm_mr_000113_0.png,marathi,forms,train,train
fm_hi_000796_1.png,hindi,forms,test,train
ar_hi_000396_1.png,hindi,acts_rules,train,train
qp_hi_000630_0.png,hindi,question_paper,test,train
ar_hi_000058_0.png,hindi,acts_rules,train,train
qp_mr_000422_1.png,marathi,question_paper,train,train
nt_en_000245_1.png,english,notice,train,train
nt_hi_000347_1.png,hindi,notice,train,train
np_hi_000112_1.png,hindi,newspaper,train,train
ar_mr_000502_0.png,marathi,acts_rules,train,train
nt_hi_000287_1.png,hindi,notice,train,train
fm_mr_000394_0.png,marathi,forms,train,train
nt_en_000253_1.png,english,notice,train,train
fm_mr_000402_0.png,marathi,forms,train,train
ar_en_000296.png,english,acts_rules,train,train
ar_en_000051.png,english,acts_rules,train,train
fm_en_000390_0.png,english,forms,test,train
qp_mr_000351_1.png,marathi,question_paper,test,train
fm_hi_000784_1.png,hindi,forms,train,train
ar_mr_000004_0.png,marathi,acts_rules,train,train
nt_en_000310_1.png,english,notice,test,train
ar_en_000224.png,english,acts_rules,train,train
ar_en_000856.png,english,acts_rules,train,train
qp_mr_000086_0.png,marathi,question_paper,val,train
ar_en_001213.png,english,acts_rules,train,train
ar_en_000418.png,english,acts_rules,train,train
np_hi_000569_1.png,hindi,newspaper,train,train
np_en_000092_0.png,english,newspaper,train,train
nt_mr_000485.png,marathi,notice,test,train
qp_hi_000169_0.png,hindi,question_paper,val,train
nt_hi_000062_0.png,hindi,notice,val,train
ar_hi_000160_0.png,hindi,acts_rules,train,train
ar_en_001493.png,english,acts_rules,train,train
fm_hi_000408_1.png,hindi,forms,train,train
fm_en_000164_0.png,english,forms,train,train
np_hi_000222_1.png,hindi,newspaper,test,train
fm_hi_000200_0.png,hindi,forms,val,train
fm_en_000004_0.png,english,forms,test,train
nt_en_000393_1.png,english,notice,train,train
np_hi_000445_1.png,hindi,newspaper,train,train
ar_en_001475.png,english,acts_rules,train,train
fm_hi_000381_1.png,hindi,forms,train,train
ar_en_000126.png,english,acts_rules,train,train
ar_hi_000471_1.png,hindi,acts_rules,train,train
nt_mr_000100.png,marathi,notice,train,train
fm_hi_000035_0.png,hindi,forms,train,train
nt_hi_000129_0.png,hindi,notice,train,train
np_en_000217_1.png,english,newspaper,test,train
ar_en_000955.png,english,acts_rules,test,train
ar_mr_000376_0.png,marathi,acts_rules,test,train
ar_hi_000241_0.png,hindi,acts_rules,test,train
nt_en_000478_1.png,english,notice,train,train
fm_en_000015_0.png,english,forms,train,train
nt_hi_000217_0.png,hindi,notice,train,train
qp_mr_000074_0.png,marathi,question_paper,train,train
ar_hi_000265_0.png,hindi,acts_rules,train,train
qp_mr_000271_1.png,marathi,question_paper,train,train
ar_mr_000462_0.png,marathi,acts_rules,train,train
nt_hi_000218_0.png,hindi,notice,train,train
qp_hi_000419_0.png,hindi,question_paper,test,train
fm_hi_000441_1.png,hindi,forms,train,train
ar_hi_000656_1.png,hindi,acts_rules,train,train
qp_hi_000404_0.png,hindi,question_paper,train,train
qp_mr_000616_1.png,marathi,question_paper,train,train
ar_en_000157.png,english,acts_rules,train,train
ar_en_001200.png,english,acts_rules,train,train
nt_mr_000594.png,marathi,notice,train,train
nt_mr_000728.png,marathi,notice,train,train
np_mr_000287_1.png,marathi,newspaper,train,train
nt_mr_000448.png,marathi,notice,train,train
nt_hi_000519_1.png,hindi,notice,train,train
ar_en_001110.png,english,acts_rules,train,train
ar_en_000858.png,english,acts_rules,train,train
ar_en_001406.png,english,acts_rules,train,train
qp_mr_000243_1.png,marathi,question_paper,train,train
np_en_000334_1.png,english,newspaper,train,train
nt_en_000347_1.png,english,notice,train,train
fm_hi_000322_1.png,hindi,forms,train,train
qp_hi_000531_0.png,hindi,question_paper,train,train
ar_en_000820.png,english,acts_rules,train,train
ar_mr_000427_0.png,marathi,acts_rules,train,train
ar_mr_000036_0.png,marathi,acts_rules,train,train
ar_mr_000683_1.png,marathi,acts_rules,train,train
ar_en_000365.png,english,acts_rules,val,train
fm_en_000131_0.png,english,forms,train,train
ar_en_000991.png,english,acts_rules,train,train
fm_mr_000515_1.png,marathi,forms,train,train
nt_mr_000168.png,marathi,notice,train,train
qp_hi_000135_0.png,hindi,question_paper,train,train
qp_mr_000405_1.png,marathi,question_paper,train,train
nt_hi_000367_1.png,hindi,notice,train,train
ar_mr_000817_1.png,marathi,acts_rules,train,train
fm_mr_000124_0.png,marathi,forms,train,train
nt_mr_000455.png,marathi,notice,train,train
np_en_000496_1.png,english,newspaper,test,train
fm_en_000575_0.png,english,forms,val,train
ar_en_000474.png,english,acts_rules,val,train
nt_hi_000009_0.png,hindi,notice,train,train
qp_hi_000159_0.png,hindi,question_paper,train,train
ar_en_000025.png,english,acts_rules,train,train
ar_mr_001024_1.png,marathi,acts_rules,train,train
fm_hi_000305_1.png,hindi,forms,train,train
nt_en_000548_1.png,english,notice,val,train
fm_hi_000634_1.png,hindi,forms,train,train
fm_mr_000366_0.png,marathi,forms,train,train
fm_hi_000536_1.png,hindi,forms,train,train
fm_mr_000236_0.png,marathi,forms,train,train
qp_hi_000220_0.png,hindi,question_paper,train,train
ar_en_001464.png,english,acts_rules,test,train
ar_en_000700.png,english,acts_rules,test,train
fm_mr_000616_1.png,marathi,forms,train,train
ar_hi_000547_1.png,hindi,acts_rules,val,train
ar_en_000808.png,english,acts_rules,train,train
nt_en_000442_1.png,english,notice,train,train
qp_hi_000273_0.png,hindi,question_paper,train,train
ar_hi_000307_0.png,hindi,acts_rules,train,train
nt_en_000045_1.png,english,notice,train,train
fm_mr_000531_1.png,marathi,forms,train,train
nt_hi_000087_0.png,hindi,notice,val,train
ar_en_000176.png,english,acts_rules,train,train
ar_mr_000863_1.png,marathi,acts_rules,test,train
ar_hi_000256_0.png,hindi,acts_rules,train,train
np_mr_000485_1.png,marathi,newspaper,test,train
np_mr_000348_1.png,marathi,newspaper,val,train
nt_en_000224_1.png,english,notice,train,train
np_en_000192_0.png,english,newspaper,val,train
qp_hi_000598_0.png,hindi,question_paper,train,train
ar_en_000919.png,english,acts_rules,train,train
np_hi_000249_1.png,hindi,newspaper,train,train
ar_en_000719.png,english,acts_rules,train,train
ar_hi_000370_1.png,hindi,acts_rules,train,train
nt_hi_000485_1.png,hindi,notice,train,train
qp_hi_000699_0.png,hindi,question_paper,train,train
ar_en_001417.png,english,acts_rules,train,train
fm_mr_000002_0.png,marathi,forms,train,train
np_en_000225_1.png,english,newspaper,train,train
np_mr_000237_1.png,marathi,newspaper,train,train
qp_hi_000065_0.png,hindi,question_paper,train,train
ar_mr_000489_0.png,marathi,acts_rules,train,train
ar_mr_000092_0.png,marathi,acts_rules,train,train
np_en_000204_1.png,english,newspaper,test,train
ar_hi_000686_1.png,hindi,acts_rules,train,train
np_mr_000426_1.png,marathi,newspaper,train,train
qp_hi_000143_0.png,hindi,question_paper,train,train
qp_hi_000568_0.png,hindi,question_paper,train,train
fm_hi_000100_0.png,hindi,forms,train,train
qp_mr_000533_1.png,marathi,question_paper,test,train
qp_hi_000668_0.png,hindi,question_paper,train,train
qp_hi_000057_0.png,hindi,question_paper,train,train
ar_en_000360.png,english,acts_rules,train,train
ar_en_000583.png,english,acts_rules,train,train
nt_mr_000660.png,marathi,notice,train,train
ar_en_001240.png,english,acts_rules,val,train
fm_mr_000293_0.png,marathi,forms,train,train
nt_mr_000213.png,marathi,notice,train,train
fm_en_000509_0.png,english,forms,train,train
np_mr_000258_1.png,marathi,newspaper,test,train
np_en_000532_1.png,english,newspaper,train,train
qp_mr_000044_0.png,marathi,question_paper,train,train
nt_hi_000346_1.png,hindi,notice,train,train
fm_mr_000320_0.png,marathi,forms,train,train
nt_hi_000021_0.png,hindi,notice,train,train
qp_hi_000235_0.png,hindi,question_paper,train,train
fm_mr_000635_1.png,marathi,forms,train,train
np_hi_000342_1.png,hindi,newspaper,train,train
ar_mr_000024_0.png,marathi,acts_rules,train,train
np_hi_000252_1.png,hindi,newspaper,train,train
np_en_000231_1.png,english,newspaper,train,train
ar_en_001182.png,english,acts_rules,val,train
nt_mr_000063.png,marathi,notice,train,train
np_en_000159_0.png,english,newspaper,val,train
ar_mr_000050_0.png,marathi,acts_rules,train,train
fm_hi_000419_1.png,hindi,forms,train,train
ar_en_000857.png,english,acts_rules,train,train
ar_mr_000341_0.png,marathi,acts_rules,train,train
qp_hi_000730_0.png,hindi,question_paper,val,train
fm_hi_000791_1.png,hindi,forms,test,train
nt_mr_000639.png,marathi,notice,train,train
nt_en_000212_1.png,english,notice,train,train
np_en_000531_1.png,english,newspaper,train,train
np_en_000431_1.png,english,newspaper,train,train
fm_hi_000357_1.png,hindi,forms,test,train
np_hi_000478_1.png,hindi,newspaper,val,train
ar_en_000627.png,english,acts_rules,train,train
fm_en_000271_0.png,english,forms,train,train
nt_mr_000158.png,marathi,notice,train,train
fm_mr_000567_1.png,marathi,forms,train,train
fm_mr_000092_0.png,marathi,forms,train,train
qp_hi_000005_0.png,hindi,question_paper,val,train
fm_hi_000469_1.png,hindi,forms,train,train
fm_en_000166_0.png,english,forms,train,train
qp_mr_000689_1.png,marathi,question_paper,train,train
ar_mr_000047_0.png,marathi,acts_rules,train,train
qp_mr_000117_0.png,marathi,question_paper,test,train
nt_mr_000055.png,marathi,notice,train,train
nt_mr_000712.png,marathi,notice,train,train
ar_mr_000834_1.png,marathi,acts_rules,train,train
nt_en_000210_1.png,english,notice,train,train
nt_hi_000017_0.png,hindi,notice,train,train
fm_en_000559_0.png,english,forms,train,train
fm_en_000560_0.png,english,forms,train,train
nt_mr_000417.png,marathi,notice,train,train
qp_hi_000782_0.png,hindi,question_paper,train,train
ar_en_000124.png,english,acts_rules,train,train
fm_en_000019_0.png,english,forms,train,train
nt_en_000153_1.png,english,notice,train,train
nt_hi_000409_1.png,hindi,notice,train,train
nt_mr_000377.png,marathi,notice,train,train
ar_hi_000583_1.png,hindi,acts_rules,train,train
fm_mr_000193_0.png,marathi,forms,train,train
qp_hi_000462_0.png,hindi,question_paper,train,train
qp_hi_000771_0.png,hindi,question_paper,train,train
ar_en_000845.png,english,acts_rules,train,train
ar_en_001244.png,english,acts_rules,train,train
ar_en_000436.png,english,acts_rules,train,train
nt_en_000052_1.png,english,notice,val,train
nt_mr_000768.png,marathi,notice,train,train
qp_mr_000671_1.png,marathi,question_paper,train,train
nt_mr_000249.png,marathi,notice,train,train
fm_mr_000559_1.png,marathi,forms,train,train
nt_en_000538_1.png,english,notice,train,train
ar_hi_000603_1.png,hindi,acts_rules,train,train
nt_en_000464_1.png,english,notice,val,train
nt_hi_000428_1.png,hindi,notice,test,train
fm_hi_000096_0.png,hindi,forms,train,train
qp_hi_000470_0.png,hindi,question_paper,train,train
qp_hi_000058_0.png,hindi,question_paper,train,train
nt_en_000199_1.png,english,notice,train,train
ar_mr_000584_1.png,marathi,acts_rules,train,train
nt_mr_000482.png,marathi,notice,test,train
ar_hi_000099_0.png,hindi,acts_rules,train,train
nt_mr_000548.png,marathi,notice,val,train
np_en_000288_1.png,english,newspaper,train,train
ar_en_001119.png,english,acts_rules,train,train
ar_mr_001035_1.png,marathi,acts_rules,train,train
nt_hi_000496_1.png,hindi,notice,train,train
np_en_000078_0.png,english,newspaper,train,train
ar_mr_000880_1.png,marathi,acts_rules,train,train
fm_mr_000578_1.png,marathi,forms,train,train
ar_en_000273.png,english,acts_rules,train,train
ar_en_001316.png,english,acts_rules,train,train
ar_en_001467.png,english,acts_rules,train,train
nt_mr_000189.png,marathi,notice,train,train
nt_mr_000626.png,marathi,notice,train,train
nt_en_000428_1.png,english,notice,train,train
qp_mr_000576_1.png,marathi,question_paper,train,train
np_en_000076_0.png,english,newspaper,train,train
nt_en_000461_1.png,english,notice,train,train
qp_hi_000646_0.png,hindi,question_paper,train,train
ar_en_000280.png,english,acts_rules,train,train
qp_hi_000847_0.png,hindi,question_paper,train,train
fm_hi_000787_1.png,hindi,forms,train,train
np_hi_000267_1.png,hindi,newspaper,train,train
fm_mr_000237_0.png,marathi,forms,train,train
ar_mr_000958_1.png,marathi,acts_rules,train,train
nt_en_000418_1.png,english,notice,train,train
np_hi_000153_1.png,hindi,newspaper,train,train
ar_hi_000112_0.png,hindi,acts_rules,train,train
ar_mr_000291_0.png,marathi,acts_rules,train,train
nt_en_000136_1.png,english,notice,train,train
qp_hi_000226_0.png,hindi,question_paper,train,train
nt_en_000185_1.png,english,notice,train,train
qp_hi_000448_0.png,hindi,question_paper,train,train
np_hi_000536_1.png,hindi,newspaper,train,train
qp_mr_000168_0.png,marathi,question_paper,train,train
ar_mr_001049_1.png,marathi,acts_rules,train,train
qp_mr_000428_1.png,marathi,question_paper,train,train
ar_mr_000822_1.png,marathi,acts_rules,train,train
np_en_000016_0.png,english,newspaper,train,train
nt_hi_000568_1.png,hindi,notice,train,train
ar_mr_000904_1.png,marathi,acts_rules,train,train
ar_hi_000318_0.png,hindi,acts_rules,train,train
nt_mr_000001.png,marathi,notice,train,train
ar_en_000644.png,english,acts_rules,train,train
qp_mr_000519_1.png,marathi,question_paper,train,train
fm_mr_000455_1.png,marathi,forms,train,train
nt_hi_000047_0.png,hindi,notice,train,train
np_hi_000359_1.png,hindi,newspaper,train,train
nt_mr_000766.png,marathi,notice,train,train
np_hi_000508_1.png,hindi,newspaper,train,train
ar_en_001320.png,english,acts_rules,train,train
ar_en_000152.png,english,acts_rules,train,train
qp_hi_000883_0.png,hindi,question_paper,train,train
nt_en_000455_1.png,english,notice,train,train
ar_hi_000008_0.png,hindi,acts_rules,train,train
fm_mr_000287_0.png,marathi,forms,train,train
qp_hi_000793_0.png,hindi,question_paper,train,train
np_mr_000462_1.png,marathi,newspaper,train,train
np_mr_000102_1.png,marathi,newspaper,train,train
np_mr_000025_1.png,marathi,newspaper,train,train
qp_hi_000553_0.png,hindi,question_paper,train,train
qp_hi_000498_0.png,hindi,question_paper,train,train
qp_mr_000572_1.png,marathi,question_paper,train,train
fm_mr_000598_1.png,marathi,forms,val,train
qp_hi_000211_0.png,hindi,question_paper,train,train
np_mr_000056_1.png,marathi,newspaper,train,train
qp_mr_000320_1.png,marathi,question_paper,val,train
ar_en_000645.png,english,acts_rules,train,train
np_en_000551_1.png,english,newspaper,train,train
ar_en_000535.png,english,acts_rules,val,train
fm_en_000376_0.png,english,forms,test,train
ar_en_000010.png,english,acts_rules,train,train
np_en_000522_1.png,english,newspaper,train,train
ar_hi_000088_0.png,hindi,acts_rules,train,train
qp_mr_000466_1.png,marathi,question_paper,train,train
ar_hi_000376_1.png,hindi,acts_rules,train,train
ar_en_000600.png,english,acts_rules,train,train
ar_en_000988.png,english,acts_rules,train,train
np_mr_000352_1.png,marathi,newspaper,train,train
ar_en_001172.png,english,acts_rules,train,train
qp_mr_000008_0.png,marathi,question_paper,train,train
qp_hi_000743_0.png,hindi,question_paper,train,train
ar_mr_000437_0.png,marathi,acts_rules,train,train
fm_en_000017_0.png,english,forms,test,train
np_mr_000327_1.png,marathi,newspaper,test,train
ar_hi_000324_0.png,hindi,acts_rules,train,train
ar_hi_000274_0.png,hindi,acts_rules,train,train
ar_en_000318.png,english,acts_rules,train,train
qp_mr_000248_1.png,marathi,question_paper,test,train
np_en_000132_0.png,english,newspaper,val,train
qp_mr_000095_0.png,marathi,question_paper,train,train
qp_mr_000149_0.png,marathi,question_paper,train,train
nt_mr_000687.png,marathi,notice,train,train
nt_en_000425_1.png,english,notice,test,train
fm_mr_000438_0.png,marathi,forms,train,train
ar_mr_000986_1.png,marathi,acts_rules,train,train
np_mr_000335_1.png,marathi,newspaper,train,train
nt_hi_000489_1.png,hindi,notice,val,train
np_mr_000148_1.png,marathi,newspaper,train,train
nt_hi_000208_0.png,hindi,notice,train,train
np_en_000318_1.png,english,newspaper,test,train
ar_hi_000359_1.png,hindi,acts_rules,val,train
nt_en_000420_1.png,english,notice,train,train
ar_mr_000929_1.png,marathi,acts_rules,train,train
fm_hi_000762_1.png,hindi,forms,test,train
ar_mr_000832_1.png,marathi,acts_rules,train,train
ar_hi_000367_1.png,hindi,acts_rules,train,train
fm_en_000379_0.png,english,forms,train,train
ar_mr_000141_0.png,marathi,acts_rules,train,train
np_hi_000311_1.png,hindi,newspaper,train,train
np_mr_000302_1.png,marathi,newspaper,train,train
ar_mr_001071_1.png,marathi,acts_rules,val,train
ar_en_000179.png,english,acts_rules,train,train
ar_en_001231.png,english,acts_rules,train,train
fm_mr_000151_0.png,marathi,forms,train,train
nt_hi_000020_0.png,hindi,notice,train,train
nt_mr_000083.png,marathi,notice,train,train
nt_mr_000344.png,marathi,notice,train,train
np_hi_000254_1.png,hindi,newspaper,val,train
ar_mr_000166_0.png,marathi,acts_rules,val,train
np_en_000326_1.png,english,newspaper,test,train
nt_mr_000278.png,marathi,notice,train,train
ar_hi_000527_1.png,hindi,acts_rules,val,train
nt_en_000372_1.png,english,notice,train,train
ar_mr_000145_0.png,marathi,acts_rules,val,train
qp_hi_000475_0.png,hindi,question_paper,train,train
ar_mr_000505_0.png,marathi,acts_rules,train,train
fm_hi_000326_1.png,hindi,forms,train,train
nt_hi_000506_1.png,hindi,notice,train,train
fm_mr_000546_1.png,marathi,forms,val,train
fm_mr_000564_1.png,marathi,forms,train,train
qp_mr_000516_1.png,marathi,question_paper,test,train
qp_mr_000307_1.png,marathi,question_paper,train,train
qp_hi_000594_0.png,hindi,question_paper,test,train
nt_mr_000156.png,marathi,notice,val,train
np_en_000333_1.png,english,newspaper,val,train
nt_mr_000253.png,marathi,notice,train,train
ar_en_001104.png,english,acts_rules,train,train
ar_en_001007.png,english,acts_rules,test,train
nt_en_000531_1.png,english,notice,train,train
ar_en_000710.png,english,acts_rules,train,train
qp_hi_000776_0.png,hindi,question_paper,test,train
ar_en_001453.png,english,acts_rules,val,train
fm_en_000522_0.png,english,forms,train,train
ar_mr_000612_1.png,marathi,acts_rules,train,train
np_hi_000275_1.png,hindi,newspaper,train,train
nt_mr_000252.png,marathi,notice,train,train
qp_mr_000100_0.png,marathi,question_paper,train,train
fm_mr_000262_0.png,marathi,forms,train,train
nt_en_000056_1.png,english,notice,train,train
ar_hi_000024_0.png,hindi,acts_rules,train,train
np_en_000153_0.png,english,newspaper,train,train
fm_mr_000514_1.png,marathi,forms,train,train
fm_hi_000376_1.png,hindi,forms,test,train
nt_en_000470_1.png,english,notice,train,train
ar_en_000899.png,english,acts_rules,train,train
np_en_000359_1.png,english,newspaper,train,train
qp_mr_000698_1.png,marathi,question_paper,train,train
qp_hi_000482_0.png,hindi,question_paper,train,train
fm_hi_000534_1.png,hindi,forms,train,train
fm_en_000312_0.png,english,forms,train,train
qp_hi_000861_0.png,hindi,question_paper,train,train
ar_hi_000421_1.png,hindi,acts_rules,val,train
qp_mr_000245_1.png,marathi,question_paper,train,train
ar_hi_000090_0.png,hindi,acts_rules,train,train
np_mr_000139_1.png,marathi,newspaper,train,train
ar_en_001272.png,english,acts_rules,train,train
ar_en_000489.png,english,acts_rules,val,train
ar_mr_000565_0.png,marathi,acts_rules,train,train
nt_mr_000339.png,marathi,notice,train,train
ar_hi_000094_0.png,hindi,acts_rules,val,train
qp_hi_000801_0.png,hindi,question_paper,val,train
nt_en_000192_1.png,english,notice,train,train
nt_mr_000162.png,marathi,notice,train,train
fm_hi_000434_1.png,hindi,forms,val,train
nt_mr_000646.png,marathi,notice,train,train
qp_mr_000556_1.png,marathi,question_paper,test,train
ar_en_001005.png,english,acts_rules,train,train
np_en_000385_1.png,english,newspaper,train,train
fm_mr_000148_0.png,marathi,forms,train,train
np_en_000365_1.png,english,newspaper,train,train
nt_en_000535_1.png,english,notice,train,train
ar_en_000137.png,english,acts_rules,train,train
fm_en_000301_0.png,english,forms,train,train
qp_hi_000185_0.png,hindi,question_paper,train,train
np_hi_000080_1.png,hindi,newspaper,train,train
qp_mr_000612_1.png,marathi,question_paper,train,train
qp_mr_000427_1.png,marathi,question_paper,train,train
np_hi_000447_1.png,hindi,newspaper,train,train
nt_en_000496_1.png,english,notice,train,train
qp_hi_000314_0.png,hindi,question_paper,train,train
ar_en_001277.png,english,acts_rules,test,train
np_hi_000016_1.png,hindi,newspaper,train,train
nt_hi_000608_1.png,hindi,notice,train,train
ar_hi_000029_0.png,hindi,acts_rules,train,train
ar_mr_000384_0.png,marathi,acts_rules,train,train
np_mr_000120_1.png,marathi,newspaper,train,train
ar_en_000684.png,english,acts_rules,train,train
nt_hi_000454_1.png,hindi,notice,train,train
fm_en_000250_0.png,english,forms,test,train
np_en_000191_0.png,english,newspaper,train,train
ar_mr_000722_1.png,marathi,acts_rules,train,train
qp_hi_000414_0.png,hindi,question_paper,train,train
ar_mr_000665_1.png,marathi,acts_rules,train,train
ar_en_000698.png,english,acts_rules,val,train
nt_hi_000100_0.png,hindi,notice,train,train
ar_mr_000719_1.png,marathi,acts_rules,train,train
fm_en_000257_0.png,english,forms,train,train
np_en_000535_1.png,english,newspaper,train,train
fm_en_000295_0.png,english,forms,train,train
nt_hi_000156_0.png,hindi,notice,train,train
nt_en_000528_1.png,english,notice,train,train
np_mr_000409_1.png,marathi,newspaper,train,train
np_hi_000516_1.png,hindi,newspaper,train,train
ar_en_000331.png,english,acts_rules,train,train
ar_en_000673.png,english,acts_rules,train,train
ar_mr_000055_0.png,marathi,acts_rules,test,train
np_hi_000244_1.png,hindi,newspaper,train,train
qp_mr_000233_1.png,marathi,question_paper,test,train
nt_mr_000445.png,marathi,notice,train,train
nt_hi_000560_1.png,hindi,notice,val,train
qp_hi_000023_0.png,hindi,question_paper,train,train
fm_mr_000061_0.png,marathi,forms,val,train
qp_hi_000359_0.png,hindi,question_paper,train,train
ar_mr_000163_0.png,marathi,acts_rules,train,train
nt_mr_000041.png,marathi,notice,train,train
qp_hi_000373_0.png,hindi,question_paper,train,train
fm_mr_000473_1.png,marathi,forms,train,train
ar_en_000532.png,english,acts_rules,train,train
ar_hi_000706_1.png,hindi,acts_rules,train,train
ar_en_001079.png,english,acts_rules,train,train
nt_mr_000744.png,marathi,notice,train,train
ar_hi_000131_0.png,hindi,acts_rules,val,train
nt_hi_000473_1.png,hindi,notice,train,train
fm_mr_000083_0.png,marathi,forms,train,train
nt_mr_000330.png,marathi,notice,train,train
nt_mr_000574.png,marathi,notice,train,train
fm_en_000136_0.png,english,forms,train,train
ar_hi_000619_1.png,hindi,acts_rules,train,train
ar_mr_000218_0.png,marathi,acts_rules,train,train
np_mr_000036_1.png,marathi,newspaper,val,train
qp_hi_000069_0.png,hindi,question_paper,train,train
ar_hi_000366_1.png,hindi,acts_rules,train,train
nt_mr_000395.png,marathi,notice,train,train
ar_en_000332.png,english,acts_rules,test,train
fm_en_000436_0.png,english,forms,train,train
ar_en_000428.png,english,acts_rules,train,train
fm_en_000178_0.png,english,forms,test,train
nt_en_000326_1.png,english,notice,train,train
np_hi_000186_1.png,hindi,newspaper,train,train
ar_hi_000138_0.png,hindi,acts_rules,train,train
np_mr_000404_1.png,marathi,newspaper,train,train
fm_mr_000206_0.png,marathi,forms,train,train
nt_mr_000086.png,marathi,notice,train,train
nt_mr_000659.png,marathi,notice,train,train
ar_en_001393.png,english,acts_rules,train,train
fm_hi_000198_0.png,hindi,forms,train,train
ar_en_001167.png,english,acts_rules,train,train
qp_mr_000139_0.png,marathi,question_paper,train,train
ar_mr_000414_0.png,marathi,acts_rules,train,train
nt_hi_000584_1.png,hindi,notice,train,train
ar_hi_000254_0.png,hindi,acts_rules,train,train
ar_mr_000808_1.png,marathi,acts_rules,train,train
np_en_000110_0.png,english,newspaper,val,train
nt_hi_000024_0.png,hindi,notice,train,train
fm_en_000472_0.png,english,forms,train,train
ar_en_000590.png,english,acts_rules,train,train
qp_mr_000321_1.png,marathi,question_paper,val,train
ar_mr_001033_1.png,marathi,acts_rules,train,train
nt_en_000094_1.png,english,notice,train,train
qp_mr_000027_0.png,marathi,question_paper,train,train
fm_hi_000593_1.png,hindi,forms,train,train
fm_mr_000239_0.png,marathi,forms,val,train
fm_mr_000219_0.png,marathi,forms,val,train
np_mr_000307_1.png,marathi,newspaper,train,train
nt_en_000334_1.png,english,notice,train,train
qp_mr_000262_1.png,marathi,question_paper,train,train
nt_mr_000320.png,marathi,notice,train,train
ar_mr_000204_0.png,marathi,acts_rules,val,train
fm_en_000129_0.png,english,forms,train,train
ar_en_001221.png,english,acts_rules,val,train
np_mr_000354_1.png,marathi,newspaper,train,train
nt_en_000163_1.png,english,notice,train,train
ar_hi_000710_1.png,hindi,acts_rules,train,train
ar_mr_000113_0.png,marathi,acts_rules,train,train
np_hi_000388_1.png,hindi,newspaper,val,train
nt_en_000193_1.png,english,notice,train,train
ar_mr_000618_1.png,marathi,acts_rules,train,train
ar_en_000867.png,english,acts_rules,train,train
nt_hi_000500_1.png,hindi,notice,train,train
ar_en_000750.png,english,acts_rules,train,train
np_mr_000336_1.png,marathi,newspaper,test,train
ar_hi_000572_1.png,hindi,acts_rules,train,train
ar_en_000314.png,english,acts_rules,train,train
ar_hi_000089_0.png,hindi,acts_rules,train,train
ar_mr_000216_0.png,marathi,acts_rules,train,train
ar_en_001413.png,english,acts_rules,test,train
nt_en_000460_1.png,english,notice,train,train
ar_hi_000653_1.png,hindi,acts_rules,val,train
np_en_000031_0.png,english,newspaper,train,train
ar_hi_000028_0.png,hindi,acts_rules,train,train
qp_hi_000589_0.png,hindi,question_paper,val,train
qp_mr_000092_0.png,marathi,question_paper,test,train
nt_mr_000110.png,marathi,notice,train,train
ar_mr_000379_0.png,marathi,acts_rules,val,train
fm_hi_000781_1.png,hindi,forms,train,train
fm_mr_000279_0.png,marathi,forms,train,train
ar_mr_000048_0.png,marathi,acts_rules,train,train
np_mr_000031_1.png,marathi,newspaper,train,train
nt_mr_000233.png,marathi,notice,train,train
qp_hi_000332_0.png,hindi,question_paper,train,train
nt_mr_000489.png,marathi,notice,train,train
ar_mr_000518_0.png,marathi,acts_rules,train,train
ar_en_001429.png,english,acts_rules,test,train
nt_mr_000723.png,marathi,notice,val,train
qp_mr_000255_1.png,marathi,question_paper,train,train
np_hi_000399_1.png,hindi,newspaper,train,train
fm_en_000505_0.png,english,forms,train,train
ar_en_000125.png,english,acts_rules,train,train
fm_mr_000420_0.png,marathi,forms,train,train
qp_mr_000368_1.png,marathi,question_paper,test,train
np_hi_000215_1.png,hindi,newspaper,train,train
np_mr_000358_1.png,marathi,newspaper,test,train
ar_en_000431.png,english,acts_rules,train,train
np_hi_000285_1.png,hindi,newspaper,val,train
qp_mr_000571_1.png,marathi,question_paper,train,train
np_en_000504_1.png,english,newspaper,train,train
nt_en_000329_1.png,english,notice,train,train
fm_hi_000127_0.png,hindi,forms,test,train
nt_mr_000242.png,marathi,notice,test,train
qp_hi_000685_0.png,hindi,question_paper,train,train
qp_hi_000238_0.png,hindi,question_paper,train,train
nt_en_000016_1.png,english,notice,train,train
fm_en_000513_0.png,english,forms,train,train
fm_hi_000746_1.png,hindi,forms,train,train
np_hi_000303_1.png,hindi,newspaper,train,train
np_mr_000284_1.png,marathi,newspaper,train,train
fm_mr_000483_1.png,marathi,forms,train,train
nt_en_000327_1.png,english,notice,train,train
fm_hi_000693_1.png,hindi,forms,train,train
fm_hi_000283_1.png,hindi,forms,train,train
np_hi_000031_1.png,hindi,newspaper,train,train
nt_mr_000140.png,marathi,notice,train,train
ar_mr_000724_1.png,marathi,acts_rules,test,train
fm_hi_000066_0.png,hindi,forms,train,train
qp_mr_000156_0.png,marathi,question_paper,train,train
ar_mr_000883_1.png,marathi,acts_rules,train,train
fm_en_000539_0.png,english,forms,train,train
fm_mr_000517_1.png,marathi,forms,train,train
np_mr_000268_1.png,marathi,newspaper,train,train
fm_mr_000301_0.png,marathi,forms,test,train
qp_mr_000184_0.png,marathi,question_paper,train,train
fm_mr_000647_1.png,marathi,forms,train,train
nt_mr_000146.png,marathi,notice,train,train
ar_mr_000127_0.png,marathi,acts_rules,train,train
nt_mr_000228.png,marathi,notice,train,train
ar_mr_000297_0.png,marathi,acts_rules,train,train
nt_hi_000569_1.png,hindi,notice,train,train
fm_mr_000625_1.png,marathi,forms,test,train
qp_mr_000550_1.png,marathi,question_paper,train,train
fm_en_000130_0.png,english,forms,train,train
qp_mr_000109_0.png,marathi,question_paper,val,train
ar_hi_000691_1.png,hindi,acts_rules,train,train
fm_hi_000016_0.png,hindi,forms,train,train
qp_hi_000227_0.png,hindi,question_paper,test,train
ar_mr_001029_1.png,marathi,acts_rules,train,train
qp_hi_000734_0.png,hindi,question_paper,test,train
ar_mr_000378_0.png,marathi,acts_rules,test,train
ar_mr_000570_0.png,marathi,acts_rules,train,train
nt_hi_000291_1.png,hindi,notice,test,train
nt_mr_000645.png,marathi,notice,train,train
fm_hi_000589_1.png,hindi,forms,test,train
ar_mr_000978_1.png,marathi,acts_rules,train,train
qp_mr_000452_1.png,marathi,question_paper,train,train
ar_en_000006.png,english,acts_rules,val,train
np_en_000378_1.png,english,newspaper,train,train
ar_en_000362.png,english,acts_rules,train,train
nt_mr_000152.png,marathi,notice,val,train
qp_hi_000434_0.png,hindi,question_paper,val,train
np_mr_000095_1.png,marathi,newspaper,test,train
ar_mr_000072_0.png,marathi,acts_rules,train,train
ar_en_000448.png,english,acts_rules,train,train
ar_mr_000288_0.png,marathi,acts_rules,test,train
nt_mr_000683.png,marathi,notice,train,train
fm_hi_000238_0.png,hindi,forms,train,train
ar_hi_000610_1.png,hindi,acts_rules,val,train
ar_hi_000082_0.png,hindi,acts_rules,train,train
nt_en_000522_1.png,english,notice,train,train
nt_en_000427_1.png,english,notice,train,train
nt_hi_000602_1.png,hindi,notice,train,train
ar_en_000547.png,english,acts_rules,test,train
nt_en_000473_1.png,english,notice,train,train
ar_en_000118.png,english,acts_rules,train,train
qp_hi_000389_0.png,hindi,question_paper,train,train
fm_hi_000404_1.png,hindi,forms,train,train
ar_mr_000921_1.png,marathi,acts_rules,train,train
ar_mr_000278_0.png,marathi,acts_rules,train,train
fm_en_000109_0.png,english,forms,train,train
np_mr_000075_1.png,marathi,newspaper,train,train
ar_mr_000133_0.png,marathi,acts_rules,train,train
ar_hi_000003_0.png,hindi,acts_rules,train,train
nt_en_000557_1.png,english,notice,train,train
fm_hi_000144_0.png,hindi,forms,train,train
nt_en_000062_1.png,english,notice,train,train
qp_hi_000655_0.png,hindi,question_paper,train,train
qp_hi_000880_0.png,hindi,question_paper,test,train
fm_en_000132_0.png,english,forms,train,train
fm_mr_000121_0.png,marathi,forms,train,train
np_mr_000100_1.png,marathi,newspaper,train,train
qp_hi_000248_0.png,hindi,question_paper,train,train
fm_en_000392_0.png,english,forms,train,train
fm_mr_000470_1.png,marathi,forms,train,train
ar_hi_000652_1.png,hindi,acts_rules,train,train
ar_hi_000627_1.png,hindi,acts_rules,train,train
np_en_000116_0.png,english,newspaper,train,train
np_hi_000039_1.png,hindi,newspaper,train,train
fm_en_000473_0.png,english,forms,train,train
qp_hi_000805_0.png,hindi,question_paper,train,train
ar_hi_000577_1.png,hindi,acts_rules,train,train
np_en_000139_0.png,english,newspaper,train,train
nt_hi_000476_1.png,hindi,notice,train,train
ar_mr_000243_0.png,marathi,acts_rules,train,train
qp_mr_000629_1.png,marathi,question_paper,val,train
ar_en_000774.png,english,acts_rules,train,train
fm_hi_000714_1.png,hindi,forms,train,train
nt_en_000416_1.png,english,notice,train,train
nt_en_000463_1.png,english,notice,train,train
np_en_000074_0.png,english,newspaper,test,train
ar_en_000556.png,english,acts_rules,train,train
nt_mr_000219.png,marathi,notice,test,train
np_mr_000470_1.png,marathi,newspaper,train,train
ar_hi_000076_0.png,hindi,acts_rules,test,train
ar_hi_000257_0.png,hindi,acts_rules,train,train
qp_hi_000844_0.png,hindi,question_paper,train,train
ar_mr_000120_0.png,marathi,acts_rules,train,train
np_hi_000326_1.png,hindi,newspaper,val,train
nt_hi_000223_0.png,hindi,notice,train,train
ar_en_000032.png,english,acts_rules,train,train
np_en_000071_0.png,english,newspaper,train,train
ar_mr_000406_0.png,marathi,acts_rules,train,train
qp_mr_000537_1.png,marathi,question_paper,train,train
fm_mr_000501_1.png,marathi,forms,train,train
qp_hi_000768_0.png,hindi,question_paper,train,train
qp_hi_000501_0.png,hindi,question_paper,val,train
nt_hi_000282_1.png,hindi,notice,train,train
fm_en_000144_0.png,english,forms,train,train
np_en_000244_1.png,english,newspaper,train,train
ar_hi_000528_1.png,hindi,acts_rules,val,train
fm_mr_000418_0.png,marathi,forms,train,train
ar_en_000373.png,english,acts_rules,train,train
fm_mr_000106_0.png,marathi,forms,train,train
nt_mr_000165.png,marathi,notice,train,train
np_hi_000437_1.png,hindi,newspaper,test,train
ar_en_000245.png,english,acts_rules,train,train
fm_hi_000516_1.png,hindi,forms,train,train
ar_mr_000734_1.png,marathi,acts_rules,train,train
ar_en_000762.png,english,acts_rules,train,train
ar_mr_000329_0.png,marathi,acts_rules,train,train
nt_hi_000076_0.png,hindi,notice,train,train
ar_en_000626.png,english,acts_rules,test,train
nt_en_000249_1.png,english,notice,train,train
nt_mr_000293.png,marathi,notice,train,train
ar_en_000198.png,english,acts_rules,train,train
np_hi_000422_1.png,hindi,newspaper,train,train
nt_hi_000383_1.png,hindi,notice,train,train
np_en_000264_1.png,english,newspaper,train,train
np_en_000276_1.png,english,newspaper,val,train
np_mr_000447_1.png,marathi,newspaper,train,train
qp_hi_000168_0.png,hindi,question_paper,train,train
ar_en_000077.png,english,acts_rules,train,train
nt_mr_000093.png,marathi,notice,train,train
nt_hi_000050_0.png,hindi,notice,train,train
nt_mr_000050.png,marathi,notice,train,train
ar_hi_000386_1.png,hindi,acts_rules,train,train
ar_en_001171.png,english,acts_rules,train,train
np_hi_000314_1.png,hindi,newspaper,train,train
fm_hi_000647_1.png,hindi,forms,train,train
ar_hi_000435_1.png,hindi,acts_rules,val,train
ar_en_000304.png,english,acts_rules,train,train
fm_en_000260_0.png,english,forms,train,train
np_hi_000170_1.png,hindi,newspaper,train,train
ar_mr_000913_1.png,marathi,acts_rules,test,train
np_en_000458_1.png,english,newspaper,train,train
np_en_000406_1.png,english,newspaper,train,train
fm_hi_000415_1.png,hindi,forms,train,train
nt_en_000248_1.png,english,notice,train,train
ar_mr_000920_1.png,marathi,acts_rules,train,train
ar_en_001443.png,english,acts_rules,train,train
np_mr_000259_1.png,marathi,newspaper,train,train
ar_mr_000801_1.png,marathi,acts_rules,train,train
qp_mr_000387_1.png,marathi,question_paper,train,train
ar_en_000824.png,english,acts_rules,train,train
nt_hi_000064_0.png,hindi,notice,test,train
ar_mr_000300_0.png,marathi,acts_rules,train,train
qp_hi_000808_0.png,hindi,question_paper,train,train
ar_mr_001002_1.png,marathi,acts_rules,train,train
nt_mr_000747.png,marathi,notice,val,train
qp_hi_000007_0.png,hindi,question_paper,val,train
fm_hi_000285_1.png,hindi,forms,train,train
nt_mr_000764.png,marathi,notice,train,train
nt_mr_000717.png,marathi,notice,train,train
ar_mr_000313_0.png,marathi,acts_rules,train,train
fm_en_000272_0.png,english,forms,train,train
ar_en_000322.png,english,acts_rules,val,train
np_mr_000065_1.png,marathi,newspaper,train,train
fm_hi_000654_1.png,hindi,forms,val,train
fm_en_000151_0.png,english,forms,train,train
fm_mr_000599_1.png,marathi,forms,train,train
ar_mr_000174_0.png,marathi,acts_rules,val,train
np_mr_000340_1.png,marathi,newspaper,train,train
ar_mr_000649_1.png,marathi,acts_rules,test,train
fm_hi_000754_1.png,hindi,forms,train,train
ar_en_000585.png,english,acts_rules,train,train
nt_en_000169_1.png,english,notice,test,train
np_mr_000384_1.png,marathi,newspaper,train,train
qp_hi_000086_0.png,hindi,question_paper,train,train
qp_mr_000492_1.png,marathi,question_paper,train,train
fm_mr_000352_0.png,marathi,forms,val,train
nt_hi_000327_1.png,hindi,notice,train,train
fm_mr_000034_0.png,marathi,forms,train,train
nt_en_000354_1.png,english,notice,train,train
ar_en_000880.png,english,acts_rules,train,train
ar_en_000230.png,english,acts_rules,test,train
fm_en_000093_0.png,english,forms,train,train
fm_mr_000318_0.png,marathi,forms,train,train
fm_mr_000231_0.png,marathi,forms,val,train
ar_en_000819.png,english,acts_rules,train,train
fm_hi_000270_1.png,hindi,forms,val,train
fm_hi_000229_0.png,hindi,forms,train,train
fm_hi_000414_1.png,hindi,forms,test,train
fm_mr_000090_0.png,marathi,forms,train,train
ar_hi_000196_0.png,hindi,acts_rules,train,train
ar_hi_000309_0.png,hindi,acts_rules,test,train
nt_en_000200_1.png,english,notice,train,train
nt_hi_000325_1.png,hindi,notice,train,train
nt_hi_000098_0.png,hindi,notice,train,train
ar_mr_001062_1.png,marathi,acts_rules,val,train
ar_mr_000842_1.png,marathi,acts_rules,train,train
qp_hi_000274_0.png,hindi,question_paper,train,train
ar_en_000036.png,english,acts_rules,train,train
ar_mr_000758_1.png,marathi,acts_rules,train,train
qp_mr_000644_1.png,marathi,question_paper,train,train
fm_en_000227_0.png,english,forms,train,train
fm_en_000321_0.png,english,forms,train,train
np_mr_000074_1.png,marathi,newspaper,train,train
qp_mr_000578_1.png,marathi,question_paper,train,train
nt_mr_000532.png,marathi,notice,val,train
fm_en_000064_0.png,english,forms,train,train
np_mr_000448_1.png,marathi,newspaper,train,train
ar_mr_000420_0.png,marathi,acts_rules,train,train
nt_hi_000354_1.png,hindi,notice,train,train
qp_hi_000459_0.png,hindi,question_paper,train,train
ar_hi_000451_1.png,hindi,acts_rules,train,train
qp_hi_000275_0.png,hindi,question_paper,train,train
fm_mr_000286_0.png,marathi,forms,train,train
fm_en_000127_0.png,english,forms,train,train
nt_mr_000403.png,marathi,notice,train,train
ar_en_000458.png,english,acts_rules,train,train
ar_mr_000180_0.png,marathi,acts_rules,train,train
ar_en_000662.png,english,acts_rules,train,train
ar_mr_000754_1.png,marathi,acts_rules,train,train
qp_hi_000864_0.png,hindi,question_paper,test,train
fm_mr_000538_1.png,marathi,forms,train,train
ar_hi_000644_1.png,hindi,acts_rules,train,train
nt_hi_000386_1.png,hindi,notice,val,train
np_en_000498_1.png,english,newspaper,train,train
ar_mr_000993_1.png,marathi,acts_rules,train,train
ar_en_001415.png,english,acts_rules,train,train
nt_mr_000267.png,marathi,notice,train,train
nt_hi_000362_1.png,hindi,notice,test,train
qp_hi_000665_0.png,hindi,question_paper,train,train
nt_mr_000692.png,marathi,notice,train,train
ar_en_000351.png,english,acts_rules,train,train
ar_mr_000845_1.png,marathi,acts_rules,train,train
np_mr_000008_1.png,marathi,newspaper,train,train
ar_en_000059.png,english,acts_rules,train,train
np_hi_000466_1.png,hindi,newspaper,train,train
nt_en_000061_1.png,english,notice,test,train
np_en_000545_1.png,english,newspaper,train,train
ar_en_000870.png,english,acts_rules,train,train
ar_en_000491.png,english,acts_rules,train,train
nt_hi_000585_1.png,hindi,notice,train,train
np_mr_000129_1.png,marathi,newspaper,train,train
nt_en_000152_1.png,english,notice,val,train
np_en_000073_0.png,english,newspaper,train,train
ar_en_000081.png,english,acts_rules,test,train
qp_hi_000076_0.png,hindi,question_paper,train,train
nt_mr_000173.png,marathi,notice,val,train
np_en_000268_1.png,english,newspaper,train,train
nt_hi_000057_0.png,hindi,notice,train,train
ar_en_000488.png,english,acts_rules,train,train
fm_en_000171_0.png,english,forms,val,train
fm_en_000091_0.png,english,forms,test,train
np_en_000087_0.png,english,newspaper,train,train
fm_en_000276_0.png,english,forms,train,train
ar_en_000440.png,english,acts_rules,train,train
qp_mr_000706_1.png,marathi,question_paper,train,train
ar_en_000523.png,english,acts_rules,train,train
qp_hi_000315_0.png,hindi,question_paper,train,train
ar_en_000353.png,english,acts_rules,train,train
nt_hi_000401_1.png,hindi,notice,val,train
fm_hi_000702_1.png,hindi,forms,train,train
fm_mr_000542_1.png,marathi,forms,train,train
fm_hi_000313_1.png,hindi,forms,train,train
ar_mr_000091_0.png,marathi,acts_rules,train,train
qp_mr_000220_1.png,marathi,question_paper,train,train
nt_en_000320_1.png,english,notice,val,train
ar_en_001142.png,english,acts_rules,test,train
qp_mr_000293_1.png,marathi,question_paper,train,train
qp_hi_000383_0.png,hindi,question_paper,train,train
nt_mr_000045.png,marathi,notice,val,train
qp_hi_000353_0.png,hindi,question_paper,train,train
nt_mr_000192.png,marathi,notice,train,train
nt_hi_000369_1.png,hindi,notice,train,train
ar_en_000203.png,english,acts_rules,train,train
qp_hi_000670_0.png,hindi,question_paper,train,train
qp_mr_000471_1.png,marathi,question_paper,train,train
np_en_000257_1.png,english,newspaper,train,train
np_mr_000109_1.png,marathi,newspaper,train,train
np_hi_000283_1.png,hindi,newspaper,train,train
ar_en_001276.png,english,acts_rules,train,train
ar_en_000555.png,english,acts_rules,val,train
ar_en_000462.png,english,acts_rules,train,train
qp_hi_000420_0.png,hindi,question_paper,train,train
fm_mr_000458_1.png,marathi,forms,train,train
ar_hi_000314_0.png,hindi,acts_rules,train,train
ar_en_001456.png,english,acts_rules,train,train
fm_mr_000091_0.png,marathi,forms,train,train
np_hi_000336_1.png,hindi,newspaper,test,train
qp_mr_000279_1.png,marathi,question_paper,train,train
nt_hi_000417_1.png,hindi,notice,train,train
fm_mr_000202_0.png,marathi,forms,train,train
ar_en_001337.png,english,acts_rules,train,train
nt_mr_000776.png,marathi,notice,train,train
ar_en_001129.png,english,acts_rules,train,train
qp_hi_000424_0.png,hindi,question_paper,train,train
np_mr_000247_1.png,marathi,newspaper,test,train
ar_en_001067.png,english,acts_rules,train,train
np_hi_000104_1.png,hindi,newspaper,train,train
fm_en_000051_0.png,english,forms,test,train
np_en_000424_1.png,english,newspaper,train,train
nt_hi_000159_0.png,hindi,notice,test,train
fm_hi_000117_0.png,hindi,forms,train,train
ar_en_001350.png,english,acts_rules,train,train
nt_hi_000153_0.png,hindi,notice,train,train
np_en_000384_1.png,english,newspaper,train,train
ar_mr_000843_1.png,marathi,acts_rules,test,train
nt_hi_000086_0.png,hindi,notice,train,train
qp_mr_000614_1.png,marathi,question_paper,val,train
ar_mr_000747_1.png,marathi,acts_rules,val,train
np_hi_000513_1.png,hindi,newspaper,train,train
qp_hi_000577_0.png,hindi,question_paper,train,train
fm_mr_000153_0.png,marathi,forms,val,train
ar_mr_000882_1.png,marathi,acts_rules,train,train
qp_mr_000174_0.png,marathi,question_paper,train,train
nt_en_000276_1.png,english,notice,train,train
qp_hi_000486_0.png,hindi,question_paper,train,train
nt_mr_000538.png,marathi,notice,train,train
nt_hi_000061_0.png,hindi,notice,train,train
qp_hi_000621_0.png,hindi,question_paper,train,train
fm_en_000248_0.png,english,forms,train,train
ar_en_000421.png,english,acts_rules,train,train
nt_mr_000578.png,marathi,notice,train,train
np_mr_000182_1.png,marathi,newspaper,train,train
np_hi_000545_1.png,hindi,newspaper,train,train
ar_mr_000636_1.png,marathi,acts_rules,train,train
ar_mr_000347_0.png,marathi,acts_rules,test,train
ar_mr_000456_0.png,marathi,acts_rules,train,train
ar_hi_000502_1.png,hindi,acts_rules,train,train
qp_hi_000580_0.png,hindi,question_paper,train,train
qp_mr_000674_1.png,marathi,question_paper,train,train
fm_en_000180_0.png,english,forms,train,train
ar_mr_000077_0.png,marathi,acts_rules,train,train
np_mr_000060_1.png,marathi,newspaper,train,train
np_hi_000197_1.png,hindi,newspaper,train,train
nt_hi_000118_0.png,hindi,notice,train,train
fm_mr_000053_0.png,marathi,forms,test,train
ar_mr_000672_1.png,marathi,acts_rules,train,train
nt_mr_000616.png,marathi,notice,train,train
qp_hi_000318_0.png,hindi,question_paper,train,train
qp_mr_000352_1.png,marathi,question_paper,val,train
ar_en_001457.png,english,acts_rules,train,train
ar_en_000685.png,english,acts_rules,train,train
qp_hi_000177_0.png,hindi,question_paper,train,train
ar_mr_000426_0.png,marathi,acts_rules,train,train
nt_en_000133_1.png,english,notice,train,train
ar_hi_000646_1.png,hindi,acts_rules,train,train
ar_hi_000350_0.png,hindi,acts_rules,test,train
nt_mr_000640.png,marathi,notice,train,train
nt_hi_000435_1.png,hindi,notice,train,train
np_hi_000119_1.png,hindi,newspaper,train,train
ar_mr_000244_0.png,marathi,acts_rules,val,train
qp_mr_000639_1.png,marathi,question_paper,val,train
ar_mr_000013_0.png,marathi,acts_rules,train,train
fm_mr_000346_0.png,marathi,forms,train,train
fm_en_000201_0.png,english,forms,train,train
ar_en_000470.png,english,acts_rules,train,train
fm_hi_000399_1.png,hindi,forms,train,train
nt_mr_000685.png,marathi,notice,train,train
fm_mr_000134_0.png,marathi,forms,train,train
np_hi_000386_1.png,hindi,newspaper,train,train
fm_en_000470_0.png,english,forms,train,train
ar_en_000634.png,english,acts_rules,train,train
fm_en_000413_0.png,english,forms,val,train
ar_en_000898.png,english,acts_rules,train,train
ar_mr_000891_1.png,marathi,acts_rules,train,train
ar_en_000284.png,english,acts_rules,train,train
np_mr_000480_1.png,marathi,newspaper,train,train
qp_mr_000324_1.png,marathi,question_paper,train,train
np_en_000355_1.png,english,newspaper,train,train
nt_hi_000529_1.png,hindi,notice,train,train
fm_en_000244_0.png,english,forms,train,train
nt_mr_000648.png,marathi,notice,test,train
ar_hi_000450_1.png,hindi,acts_rules,val,train
qp_hi_000118_0.png,hindi,question_paper,train,train
nt_hi_000532_1.png,hindi,notice,train,train
qp_hi_000068_0.png,hindi,question_paper,train,train
fm_hi_000486_1.png,hindi,forms,train,train
fm_en_000433_0.png,english,forms,train,train
ar_en_000872.png,english,acts_rules,train,train
qp_hi_000582_0.png,hindi,question_paper,val,train
nt_hi_000284_1.png,hindi,notice,test,train
fm_hi_000062_0.png,hindi,forms,test,train
fm_hi_000208_0.png,hindi,forms,val,train
fm_hi_000175_0.png,hindi,forms,train,train
qp_mr_000357_1.png,marathi,question_paper,train,train
ar_en_000641.png,english,acts_rules,train,train
np_hi_000166_1.png,hindi,newspaper,train,train
qp_hi_000125_0.png,hindi,question_paper,test,train
ar_en_001125.png,english,acts_rules,train,train
qp_mr_000145_0.png,marathi,question_paper,val,train
ar_hi_000010_0.png,hindi,acts_rules,train,train
fm_en_000112_0.png,english,forms,train,train
nt_hi_000398_1.png,hindi,notice,train,train
fm_mr_000261_0.png,marathi,forms,train,train
ar_en_000169.png,english,acts_rules,train,train
ar_mr_000346_0.png,marathi,acts_rules,train,train
fm_hi_000383_1.png,hindi,forms,train,train
nt_hi_000023_0.png,hindi,notice,train,train
fm_mr_000062_0.png,marathi,forms,test,train
ar_mr_000136_0.png,marathi,acts_rules,train,train
ar_hi_000513_1.png,hindi,acts_rules,train,train
ar_hi_000709_1.png,hindi,acts_rules,train,train
nt_en_000365_1.png,english,notice,test,train
ar_en_000226.png,english,acts_rules,train,train
ar_hi_000264_0.png,hindi,acts_rules,train,train
fm_en_000219_0.png,english,forms,train,train
fm_hi_000109_0.png,hindi,forms,val,train
np_hi_000501_1.png,hindi,newspaper,test,train
qp_hi_000200_0.png,hindi,question_paper,train,train
qp_hi_000379_0.png,hindi,question_paper,train,train
fm_hi_000152_0.png,hindi,forms,train,train
ar_hi_000011_0.png,hindi,acts_rules,train,train
ar_en_001285.png,english,acts_rules,train,train
qp_mr_000090_0.png,marathi,question_paper,val,train
ar_en_000247.png,english,acts_rules,val,train
ar_en_000072.png,english,acts_rules,train,train
fm_en_000049_0.png,english,forms,val,train
qp_mr_000340_1.png,marathi,question_paper,val,train
qp_hi_000446_0.png,hindi,question_paper,train,train
nt_hi_000314_1.png,hindi,notice,train,train
qp_mr_000289_1.png,marathi,question_paper,train,train
ar_mr_000397_0.png,marathi,acts_rules,train,train
fm_en_000462_0.png,english,forms,train,train
ar_en_000765.png,english,acts_rules,val,train
ar_hi_000083_0.png,hindi,acts_rules,test,train
ar_en_000095.png,english,acts_rules,train,train
np_mr_000123_1.png,marathi,newspaper,train,train
ar_en_000718.png,english,acts_rules,train,train
ar_hi_000587_1.png,hindi,acts_rules,train,train
fm_mr_000214_0.png,marathi,forms,val,train
ar_en_000030.png,english,acts_rules,train,train
fm_mr_000370_0.png,marathi,forms,train,train
qp_mr_000635_1.png,marathi,question_paper,train,train
ar_en_000738.png,english,acts_rules,train,train
ar_mr_000707_1.png,marathi,acts_rules,train,train
ar_mr_000582_1.png,marathi,acts_rules,val,train
fm_mr_000555_1.png,marathi,forms,train,train
fm_mr_000344_0.png,marathi,forms,train,train
nt_mr_000033.png,marathi,notice,train,train
ar_mr_000932_1.png,marathi,acts_rules,train,train
fm_hi_000623_1.png,hindi,forms,train,train
np_hi_000162_1.png,hindi,newspaper,train,train
fm_en_000507_0.png,english,forms,train,train
ar_mr_000604_1.png,marathi,acts_rules,train,train
np_hi_000171_1.png,hindi,newspaper,train,train
fm_en_000123_0.png,english,forms,train,train
ar_mr_000337_0.png,marathi,acts_rules,train,train
qp_hi_000487_0.png,hindi,question_paper,train,train
np_hi_000023_1.png,hindi,newspaper,val,train
fm_en_000090_0.png,english,forms,train,train
ar_mr_000143_0.png,marathi,acts_rules,train,train
qp_hi_000574_0.png,hindi,question_paper,train,train
nt_en_000242_1.png,english,notice,train,train
qp_hi_000657_0.png,hindi,question_paper,train,train
nt_en_000384_1.png,english,notice,train,train
fm_hi_000661_1.png,hindi,forms,val,train
ar_en_001411.png,english,acts_rules,train,train
nt_hi_000429_1.png,hindi,notice,train,train
ar_en_000305.png,english,acts_rules,train,train
fm_mr_000609_1.png,marathi,forms,test,train
ar_en_000260.png,english,acts_rules,train,train
qp_mr_000606_1.png,marathi,question_paper,train,train
np_mr_000091_1.png,marathi,newspaper,val,train
np_hi_000459_1.png,hindi,newspaper,train,train
fm_hi_000111_0.png,hindi,forms,val,train
nt_mr_000185.png,marathi,notice,train,train
ar_mr_001013_1.png,marathi,acts_rules,train,train
np_en_000175_0.png,english,newspaper,val,train
nt_hi_000340_1.png,hindi,notice,val,train
fm_mr_000614_1.png,marathi,forms,train,train
ar_hi_000390_1.png,hindi,acts_rules,train,train
fm_hi_000340_1.png,hindi,forms,val,train
nt_en_000150_1.png,english,notice,train,train
ar_mr_001022_1.png,marathi,acts_rules,val,train
nt_mr_000301.png,marathi,notice,test,train
ar_mr_000226_0.png,marathi,acts_rules,val,train
ar_en_000751.png,english,acts_rules,train,train
np_mr_000176_1.png,marathi,newspaper,train,train
ar_en_001291.png,english,acts_rules,test,train
ar_en_001365.png,english,acts_rules,train,train
ar_mr_000015_0.png,marathi,acts_rules,train,train
fm_hi_000166_0.png,hindi,forms,train,train
fm_mr_000469_1.png,marathi,forms,train,train
np_en_000170_0.png,english,newspaper,train,train
fm_en_000488_0.png,english,forms,train,train
qp_mr_000429_1.png,marathi,question_paper,train,train
ar_en_000308.png,english,acts_rules,train,train
ar_mr_000139_0.png,marathi,acts_rules,train,train
ar_en_000269.png,english,acts_rules,test,train
np_en_000005_0.png,english,newspaper,train,train
np_hi_000273_1.png,hindi,newspaper,train,train
qp_mr_000364_1.png,marathi,question_paper,train,train
qp_mr_000172_0.png,marathi,question_paper,train,train
nt_en_000311_1.png,english,notice,train,train
ar_en_001266.png,english,acts_rules,train,train
fm_en_000555_0.png,english,forms,test,train
np_en_000524_1.png,english,newspaper,test,train
ar_en_001099.png,english,acts_rules,train,train
np_mr_000405_1.png,marathi,newspaper,train,train
np_mr_000093_1.png,marathi,newspaper,train,train
np_hi_000280_1.png,hindi,newspaper,val,train
ar_en_000659.png,english,acts_rules,train,train
qp_hi_000778_0.png,hindi,question_paper,train,train
ar_hi_000061_0.png,hindi,acts_rules,train,train
fm_mr_000213_0.png,marathi,forms,train,train
ar_en_001332.png,english,acts_rules,test,train
fm_en_000086_0.png,english,forms,train,train
fm_mr_000215_0.png,marathi,forms,val,train
ar_mr_000194_0.png,marathi,acts_rules,train,train
fm_hi_000030_0.png,hindi,forms,train,train
nt_hi_000040_0.png,hindi,notice,val,train
fm_hi_000309_1.png,hindi,forms,train,train
qp_mr_000553_1.png,marathi,question_paper,train,train
qp_hi_000432_0.png,hindi,question_paper,train,train
nt_hi_000049_0.png,hindi,notice,test,train
ar_en_001212.png,english,acts_rules,val,train
ar_mr_000818_1.png,marathi,acts_rules,train,train
nt_mr_000563.png,marathi,notice,train,train
ar_en_001152.png,english,acts_rules,train,train
ar_hi_000666_1.png,hindi,acts_rules,train,train
qp_mr_000012_0.png,marathi,question_paper,train,train
np_hi_000389_1.png,hindi,newspaper,train,train
ar_en_000582.png,english,acts_rules,train,train
np_hi_000402_1.png,hindi,newspaper,train,train
np_mr_000242_1.png,marathi,newspaper,val,train
nt_hi_000258_0.png,hindi,notice,train,train
ar_en_001094.png,english,acts_rules,train,train
nt_en_000376_1.png,english,notice,train,train
fm_en_000567_0.png,english,forms,train,train
fm_en_000065_0.png,english,forms,train,train
qp_hi_000391_0.png,hindi,question_paper,train,train
nt_hi_000425_1.png,hindi,notice,val,train
ar_en_001241.png,english,acts_rules,train,train
np_hi_000281_1.png,hindi,newspaper,train,train
ar_mr_000404_0.png,marathi,acts_rules,train,train
fm_en_000370_0.png,english,forms,test,train
ar_en_000588.png,english,acts_rules,train,train
fm_hi_000124_0.png,hindi,forms,train,train
np_en_000306_1.png,english,newspaper,train,train
np_en_000265_1.png,english,newspaper,train,train
nt_mr_000633.png,marathi,notice,val,train
ar_en_001500.png,english,acts_rules,train,train
nt_mr_000700.png,marathi,notice,train,train
ar_en_001378.png,english,acts_rules,train,train
ar_en_001307.png,english,acts_rules,train,train
qp_mr_000185_0.png,marathi,question_paper,train,train
qp_hi_000455_0.png,hindi,question_paper,train,train
fm_en_000128_0.png,english,forms,test,train
ar_mr_000094_0.png,marathi,acts_rules,train,train
qp_hi_000703_0.png,hindi,question_paper,train,train
nt_mr_000096.png,marathi,notice,train,train
fm_hi_000023_0.png,hindi,forms,train,train
nt_en_000294_1.png,english,notice,train,train
ar_en_000679.png,english,acts_rules,test,train
fm_en_000311_0.png,english,forms,train,train
np_en_000405_1.png,english,newspaper,train,train
ar_en_001087.png,english,acts_rules,train,train
fm_mr_000628_1.png,marathi,forms,train,train
np_en_000500_1.png,english,newspaper,train,train
fm_en_000564_0.png,english,forms,train,train
ar_mr_000605_1.png,marathi,acts_rules,train,train
ar_en_001452.png,english,acts_rules,train,train
ar_mr_000455_0.png,marathi,acts_rules,train,train
ar_en_000597.png,english,acts_rules,train,train
nt_hi_000437_1.png,hindi,notice,train,train
ar_mr_001043_1.png,marathi,acts_rules,train,train
ar_en_000628.png,english,acts_rules,train,train
fm_en_000432_0.png,english,forms,train,train
np_en_000381_1.png,english,newspaper,train,train
ar_hi_000618_1.png,hindi,acts_rules,test,train
np_mr_000024_1.png,marathi,newspaper,train,train
np_hi_000489_1.png,hindi,newspaper,test,train
qp_mr_000643_1.png,marathi,question_paper,train,train
ar_mr_000140_0.png,marathi,acts_rules,train,train
qp_mr_000240_1.png,marathi,question_paper,train,train
np_en_000455_1.png,english,newspaper,train,train
ar_en_000100.png,english,acts_rules,train,train
nt_mr_000328.png,marathi,notice,train,train
nt_mr_000449.png,marathi,notice,train,train
ar_hi_000606_1.png,hindi,acts_rules,test,train
np_en_000367_1.png,english,newspaper,train,train
nt_mr_000681.png,marathi,notice,train,train
fm_mr_000190_0.png,marathi,forms,train,train
fm_hi_000600_1.png,hindi,forms,val,train
ar_mr_000999_1.png,marathi,acts_rules,train,train
np_en_000319_1.png,english,newspaper,train,train
ar_hi_000442_1.png,hindi,acts_rules,train,train
qp_hi_000017_0.png,hindi,question_paper,train,train
ar_mr_000197_0.png,marathi,acts_rules,train,train
qp_hi_000876_0.png,hindi,question_paper,test,train
nt_mr_000304.png,marathi,notice,test,train
nt_mr_000017.png,marathi,notice,train,train
nt_mr_000365.png,marathi,notice,val,train
nt_hi_000583_1.png,hindi,notice,train,train
nt_hi_000302_1.png,hindi,notice,train,train
fm_mr_000391_0.png,marathi,forms,train,train
fm_mr_000273_0.png,marathi,forms,test,train
ar_hi_000658_1.png,hindi,acts_rules,train,train
fm_hi_000336_1.png,hindi,forms,train,train
fm_mr_000584_1.png,marathi,forms,train,train
nt_en_000223_1.png,english,notice,train,train
np_hi_000160_1.png,hindi,newspaper,train,train
ar_en_000828.png,english,acts_rules,train,train
ar_hi_000341_0.png,hindi,acts_rules,train,train
ar_hi_000237_0.png,hindi,acts_rules,train,train
nt_hi_000109_0.png,hindi,notice,train,train
qp_mr_000119_0.png,marathi,question_paper,train,train
ar_hi_000115_0.png,hindi,acts_rules,train,train
fm_mr_000641_1.png,marathi,forms,train,train
nt_en_000490_1.png,english,notice,val,train
fm_mr_000115_0.png,marathi,forms,val,train
qp_hi_000032_0.png,hindi,question_paper,train,train
nt_hi_000126_0.png,hindi,notice,train,train
qp_mr_000433_1.png,marathi,question_paper,train,train
nt_mr_000009.png,marathi,notice,train,train
fm_hi_000690_1.png,hindi,forms,train,train
nt_en_000479_1.png,english,notice,train,train
ar_mr_000771_1.png,marathi,acts_rules,train,train
qp_hi_000176_0.png,hindi,question_paper,train,train
nt_mr_000589.png,marathi,notice,train,train
np_mr_000394_1.png,marathi,newspaper,train,train
fm_mr_000547_1.png,marathi,forms,train,train
ar_mr_000362_0.png,marathi,acts_rules,train,train
ar_en_000784.png,english,acts_rules,train,train
ar_en_000312.png,english,acts_rules,train,train
ar_en_000333.png,english,acts_rules,train,train
ar_en_000307.png,english,acts_rules,val,train
qp_mr_000312_1.png,marathi,question_paper,train,train
ar_en_001030.png,english,acts_rules,train,train
fm_en_000138_0.png,english,forms,train,train
ar_en_001428.png,english,acts_rules,train,train
np_mr_000035_1.png,marathi,newspaper,train,train
ar_hi_000475_1.png,hindi,acts_rules,train,train
ar_en_001496.png,english,acts_rules,train,train
ar_hi_000503_1.png,hindi,acts_rules,train,train
ar_en_000632.png,english,acts_rules,train,train
np_mr_000194_1.png,marathi,newspaper,val,train
ar_hi_000037_0.png,hindi,acts_rules,val,train
ar_mr_000083_0.png,marathi,acts_rules,train,train
fm_mr_000385_0.png,marathi,forms,train,train
fm_hi_000363_1.png,hindi,forms,train,train
ar_en_000989.png,english,acts_rules,test,train
fm_hi_000629_1.png,hindi,forms,train,train
qp_hi_000291_0.png,hindi,question_paper,val,train
qp_hi_000570_0.png,hindi,question_paper,val,train
fm_mr_000371_0.png,marathi,forms,train,train
fm_hi_000625_1.png,hindi,forms,train,train
fm_en_000174_0.png,english,forms,train,train
qp_hi_000339_0.png,hindi,question_paper,train,train
ar_hi_000021_0.png,hindi,acts_rules,train,train
ar_mr_000512_0.png,marathi,acts_rules,train,train
fm_mr_000646_1.png,marathi,forms,train,train
fm_mr_000005_0.png,marathi,forms,train,train
ar_en_001076.png,english,acts_rules,val,train
np_mr_000291_1.png,marathi,newspaper,train,train
ar_mr_000282_0.png,marathi,acts_rules,train,train
nt_mr_000587.png,marathi,notice,test,train
fm_hi_000358_1.png,hindi,forms,train,train
np_hi_000295_1.png,hindi,newspaper,train,train
np_en_000147_0.png,english,newspaper,train,train
np_en_000158_0.png,english,newspaper,train,train
fm_mr_000471_1.png,marathi,forms,train,train
ar_en_000788.png,english,acts_rules,train,train
nt_hi_000032_0.png,hindi,notice,test,train
ar_mr_000463_0.png,marathi,acts_rules,train,train
ar_mr_000851_1.png,marathi,acts_rules,test,train
np_en_000389_1.png,english,newspaper,train,train
ar_hi_000561_1.png,hindi,acts_rules,train,train
qp_mr_000501_1.png,marathi,question_paper,train,train
np_hi_000335_1.png,hindi,newspaper,train,train
qp_mr_000330_1.png,marathi,question_paper,train,train
nt_mr_000174.png,marathi,notice,train,train
fm_hi_000088_0.png,hindi,forms,train,train
nt_hi_000319_1.png,hindi,notice,val,train
ar_en_001254.png,english,acts_rules,train,train
nt_mr_000277.png,marathi,notice,train,train
nt_mr_000674.png,marathi,notice,train,train
ar_en_000063.png,english,acts_rules,train,train
qp_hi_000804_0.png,hindi,question_paper,val,train
np_en_000193_0.png,english,newspaper,train,train
qp_mr_000051_0.png,marathi,question_paper,train,train
np_en_000208_1.png,english,newspaper,train,train
nt_en_000477_1.png,english,notice,val,train
nt_mr_000472.png,marathi,notice,train,train
ar_en_001257.png,english,acts_rules,train,train
ar_hi_000614_1.png,hindi,acts_rules,train,train
nt_en_000261_1.png,english,notice,train,train
ar_mr_000162_0.png,marathi,acts_rules,train,train
fm_hi_000667_1.png,hindi,forms,train,train
qp_hi_000490_0.png,hindi,question_paper,train,train
ar_en_000666.png,english,acts_rules,train,train
fm_mr_000133_0.png,marathi,forms,train,train
qp_hi_000729_0.png,hindi,question_paper,val,train
qp_hi_000464_0.png,hindi,question_paper,train,train
nt_mr_000497.png,marathi,notice,test,train
fm_mr_000319_0.png,marathi,forms,train,train
nt_mr_000419.png,marathi,notice,train,train
ar_en_001019.png,english,acts_rules,val,train
fm_en_000409_0.png,english,forms,train,train
ar_hi_000695_1.png,hindi,acts_rules,train,train
np_hi_000184_1.png,hindi,newspaper,train,train
ar_hi_000571_1.png,hindi,acts_rules,train,train
nt_mr_000738.png,marathi,notice,train,train
qp_mr_000396_1.png,marathi,question_paper,train,train
qp_mr_000615_1.png,marathi,question_paper,train,train
fm_en_000232_0.png,english,forms,train,train
qp_hi_000151_0.png,hindi,question_paper,train,train
nt_mr_000755.png,marathi,notice,train,train
ar_en_001258.png,english,acts_rules,train,train
qp_hi_000643_0.png,hindi,question_paper,train,train
fm_en_000414_0.png,english,forms,train,train
ar_en_000728.png,english,acts_rules,train,train
nt_en_000503_1.png,english,notice,train,train
np_en_000186_0.png,english,newspaper,val,train
ar_en_001211.png,english,acts_rules,train,train
qp_mr_000037_0.png,marathi,question_paper,train,train
ar_en_000671.png,english,acts_rules,train,train
np_hi_000047_1.png,hindi,newspaper,train,train
ar_en_000852.png,english,acts_rules,train,train
ar_mr_000247_0.png,marathi,acts_rules,train,train
np_mr_000401_1.png,marathi,newspaper,train,train
qp_hi_000230_0.png,hindi,question_paper,train,train
fm_hi_000557_1.png,hindi,forms,train,train
qp_mr_000222_1.png,marathi,question_paper,train,train
qp_hi_000693_0.png,hindi,question_paper,train,train
qp_mr_000709_1.png,marathi,question_paper,train,train
ar_en_000545.png,english,acts_rules,train,train
ar_en_000210.png,english,acts_rules,train,train
fm_mr_000226_0.png,marathi,forms,train,train
fm_hi_000405_1.png,hindi,forms,train,train
nt_mr_000275.png,marathi,notice,train,train
ar_mr_000623_1.png,marathi,acts_rules,train,train
ar_mr_000602_1.png,marathi,acts_rules,train,train
nt_mr_000643.png,marathi,notice,test,train
qp_mr_000692_1.png,marathi,question_paper,train,train
nt_en_000431_1.png,english,notice,train,train
ar_en_001064.png,english,acts_rules,train,train
fm_en_000463_0.png,english,forms,train,train
ar_en_000841.png,english,acts_rules,train,train
np_mr_000037_1.png,marathi,newspaper,train,train
ar_en_000868.png,english,acts_rules,test,train
ar_en_000749.png,english,acts_rules,train,train
fm_en_000030_0.png,english,forms,val,train
qp_hi_000663_0.png,hindi,question_paper,train,train
nt_hi_000112_0.png,hindi,notice,test,train
ar_en_000546.png,english,acts_rules,train,train
qp_hi_000229_0.png,hindi,question_paper,test,train
fm_hi_000443_1.png,hindi,forms,test,train
ar_en_000943.png,english,acts_rules,train,train
qp_hi_000652_0.png,hindi,question_paper,train,train
ar_en_001279.png,english,acts_rules,test,train
nt_hi_000561_1.png,hindi,notice,train,train
nt_hi_000331_1.png,hindi,notice,train,train
fm_en_000521_0.png,english,forms,val,train
np_en_000533_1.png,english,newspaper,train,train
ar_hi_000657_1.png,hindi,acts_rules,train,train
nt_mr_000555.png,marathi,notice,train,train
ar_en_000218.png,english,acts_rules,train,train
nt_mr_000190.png,marathi,notice,train,train
qp_mr_000049_0.png,marathi,question_paper,train,train
ar_en_001259.png,english,acts_rules,train,train
nt_hi_000210_0.png,hindi,notice,train,train
fm_hi_000146_0.png,hindi,forms,train,train
qp_hi_000518_0.png,hindi,question_paper,train,train
nt_en_000398_1.png,english,notice,test,train
fm_mr_000250_0.png,marathi,forms,train,train
ar_mr_000488_0.png,marathi,acts_rules,train,train
ar_en_000250.png,english,acts_rules,train,train
qp_hi_000269_0.png,hindi,question_paper,train,train
ar_en_000475.png,english,acts_rules,train,train
ar_mr_000394_0.png,marathi,acts_rules,train,train
qp_hi_000097_0.png,hindi,question_paper,train,train
nt_en_000213_1.png,english,notice,test,train
nt_en_000089_1.png,english,notice,train,train
fm_en_000241_0.png,english,forms,train,train
nt_hi_000394_1.png,hindi,notice,val,train
fm_hi_000737_1.png,hindi,forms,train,train
nt_hi_000505_1.png,hindi,notice,train,train
nt_mr_000078.png,marathi,notice,train,train
ar_hi_000356_0.png,hindi,acts_rules,train,train
fm_hi_000692_1.png,hindi,forms,train,train
ar_en_000801.png,english,acts_rules,train,train
fm_hi_000633_1.png,hindi,forms,train,train
fm_hi_000684_1.png,hindi,forms,train,train
fm_hi_000764_1.png,hindi,forms,train,train
qp_hi_000752_0.png,hindi,question_paper,train,train
ar_mr_000566_0.png,marathi,acts_rules,train,train
fm_mr_000325_0.png,marathi,forms,train,train
ar_en_000504.png,english,acts_rules,train,train
ar_en_000067.png,english,acts_rules,val,train
nt_mr_000498.png,marathi,notice,train,train
fm_hi_000504_1.png,hindi,forms,train,train
ar_en_000425.png,english,acts_rules,train,train
ar_hi_000585_1.png,hindi,acts_rules,test,train
fm_en_000126_0.png,english,forms,test,train
nt_hi_000154_0.png,hindi,notice,train,train
nt_hi_000592_1.png,hindi,notice,train,train
ar_mr_000319_0.png,marathi,acts_rules,train,train
fm_hi_000051_0.png,hindi,forms,train,train
ar_en_000442.png,english,acts_rules,train,train
fm_hi_000226_0.png,hindi,forms,train,train
np_mr_000477_1.png,marathi,newspaper,train,train
nt_en_000023_1.png,english,notice,train,train
qp_mr_000106_0.png,marathi,question_paper,test,train
qp_mr_000440_1.png,marathi,question_paper,test,train
ar_en_000639.png,english,acts_rules,train,train
np_hi_000498_1.png,hindi,newspaper,train,train
ar_hi_000509_1.png,hindi,acts_rules,test,train
qp_mr_000129_0.png,marathi,question_paper,train,train
fm_hi_000099_0.png,hindi,forms,test,train
fm_en_000142_0.png,english,forms,train,train
nt_hi_000225_0.png,hindi,notice,train,train
ar_mr_000473_0.png,marathi,acts_rules,train,train
np_hi_000330_1.png,hindi,newspaper,train,train
nt_mr_000005.png,marathi,notice,test,train
ar_mr_000499_0.png,marathi,acts_rules,train,train
np_hi_000292_1.png,hindi,newspaper,train,train
qp_hi_000164_0.png,hindi,question_paper,train,train
fm_mr_000603_1.png,marathi,forms,train,train
qp_hi_000358_0.png,hindi,question_paper,train,train
ar_en_001132.png,english,acts_rules,train,train
fm_en_000461_0.png,english,forms,train,train
fm_en_000325_0.png,english,forms,test,train
nt_en_000377_1.png,english,notice,train,train
np_hi_000102_1.png,hindi,newspaper,test,train
fm_mr_000311_0.png,marathi,forms,train,train
ar_en_001335.png,english,acts_rules,train,train
ar_en_001343.png,english,acts_rules,train,train
qp_mr_000700_1.png,marathi,question_paper,train,train
ar_mr_000333_0.png,marathi,acts_rules,train,train
fm_mr_000059_0.png,marathi,forms,train,train
np_en_000445_1.png,english,newspaper,test,train
nt_en_000231_1.png,english,notice,test,train
ar_hi_000403_1.png,hindi,acts_rules,train,train
qp_hi_000554_0.png,hindi,question_paper,train,train
ar_en_001207.png,english,acts_rules,train,train
qp_mr_000239_1.png,marathi,question_paper,train,train
ar_en_000889.png,english,acts_rules,train,train
nt_mr_000290.png,marathi,notice,train,train
fm_hi_000519_1.png,hindi,forms,train,train
ar_en_001081.png,english,acts_rules,val,train
qp_hi_000243_0.png,hindi,question_paper,train,train
ar_en_000064.png,english,acts_rules,train,train
ar_hi_000163_0.png,hindi,acts_rules,train,train
nt_hi_000365_1.png,hindi,notice,train,train
ar_en_001059.png,english,acts_rules,train,train
ar_hi_000361_1.png,hindi,acts_rules,train,train
ar_hi_000032_0.png,hindi,acts_rules,val,train
ar_mr_000603_1.png,marathi,acts_rules,train,train
nt_mr_000454.png,marathi,notice,test,train
ar_mr_000331_0.png,marathi,acts_rules,train,train
nt_hi_000431_1.png,hindi,notice,train,train
ar_mr_000203_0.png,marathi,acts_rules,train,train
np_mr_000393_1.png,marathi,newspaper,train,train
nt_en_000364_1.png,english,notice,train,train
fm_hi_000537_1.png,hindi,forms,train,train
fm_hi_000213_0.png,hindi,forms,train,train
ar_en_000799.png,english,acts_rules,train,train
ar_mr_000111_0.png,marathi,acts_rules,train,train
ar_mr_000096_0.png,marathi,acts_rules,train,train
np_en_000021_0.png,english,newspaper,test,train
ar_mr_000138_0.png,marathi,acts_rules,train,train
ar_mr_000757_1.png,marathi,acts_rules,train,train
np_mr_000071_1.png,marathi,newspaper,train,train
fm_en_000512_0.png,english,forms,train,train
fm_en_000122_0.png,english,forms,train,train
fm_en_000082_0.png,english,forms,train,train
np_hi_000563_1.png,hindi,newspaper,train,train
nt_mr_000135.png,marathi,notice,train,train
np_en_000487_1.png,english,newspaper,train,train
fm_mr_000176_0.png,marathi,forms,train,train
ar_mr_000123_0.png,marathi,acts_rules,train,train
fm_hi_000601_1.png,hindi,forms,train,train
np_mr_000211_1.png,marathi,newspaper,train,train
ar_en_000946.png,english,acts_rules,train,train
qp_hi_000015_0.png,hindi,question_paper,train,train
nt_hi_000387_1.png,hindi,notice,train,train
nt_en_000033_1.png,english,notice,train,train
fm_en_000385_0.png,english,forms,val,train
fm_mr_000094_0.png,marathi,forms,train,train
nt_hi_000320_1.png,hindi,notice,train,train
np_en_000552_1.png,english,newspaper,train,train
qp_mr_000193_0.png,marathi,question_paper,train,train
ar_hi_000693_1.png,hindi,acts_rules,test,train
fm_en_000154_0.png,english,forms,train,train
fm_mr_000416_0.png,marathi,forms,val,train
np_en_000044_0.png,english,newspaper,test,train
fm_hi_000703_1.png,hindi,forms,val,train
np_en_000207_1.png,english,newspaper,train,train
ar_en_000423.png,english,acts_rules,train,train
ar_hi_000054_0.png,hindi,acts_rules,train,train
nt_mr_000018.png,marathi,notice,test,train
ar_mr_000964_1.png,marathi,acts_rules,train,train
nt_hi_000317_1.png,hindi,notice,train,train
nt_hi_000042_0.png,hindi,notice,train,train
np_hi_000541_1.png,hindi,newspaper,train,train
fm_hi_000136_0.png,hindi,forms,train,train
qp_hi_000767_0.png,hindi,question_paper,train,train
ar_hi_000192_0.png,hindi,acts_rules,test,train
ar_mr_000160_0.png,marathi,acts_rules,train,train
np_mr_000181_1.png,marathi,newspaper,train,train
ar_mr_000372_0.png,marathi,acts_rules,train,train
ar_mr_000957_1.png,marathi,acts_rules,val,train
np_mr_000372_1.png,marathi,newspaper,train,train
ar_en_001085.png,english,acts_rules,val,train
ar_mr_000387_0.png,marathi,acts_rules,train,train
fm_mr_000328_0.png,marathi,forms,val,train
fm_hi_000660_1.png,hindi,forms,train,train
nt_mr_000669.png,marathi,notice,train,train
np_mr_000166_1.png,marathi,newspaper,train,train
nt_en_000063_1.png,english,notice,train,train
ar_hi_000057_0.png,hindi,acts_rules,train,train
fm_en_000163_0.png,english,forms,train,train
nt_en_000422_1.png,english,notice,val,train
fm_mr_000443_0.png,marathi,forms,val,train
ar_mr_000881_1.png,marathi,acts_rules,train,train
ar_mr_000698_1.png,marathi,acts_rules,train,train
ar_en_001253.png,english,acts_rules,train,train
ar_mr_000938_1.png,marathi,acts_rules,train,train
qp_hi_000377_0.png,hindi,question_paper,train,train
fm_mr_000242_0.png,marathi,forms,test,train
fm_mr_000277_0.png,marathi,forms,test,train
ar_en_000609.png,english,acts_rules,train,train
ar_hi_000488_1.png,hindi,acts_rules,train,train
nt_hi_000093_0.png,hindi,notice,test,train
fm_mr_000377_0.png,marathi,forms,train,train
ar_en_000909.png,english,acts_rules,test,train
ar_en_001069.png,english,acts_rules,train,train
fm_en_000215_0.png,english,forms,train,train
qp_mr_000274_1.png,marathi,question_paper,train,train
nt_hi_000120_0.png,hindi,notice,train,train
np_mr_000270_1.png,marathi,newspaper,train,train
np_mr_000124_1.png,marathi,newspaper,train,train
nt_mr_000054.png,marathi,notice,train,train
nt_mr_000207.png,marathi,notice,train,train
np_hi_000521_1.png,hindi,newspaper,train,train
nt_hi_000452_1.png,hindi,notice,train,train
ar_en_000405.png,english,acts_rules,train,train
np_en_000344_1.png,english,newspaper,train,train
nt_mr_000619.png,marathi,notice,train,train
fm_hi_000438_1.png,hindi,forms,test,train
np_hi_000122_1.png,hindi,newspaper,train,train
qp_hi_000337_0.png,hindi,question_paper,train,train
ar_en_000287.png,english,acts_rules,val,train
ar_mr_000295_0.png,marathi,acts_rules,train,train
qp_hi_000349_0.png,hindi,question_paper,train,train
nt_en_000341_1.png,english,notice,train,train
fm_hi_000436_1.png,hindi,forms,train,train
ar_en_000544.png,english,acts_rules,train,train
ar_hi_000119_0.png,hindi,acts_rules,train,train
nt_mr_000159.png,marathi,notice,train,train
ar_mr_000266_0.png,marathi,acts_rules,train,train
ar_mr_001028_1.png,marathi,acts_rules,test,train
nt_en_000449_1.png,english,notice,train,train
fm_hi_000135_0.png,hindi,forms,train,train
np_en_000353_1.png,english,newspaper,train,train
fm_hi_000385_1.png,hindi,forms,train,train
ar_en_000381.png,english,acts_rules,train,train
nt_hi_000281_0.png,hindi,notice,train,train
fm_hi_000269_1.png,hindi,forms,train,train
nt_en_000029_1.png,english,notice,test,train
np_hi_000333_1.png,hindi,newspaper,train,train
nt_mr_000657.png,marathi,notice,train,train
ar_hi_000473_1.png,hindi,acts_rules,test,train
nt_mr_000035.png,marathi,notice,train,train
ar_en_000696.png,english,acts_rules,train,train
fm_hi_000424_1.png,hindi,forms,train,train
qp_hi_000105_0.png,hindi,question_paper,train,train
fm_en_000073_0.png,english,forms,train,train
ar_hi_000624_1.png,hindi,acts_rules,val,train
fm_hi_000574_1.png,hindi,forms,train,train
np_hi_000050_1.png,hindi,newspaper,test,train
ar_en_000933.png,english,acts_rules,train,train
ar_en_000340.png,english,acts_rules,train,train
nt_mr_000179.png,marathi,notice,val,train
ar_mr_000447_0.png,marathi,acts_rules,train,train
np_hi_000125_1.png,hindi,newspaper,train,train
ar_mr_000350_0.png,marathi,acts_rules,train,train
nt_en_000054_1.png,english,notice,train,train
qp_mr_000372_1.png,marathi,question_paper,train,train
fm_hi_000591_1.png,hindi,forms,val,train
qp_mr_000667_1.png,marathi,question_paper,train,train
nt_en_000458_1.png,english,notice,train,train
nt_en_000003_1.png,english,notice,train,train
fm_en_000282_0.png,english,forms,test,train
ar_mr_000762_1.png,marathi,acts_rules,train,train
fm_hi_000652_1.png,hindi,forms,train,train
fm_hi_000379_1.png,hindi,forms,train,train
fm_en_000383_0.png,english,forms,train,train
np_hi_000069_1.png,hindi,newspaper,test,train
ar_en_001336.png,english,acts_rules,train,train
ar_mr_000306_0.png,marathi,acts_rules,val,train
qp_hi_000182_0.png,hindi,question_paper,train,train
qp_mr_000454_1.png,marathi,question_paper,train,train
nt_en_000318_1.png,english,notice,train,train
np_hi_000282_1.png,hindi,newspaper,train,train
fm_hi_000704_1.png,hindi,forms,train,train
ar_en_000271.png,english,acts_rules,train,train
np_hi_000526_1.png,hindi,newspaper,train,train
nt_hi_000267_0.png,hindi,notice,train,train
np_mr_000428_1.png,marathi,newspaper,val,train
qp_hi_000025_0.png,hindi,question_paper,train,train
fm_mr_000294_0.png,marathi,forms,train,train
nt_en_000065_1.png,english,notice,train,train
fm_hi_000243_0.png,hindi,forms,train,train
ar_en_000043.png,english,acts_rules,val,train
ar_en_000481.png,english,acts_rules,train,train
np_hi_000165_1.png,hindi,newspaper,train,train
qp_hi_000650_0.png,hindi,question_paper,train,train
nt_mr_000094.png,marathi,notice,train,train
ar_en_000001.png,english,acts_rules,train,train
fm_en_000467_0.png,english,forms,train,train
qp_mr_000539_1.png,marathi,question_paper,train,train
ar_en_000471.png,english,acts_rules,train,train
ar_mr_000772_1.png,marathi,acts_rules,val,train
fm_mr_000032_0.png,marathi,forms,val,train
fm_hi_000765_1.png,hindi,forms,train,train
nt_en_000017_1.png,english,notice,train,train
ar_hi_000078_0.png,hindi,acts_rules,train,train
nt_hi_000517_1.png,hindi,notice,train,train
fm_mr_000490_1.png,marathi,forms,test,train
fm_en_000044_0.png,english,forms,train,train
ar_en_000286.png,english,acts_rules,test,train
ar_hi_000546_1.png,hindi,acts_rules,train,train
fm_mr_000518_1.png,marathi,forms,train,train
qp_hi_000109_0.png,hindi,question_paper,train,train
ar_en_000409.png,english,acts_rules,val,train
fm_en_000187_0.png,english,forms,train,train
ar_hi_000149_0.png,hindi,acts_rules,train,train
fm_hi_000607_1.png,hindi,forms,test,train
ar_en_000792.png,english,acts_rules,train,train
ar_en_000089.png,english,acts_rules,train,train
ar_mr_000156_0.png,marathi,acts_rules,val,train
nt_mr_000369.png,marathi,notice,train,train
ar_en_000502.png,english,acts_rules,test,train
ar_mr_000522_0.png,marathi,acts_rules,train,train
nt_en_000259_1.png,english,notice,train,train
np_mr_000090_1.png,marathi,newspaper,train,train
nt_hi_000202_0.png,hindi,notice,train,train
nt_mr_000484.png,marathi,notice,test,train
ar_mr_000370_0.png,marathi,acts_rules,val,train
nt_hi_000197_0.png,hindi,notice,val,train
ar_hi_000643_1.png,hindi,acts_rules,train,train
ar_en_000838.png,english,acts_rules,train,train
fm_hi_000378_1.png,hindi,forms,train,train
np_mr_000149_1.png,marathi,newspaper,train,train
ar_mr_000067_0.png,marathi,acts_rules,train,train
ar_en_000832.png,english,acts_rules,train,train
ar_mr_000261_0.png,marathi,acts_rules,test,train
fm_en_000527_0.png,english,forms,train,train
qp_mr_000089_0.png,marathi,question_paper,train,train
ar_mr_000915_1.png,marathi,acts_rules,train,train
qp_mr_000083_0.png,marathi,question_paper,train,train
nt_mr_000656.png,marathi,notice,val,train
nt_en_000217_1.png,english,notice,train,train
nt_mr_000618.png,marathi,notice,train,train
ar_en_001153.png,english,acts_rules,train,train
fm_mr_000270_0.png,marathi,forms,train,train
ar_mr_000407_0.png,marathi,acts_rules,train,train
nt_mr_000206.png,marathi,notice,train,train
ar_hi_000550_1.png,hindi,acts_rules,train,train
qp_mr_000188_0.png,marathi,question_paper,train,train
ar_en_000676.png,english,acts_rules,train,train
np_hi_000235_1.png,hindi,newspaper,train,train
fm_hi_000027_0.png,hindi,forms,train,train
fm_hi_000724_1.png,hindi,forms,train,train
nt_hi_000307_1.png,hindi,notice,val,train
fm_hi_000437_1.png,hindi,forms,train,train
fm_en_000420_0.png,english,forms,train,train
nt_hi_000068_0.png,hindi,notice,test,train
fm_en_000043_0.png,english,forms,train,train
qp_hi_000681_0.png,hindi,question_paper,train,train
ar_mr_000680_1.png,marathi,acts_rules,train,train
nt_mr_000318.png,marathi,notice,train,train
ar_mr_000318_0.png,marathi,acts_rules,train,train
ar_en_000537.png,english,acts_rules,train,train
nt_hi_000554_1.png,hindi,notice,train,train
fm_hi_000555_1.png,hindi,forms,train,train
qp_hi_000381_0.png,hindi,question_paper,train,train
ar_mr_000324_0.png,marathi,acts_rules,train,train
fm_en_000231_0.png,english,forms,val,train
fm_hi_000189_0.png,hindi,forms,train,train
np_hi_000219_1.png,hindi,newspaper,train,train
np_hi_000329_1.png,hindi,newspaper,train,train
fm_mr_000468_1.png,marathi,forms,train,train
fm_mr_000095_0.png,marathi,forms,train,train
ar_mr_000776_1.png,marathi,acts_rules,train,train
ar_hi_000608_1.png,hindi,acts_rules,train,train
fm_hi_000522_1.png,hindi,forms,test,train
fm_hi_000700_1.png,hindi,forms,train,train
ar_hi_000065_0.png,hindi,acts_rules,train,train
fm_hi_000773_1.png,hindi,forms,train,train
ar_mr_000907_1.png,marathi,acts_rules,train,train
qp_hi_000425_0.png,hindi,question_paper,train,train
fm_en_000373_0.png,english,forms,train,train
nt_en_000247_1.png,english,notice,test,train
nt_hi_000573_1.png,hindi,notice,train,train
ar_mr_000098_0.png,marathi,acts_rules,train,train
fm_mr_000543_1.png,marathi,forms,test,train
qp_hi_000055_0.png,hindi,question_paper,train,train
fm_mr_000107_0.png,marathi,forms,val,train
fm_mr_000207_0.png,marathi,forms,train,train
nt_mr_000379.png,marathi,notice,train,train
ar_mr_000131_0.png,marathi,acts_rules,train,train
fm_mr_000016_0.png,marathi,forms,test,train
qp_mr_000349_1.png,marathi,question_paper,train,train
np_hi_000427_1.png,hindi,newspaper,test,train
nt_en_000071_1.png,english,notice,train,train
fm_en_000485_0.png,english,forms,train,train
ar_mr_000220_0.png,marathi,acts_rules,train,train
qp_hi_000624_0.png,hindi,question_paper,test,train
np_hi_000107_1.png,hindi,newspaper,train,train
qp_mr_000412_1.png,marathi,question_paper,train,train
np_hi_000229_1.png,hindi,newspaper,val,train
ar_en_001366.png,english,acts_rules,train,train
ar_mr_001018_1.png,marathi,acts_rules,train,train
nt_mr_000095.png,marathi,notice,train,train
fm_mr_000348_0.png,marathi,forms,train,train
np_hi_000487_1.png,hindi,newspaper,train,train
np_en_000168_0.png,english,newspaper,train,train
ar_en_001215.png,english,acts_rules,val,train
nt_en_000237_1.png,english,notice,val,train
np_en_000142_0.png,english,newspaper,train,train
ar_en_000854.png,english,acts_rules,test,train
ar_mr_000893_1.png,marathi,acts_rules,train,train
qp_mr_000325_1.png,marathi,question_paper,test,train
fm_mr_000049_0.png,marathi,forms,train,val
np_mr_000104_1.png,marathi,newspaper,train,val
qp_mr_000662_1.png,marathi,question_paper,test,val
ar_en_000508.png,english,acts_rules,train,val
ar_en_000022.png,english,acts_rules,train,val
fm_mr_000426_0.png,marathi,forms,train,val
qp_mr_000066_0.png,marathi,question_paper,train,val
ar_en_001169.png,english,acts_rules,train,val
nt_en_000381_1.png,english,notice,train,val
qp_mr_000640_1.png,marathi,question_paper,train,val
nt_mr_000518.png,marathi,notice,train,val
fm_en_000290_0.png,english,forms,val,val
ar_en_001301.png,english,acts_rules,train,val
nt_hi_000305_1.png,hindi,notice,train,val
qp_hi_000439_0.png,hindi,question_paper,train,val
ar_en_000385.png,english,acts_rules,train,val
ar_hi_000118_0.png,hindi,acts_rules,train,val
fm_hi_000247_0.png,hindi,forms,train,val
qp_mr_000020_0.png,marathi,question_paper,train,val
np_hi_000304_1.png,hindi,newspaper,train,val
ar_en_000876.png,english,acts_rules,test,val
ar_en_000231.png,english,acts_rules,train,val
ar_en_000014.png,english,acts_rules,train,val
fm_en_000550_0.png,english,forms,train,val
fm_mr_000064_0.png,marathi,forms,train,val
nt_en_000020_1.png,english,notice,train,val
ar_mr_000044_0.png,marathi,acts_rules,train,val
fm_mr_000560_1.png,marathi,forms,test,val
ar_en_001476.png,english,acts_rules,train,val
ar_en_001466.png,english,acts_rules,val,val
nt_hi_000198_0.png,hindi,notice,test,val
ar_mr_000314_0.png,marathi,acts_rules,val,val
np_mr_000332_1.png,marathi,newspaper,train,val
qp_hi_000538_0.png,hindi,question_paper,train,val
np_mr_000388_1.png,marathi,newspaper,train,val
fm_en_000124_0.png,english,forms,train,val
nt_mr_000204.png,marathi,notice,train,val
nt_hi_000382_1.png,hindi,notice,train,val
nt_mr_000371.png,marathi,notice,train,val
np_en_000133_0.png,english,newspaper,train,val
nt_en_000119_1.png,english,notice,train,val
ar_en_001032.png,english,acts_rules,train,val
ar_hi_000334_0.png,hindi,acts_rules,val,val
qp_mr_000314_1.png,marathi,question_paper,train,val
ar_hi_000542_1.png,hindi,acts_rules,train,val
np_en_000383_1.png,english,newspaper,test,val
np_mr_000303_1.png,marathi,newspaper,test,val
fm_hi_000628_1.png,hindi,forms,train,val
ar_mr_000590_1.png,marathi,acts_rules,train,val
qp_mr_000599_1.png,marathi,question_paper,test,val
qp_hi_000139_0.png,hindi,question_paper,train,val
fm_mr_000179_0.png,marathi,forms,train,val
np_en_000020_0.png,english,newspaper,train,val
ar_en_000781.png,english,acts_rules,train,val
fm_mr_000412_0.png,marathi,forms,train,val
qp_hi_000213_0.png,hindi,question_paper,test,val
qp_mr_000143_0.png,marathi,question_paper,train,val
np_mr_000069_1.png,marathi,newspaper,test,val
np_en_000514_1.png,english,newspaper,train,val
ar_mr_000855_1.png,marathi,acts_rules,train,val
qp_hi_000682_0.png,hindi,question_paper,train,val
fm_en_000252_0.png,english,forms,train,val
qp_mr_000443_1.png,marathi,question_paper,train,val
fm_hi_000603_1.png,hindi,forms,val,val
ar_mr_000794_1.png,marathi,acts_rules,train,val
np_hi_000068_1.png,hindi,newspaper,train,val
qp_mr_000659_1.png,marathi,question_paper,test,val
qp_mr_000265_1.png,marathi,question_paper,train,val
nt_hi_000567_1.png,hindi,notice,train,val
ar_en_001024.png,english,acts_rules,val,val
ar_en_000810.png,english,acts_rules,train,val
fm_hi_000583_1.png,hindi,forms,train,val
qp_hi_000633_0.png,hindi,question_paper,test,val
ar_hi_000041_0.png,hindi,acts_rules,train,val
ar_en_001397.png,english,acts_rules,train,val
qp_mr_000335_1.png,marathi,question_paper,val,val
fm_en_000364_0.png,english,forms,train,val
ar_mr_000032_0.png,marathi,acts_rules,train,val
nt_mr_000020.png,marathi,notice,train,val
nt_mr_000289.png,marathi,notice,train,val
np_en_000401_1.png,english,newspaper,train,val
np_mr_000172_1.png,marathi,newspaper,train,val
ar_hi_000559_1.png,hindi,acts_rules,train,val
fm_hi_000323_1.png,hindi,forms,train,val
ar_hi_000105_0.png,hindi,acts_rules,train,val
ar_en_000772.png,english,acts_rules,test,val
nt_en_000060_1.png,english,notice,test,val
np_en_000289_1.png,english,newspaper,train,val
qp_mr_000564_1.png,marathi,question_paper,train,val
nt_en_000161_1.png,english,notice,train,val
fm_hi_000616_1.png,hindi,forms,val,val
qp_mr_000256_1.png,marathi,question_paper,train,val
np_hi_000006_1.png,hindi,newspaper,test,val
nt_mr_000136.png,marathi,notice,val,val
ar_en_000570.png,english,acts_rules,test,val
ar_en_000188.png,english,acts_rules,train,val
ar_en_000797.png,english,acts_rules,train,val
ar_hi_000380_1.png,hindi,acts_rules,test,val
nt_hi_000249_0.png,hindi,notice,train,val
qp_mr_000055_0.png,marathi,question_paper,test,val
qp_mr_000333_1.png,marathi,question_paper,train,val
nt_mr_000116.png,marathi,notice,train,val
nt_hi_000590_1.png,hindi,notice,train,val
np_en_000226_1.png,english,newspaper,train,val
nt_hi_000274_0.png,hindi,notice,train,val
fm_mr_000566_1.png,marathi,forms,train,val
qp_hi_000798_0.png,hindi,question_paper,train,val
nt_en_000162_1.png,english,notice,train,val
nt_en_000132_1.png,english,notice,val,val
fm_hi_000752_1.png,hindi,forms,train,val
ar_mr_000546_0.png,marathi,acts_rules,train,val
qp_mr_000353_1.png,marathi,question_paper,test,val
nt_mr_000531.png,marathi,notice,train,val
ar_en_000785.png,english,acts_rules,train,val
ar_mr_000492_0.png,marathi,acts_rules,train,val
nt_mr_000653.png,marathi,notice,train,val
ar_en_001161.png,english,acts_rules,train,val
qp_hi_000593_0.png,hindi,question_paper,val,val
ar_mr_001048_1.png,marathi,acts_rules,train,val
qp_mr_000607_1.png,marathi,question_paper,train,val
ar_hi_000252_0.png,hindi,acts_rules,train,val
fm_mr_000224_0.png,marathi,forms,test,val
ar_en_000866.png,english,acts_rules,train,val
ar_mr_000459_0.png,marathi,acts_rules,train,val
fm_hi_000783_1.png,hindi,forms,train,val
np_mr_000016_1.png,marathi,newspaper,train,val
qp_hi_000054_0.png,hindi,question_paper,train,val
fm_mr_000182_0.png,marathi,forms,train,val
np_en_000064_0.png,english,newspaper,train,val
ar_en_000731.png,english,acts_rules,train,val
fm_en_000191_0.png,english,forms,train,val
nt_hi_000440_1.png,hindi,notice,test,val
nt_hi_000580_1.png,hindi,notice,val,val
fm_hi_000722_1.png,hindi,forms,train,val
qp_mr_000656_1.png,marathi,question_paper,train,val
np_en_000010_0.png,english,newspaper,train,val
qp_hi_000627_0.png,hindi,question_paper,val,val
np_en_000482_1.png,english,newspaper,train,val
qp_hi_000687_0.png,hindi,question_paper,train,val
ar_mr_000989_1.png,marathi,acts_rules,val,val
fm_hi_000713_1.png,hindi,forms,val,val
ar_hi_000001_0.png,hindi,acts_rules,val,val
fm_hi_000170_0.png,hindi,forms,train,val
np_en_000054_0.png,english,newspaper,train,val
ar_en_000207.png,english,acts_rules,train,val
fm_hi_000193_0.png,hindi,forms,train,val
ar_hi_000113_0.png,hindi,acts_rules,test,val
ar_en_000041.png,english,acts_rules,train,val
fm_mr_000003_0.png,marathi,forms,test,val
fm_en_000114_0.png,english,forms,val,val
nt_mr_000754.png,marathi,notice,train,val
qp_hi_000278_0.png,hindi,question_paper,val,val
fm_hi_000316_1.png,hindi,forms,train,val
qp_hi_000008_0.png,hindi,question_paper,train,val
fm_en_000133_0.png,english,forms,train,val
ar_en_001248.png,english,acts_rules,train,val
qp_hi_000301_0.png,hindi,question_paper,train,val
ar_en_000936.png,english,acts_rules,train,val
ar_en_000748.png,english,acts_rules,train,val
fm_mr_000561_1.png,marathi,forms,train,val
nt_hi_000297_1.png,hindi,notice,train,val
nt_mr_000362.png,marathi,notice,train,val
fm_hi_000154_0.png,hindi,forms,test,val
nt_mr_000103.png,marathi,notice,train,val
nt_en_000555_1.png,english,notice,train,val
nt_hi_000010_0.png,hindi,notice,train,val
fm_hi_000440_1.png,hindi,forms,train,val
qp_mr_000447_1.png,marathi,question_paper,train,val
qp_mr_000225_1.png,marathi,question_paper,train,val
qp_mr_000590_1.png,marathi,question_paper,train,val
fm_mr_000189_0.png,marathi,forms,val,val
ar_mr_000586_1.png,marathi,acts_rules,train,val
fm_en_000007_0.png,english,forms,test,val
np_en_000184_0.png,english,newspaper,train,val
np_en_000402_1.png,english,newspaper,train,val
np_en_000408_1.png,english,newspaper,val,val
nt_mr_000208.png,marathi,notice,train,val
ar_en_000246.png,english,acts_rules,train,val
ar_en_000021.png,english,acts_rules,train,val
nt_en_000101_1.png,english,notice,train,val
np_en_000430_1.png,english,newspaper,train,val
qp_mr_000543_1.png,marathi,question_paper,train,val
ar_hi_000335_0.png,hindi,acts_rules,train,val
fm_en_000465_0.png,english,forms,train,val
ar_mr_000286_0.png,marathi,acts_rules,train,val
ar_mr_000097_0.png,marathi,acts_rules,train,val
nt_hi_000306_1.png,hindi,notice,train,val
fm_en_000544_0.png,english,forms,train,val
ar_mr_000594_1.png,marathi,acts_rules,train,val
ar_mr_000829_1.png,marathi,acts_rules,test,val
ar_en_001028.png,english,acts_rules,train,val
ar_en_000735.png,english,acts_rules,train,val
np_hi_000027_1.png,hindi,newspaper,val,val
fm_hi_000187_0.png,hindi,forms,train,val
np_hi_000084_1.png,hindi,newspaper,train,val
fm_en_000333_0.png,english,forms,train,val
ar_hi_000455_1.png,hindi,acts_rules,train,val
fm_mr_000126_0.png,marathi,forms,val,val
ar_mr_000185_0.png,marathi,acts_rules,train,val
fm_mr_000349_0.png,marathi,forms,train,val
fm_mr_000281_0.png,marathi,forms,train,val
ar_mr_000438_0.png,marathi,acts_rules,train,val
ar_en_000349.png,english,acts_rules,train,val
nt_hi_000372_1.png,hindi,notice,train,val
np_mr_000216_1.png,marathi,newspaper,train,val
nt_en_000515_1.png,english,notice,train,val
fm_mr_000111_0.png,marathi,forms,train,val
np_mr_000161_1.png,marathi,newspaper,test,val
fm_en_000427_0.png,english,forms,train,val
nt_mr_000031.png,marathi,notice,train,val
nt_hi_000165_0.png,hindi,notice,train,val
ar_mr_000179_0.png,marathi,acts_rules,train,val
nt_en_000521_1.png,english,notice,test,val
qp_hi_000572_0.png,hindi,question_paper,train,val
ar_en_001136.png,english,acts_rules,train,val
ar_hi_000662_1.png,hindi,acts_rules,train,val
nt_en_000188_1.png,english,notice,train,val
fm_en_000120_0.png,english,forms,train,val
ar_mr_000061_0.png,marathi,acts_rules,train,val
nt_en_000319_1.png,english,notice,val,val
np_mr_000481_1.png,marathi,newspaper,train,val
ar_en_001444.png,english,acts_rules,train,val
qp_hi_000534_0.png,hindi,question_paper,train,val
fm_hi_000549_1.png,hindi,forms,train,val
fm_mr_000039_0.png,marathi,forms,train,val
ar_mr_000027_0.png,marathi,acts_rules,train,val
np_hi_000216_1.png,hindi,newspaper,test,val
np_mr_000366_1.png,marathi,newspaper,train,val
qp_mr_000464_1.png,marathi,question_paper,train,val
ar_hi_000210_0.png,hindi,acts_rules,train,val
fm_hi_000606_1.png,hindi,forms,train,val
ar_en_000274.png,english,acts_rules,train,val
ar_mr_000171_0.png,marathi,acts_rules,train,val
nt_mr_000503.png,marathi,notice,val,val
nt_hi_000186_0.png,hindi,notice,train,val
nt_hi_000113_0.png,hindi,notice,train,val
qp_hi_000839_0.png,hindi,question_paper,train,val
fm_mr_000021_0.png,marathi,forms,val,val
ar_en_000869.png,english,acts_rules,train,val
qp_mr_000059_0.png,marathi,question_paper,train,val
np_mr_000439_1.png,marathi,newspaper,train,val
fm_en_000354_0.png,english,forms,val,val
qp_hi_000029_0.png,hindi,question_paper,train,val
np_hi_000543_1.png,hindi,newspaper,train,val
ar_mr_000567_0.png,marathi,acts_rules,test,val
ar_hi_000270_0.png,hindi,acts_rules,train,val
nt_en_000154_1.png,english,notice,train,val
ar_en_000257.png,english,acts_rules,train,val
np_en_000009_0.png,english,newspaper,test,val
ar_en_000967.png,english,acts_rules,test,val
nt_hi_000005_0.png,hindi,notice,train,val
fm_mr_000258_0.png,marathi,forms,train,val
nt_hi_000603_1.png,hindi,notice,val,val
ar_mr_000065_0.png,marathi,acts_rules,val,val
nt_mr_000508.png,marathi,notice,train,val
fm_en_000115_0.png,english,forms,train,val
qp_mr_000073_0.png,marathi,question_paper,train,val
ar_en_001377.png,english,acts_rules,train,val
nt_mr_000254.png,marathi,notice,train,val
ar_mr_000847_1.png,marathi,acts_rules,test,val
qp_hi_000761_0.png,hindi,question_paper,val,val
fm_en_000346_0.png,english,forms,train,val
ar_mr_000975_1.png,marathi,acts_rules,train,val
qp_mr_000609_1.png,marathi,question_paper,train,val
ar_hi_000343_0.png,hindi,acts_rules,test,val
fm_mr_000043_0.png,marathi,forms,train,val
fm_mr_000454_1.png,marathi,forms,train,val
ar_hi_000487_1.png,hindi,acts_rules,val,val
ar_hi_000345_0.png,hindi,acts_rules,train,val
fm_hi_000758_1.png,hindi,forms,train,val
fm_hi_000719_1.png,hindi,forms,train,val
np_hi_000138_1.png,hindi,newspaper,train,val
ar_mr_000710_1.png,marathi,acts_rules,train,val
fm_hi_000356_1.png,hindi,forms,train,val
np_hi_000338_1.png,hindi,newspaper,test,val
qp_hi_000564_0.png,hindi,question_paper,val,val
ar_mr_000890_1.png,marathi,acts_rules,train,val
nt_mr_000062.png,marathi,notice,train,val
ar_mr_000925_1.png,marathi,acts_rules,train,val
qp_hi_000718_0.png,hindi,question_paper,train,val
fm_mr_000097_0.png,marathi,forms,train,val
fm_hi_000498_1.png,hindi,forms,train,val
ar_mr_000125_0.png,marathi,acts_rules,train,val
nt_mr_000579.png,marathi,notice,train,val
nt_mr_000621.png,marathi,notice,test,val
fm_hi_000265_1.png,hindi,forms,train,val
nt_mr_000665.png,marathi,notice,train,val
ar_mr_000914_1.png,marathi,acts_rules,train,val
fm_mr_000114_0.png,marathi,forms,train,val
ar_en_000571.png,english,acts_rules,train,val
ar_en_000201.png,english,acts_rules,test,val
nt_hi_000439_1.png,hindi,notice,train,val
np_mr_000208_1.png,marathi,newspaper,test,val
nt_hi_000245_0.png,hindi,notice,train,val
fm_en_000540_0.png,english,forms,val,val
np_mr_000385_1.png,marathi,newspaper,test,val
nt_mr_000598.png,marathi,notice,train,val
nt_hi_000071_0.png,hindi,notice,train,val
nt_hi_000541_1.png,hindi,notice,train,val
ar_en_001274.png,english,acts_rules,train,val
ar_mr_000402_0.png,marathi,acts_rules,train,val
qp_hi_000131_0.png,hindi,question_paper,train,val
fm_hi_000351_1.png,hindi,forms,train,val
ar_hi_000607_1.png,hindi,acts_rules,train,val
fm_en_000324_0.png,english,forms,val,val
nt_en_000314_1.png,english,notice,train,val
np_mr_000188_1.png,marathi,newspaper,train,val
nt_hi_000187_0.png,hindi,notice,train,val
ar_en_001282.png,english,acts_rules,train,val
fm_hi_000732_1.png,hindi,forms,train,val
ar_en_000884.png,english,acts_rules,test,val
nt_mr_000680.png,marathi,notice,train,val
ar_hi_000551_1.png,hindi,acts_rules,train,val
fm_hi_000604_1.png,hindi,forms,test,val
ar_hi_000303_0.png,hindi,acts_rules,train,val
fm_hi_000423_1.png,hindi,forms,train,val
ar_en_000782.png,english,acts_rules,train,val
nt_mr_000396.png,marathi,notice,val,val
fm_en_000145_0.png,english,forms,train,val
ar_en_001304.png,english,acts_rules,train,val
nt_hi_000133_0.png,hindi,notice,train,val
nt_mr_000528.png,marathi,notice,test,val
ar_mr_000806_1.png,marathi,acts_rules,train,val
ar_hi_000694_1.png,hindi,acts_rules,train,val
ar_en_001339.png,english,acts_rules,train,val
nt_mr_000742.png,marathi,notice,train,val
ar_hi_000235_0.png,hindi,acts_rules,train,val
qp_hi_000277_0.png,hindi,question_paper,test,val
qp_mr_000246_1.png,marathi,question_paper,train,val
ar_hi_000496_1.png,hindi,acts_rules,test,val
qp_hi_000245_0.png,hindi,question_paper,train,val
qp_mr_000548_1.png,marathi,question_paper,train,val
ar_mr_000659_1.png,marathi,acts_rules,train,val
ar_en_000862.png,english,acts_rules,val,val
nt_hi_000143_0.png,hindi,notice,train,val
ar_en_000652.png,english,acts_rules,val,val
fm_hi_000114_0.png,hindi,forms,train,val
nt_hi_000155_0.png,hindi,notice,train,val
nt_en_000183_1.png,english,notice,train,val
nt_mr_000052.png,marathi,notice,train,val
ar_en_000391.png,english,acts_rules,train,val
fm_hi_000799_1.png,hindi,forms,train,val
fm_hi_000515_1.png,hindi,forms,val,val
qp_hi_000617_0.png,hindi,question_paper,train,val
ar_mr_000681_1.png,marathi,acts_rules,train,val
fm_hi_000429_1.png,hindi,forms,train,val
nt_mr_000668.png,marathi,notice,train,val
qp_hi_000751_0.png,hindi,question_paper,train,val
qp_hi_000059_0.png,hindi,question_paper,train,val
np_hi_000070_1.png,hindi,newspaper,val,val
np_en_000053_0.png,english,newspaper,train,val
np_mr_000360_1.png,marathi,newspaper,train,val
ar_hi_000660_1.png,hindi,acts_rules,train,val
np_mr_000280_1.png,marathi,newspaper,train,val
ar_hi_000103_0.png,hindi,acts_rules,test,val
np_mr_000469_1.png,marathi,newspaper,train,val
nt_hi_000286_1.png,hindi,notice,train,val
fm_en_000031_0.png,english,forms,train,val
qp_mr_000567_1.png,marathi,question_paper,train,val
ar_mr_000800_1.png,marathi,acts_rules,train,val
nt_en_000198_1.png,english,notice,train,val
fm_hi_000772_1.png,hindi,forms,train,val
nt_hi_000074_0.png,hindi,notice,val,val
fm_mr_000552_1.png,marathi,forms,train,val
nt_hi_000371_1.png,hindi,notice,train,val
nt_en_000301_1.png,english,notice,train,val
qp_hi_000842_0.png,hindi,question_paper,train,val
ar_hi_000346_0.png,hindi,acts_rules,train,val
ar_mr_001005_1.png,marathi,acts_rules,train,val
np_hi_000044_1.png,hindi,newspaper,val,val
ar_en_001271.png,english,acts_rules,val,val
fm_hi_000116_0.png,hindi,forms,train,val
qp_mr_000084_0.png,marathi,question_paper,val,val
nt_hi_000088_0.png,hindi,notice,train,val
ar_en_000202.png,english,acts_rules,train,val
ar_en_001374.png,english,acts_rules,train,val
ar_en_000846.png,english,acts_rules,train,val
fm_en_000062_0.png,english,forms,train,val
nt_en_000055_1.png,english,notice,train,val
qp_mr_000344_1.png,marathi,question_paper,train,val
np_en_000280_1.png,english,newspaper,train,val
ar_en_000065.png,english,acts_rules,train,val
np_en_000329_1.png,english,newspaper,train,val
ar_en_000122.png,english,acts_rules,train,val
fm_mr_000582_1.png,marathi,forms,train,val
nt_en_000405_1.png,english,notice,train,val
qp_hi_000078_0.png,hindi,question_paper,train,val
np_hi_000164_1.png,hindi,newspaper,train,val
nt_hi_000130_0.png,hindi,notice,train,val
fm_hi_000044_0.png,hindi,forms,train,val
qp_mr_000043_0.png,marathi,question_paper,train,val
fm_en_000003_0.png,english,forms,train,val
np_hi_000266_1.png,hindi,newspaper,train,val
np_hi_000413_1.png,hindi,newspaper,train,val
fm_en_000040_0.png,english,forms,train,val
fm_hi_000074_0.png,hindi,forms,train,val
nt_en_000113_1.png,english,notice,train,val
fm_hi_000155_0.png,hindi,forms,train,val
qp_hi_000190_0.png,hindi,question_paper,test,val
np_mr_000416_1.png,marathi,newspaper,train,val
ar_mr_000069_0.png,marathi,acts_rules,train,val
fm_hi_000010_0.png,hindi,forms,train,val
fm_hi_000361_1.png,hindi,forms,train,val
np_en_000150_0.png,english,newspaper,train,val
ar_en_001376.png,english,acts_rules,train,val
ar_en_000403.png,english,acts_rules,train,val
ar_mr_000902_1.png,marathi,acts_rules,train,val
fm_hi_000632_1.png,hindi,forms,train,val
ar_hi_000183_0.png,hindi,acts_rules,train,val
nt_mr_000079.png,marathi,notice,train,val
fm_en_000456_0.png,english,forms,train,val
ar_en_000653.png,english,acts_rules,train,val
nt_en_000303_1.png,english,notice,train,val
qp_mr_000077_0.png,marathi,question_paper,train,val
fm_mr_000524_1.png,marathi,forms,train,val
ar_en_000753.png,english,acts_rules,train,val
nt_hi_000520_1.png,hindi,notice,test,val
qp_hi_000740_0.png,hindi,question_paper,val,val
ar_mr_000548_0.png,marathi,acts_rules,train,val
nt_hi_000152_0.png,hindi,notice,train,val
qp_hi_000672_0.png,hindi,question_paper,train,val
np_en_000164_0.png,english,newspaper,train,val
ar_hi_000522_1.png,hindi,acts_rules,test,val
fm_mr_000597_1.png,marathi,forms,train,val
fm_en_000170_0.png,english,forms,train,val
qp_hi_000513_0.png,hindi,question_paper,train,val
np_mr_000178_1.png,marathi,newspaper,train,val
ar_en_000598.png,english,acts_rules,train,val
ar_mr_000410_0.png,marathi,acts_rules,train,val
nt_hi_000214_0.png,hindi,notice,train,val
np_hi_000557_1.png,hindi,newspaper,train,val
ar_mr_000610_1.png,marathi,acts_rules,train,val
fm_hi_000058_0.png,hindi,forms,train,val
fm_hi_000599_1.png,hindi,forms,train,val
ar_en_001403.png,english,acts_rules,train,val
ar_mr_000569_0.png,marathi,acts_rules,train,val
qp_hi_000202_0.png,hindi,question_paper,train,val
ar_hi_000632_1.png,hindi,acts_rules,train,val
fm_mr_000188_0.png,marathi,forms,test,val
np_mr_000330_1.png,marathi,newspaper,train,val
np_en_000397_1.png,english,newspaper,train,val
np_hi_000567_1.png,hindi,newspaper,train,val
ar_en_000775.png,english,acts_rules,train,val
ar_hi_000707_1.png,hindi,acts_rules,train,val
fm_mr_000029_0.png,marathi,forms,train,val
fm_hi_000091_0.png,hindi,forms,train,val
nt_mr_000238.png,marathi,notice,train,val
qp_hi_000195_0.png,hindi,question_paper,train,val
np_en_000396_1.png,english,newspaper,train,val
ar_en_001102.png,english,acts_rules,val,val
fm_mr_000338_0.png,marathi,forms,train,val
qp_hi_000614_0.png,hindi,question_paper,train,val
fm_en_000574_0.png,english,forms,train,val
fm_hi_000325_1.png,hindi,forms,train,val
ar_mr_000501_0.png,marathi,acts_rules,train,val
nt_en_000260_1.png,english,notice,train,val
ar_mr_000154_0.png,marathi,acts_rules,test,val
fm_hi_000105_0.png,hindi,forms,train,val
ar_hi_000153_0.png,hindi,acts_rules,train,val
nt_mr_000603.png,marathi,notice,train,val
nt_mr_000382.png,marathi,notice,train,val
np_mr_000305_1.png,marathi,newspaper,val,val
np_mr_000254_1.png,marathi,newspaper,train,val
qp_mr_000308_1.png,marathi,question_paper,train,val
nt_en_000202_1.png,english,notice,train,val
fm_mr_000604_1.png,marathi,forms,train,val
fm_mr_000046_0.png,marathi,forms,train,val
np_hi_000356_1.png,hindi,newspaper,test,val
ar_en_000964.png,english,acts_rules,test,val
fm_mr_000510_1.png,marathi,forms,train,val
ar_en_000606.png,english,acts_rules,val,val
nt_mr_000047.png,marathi,notice,train,val
nt_hi_000253_0.png,hindi,notice,train,val
ar_mr_000693_1.png,marathi,acts_rules,train,val
qp_hi_000783_0.png,hindi,question_paper,val,val
ar_en_000384.png,english,acts_rules,train,val
np_mr_000435_1.png,marathi,newspaper,train,val
qp_mr_000178_0.png,marathi,question_paper,val,val
fm_en_000037_0.png,english,forms,train,val
fm_mr_000076_0.png,marathi,forms,test,val
np_en_000368_1.png,english,newspaper,train,val
ar_mr_000897_1.png,marathi,acts_rules,train,val
qp_hi_000817_0.png,hindi,question_paper,train,val
fm_hi_000156_0.png,hindi,forms,train,val
ar_hi_000642_1.png,hindi,acts_rules,train,val
ar_hi_000604_1.png,hindi,acts_rules,train,val
qp_mr_000304_1.png,marathi,question_paper,train,val
ar_en_001051.png,english,acts_rules,train,val
fm_hi_000608_1.png,hindi,forms,train,val
nt_mr_000119.png,marathi,notice,test,val
ar_en_001027.png,english,acts_rules,train,val
qp_hi_000329_0.png,hindi,question_paper,train,val
nt_hi_000521_1.png,hindi,notice,train,val
fm_en_000092_0.png,english,forms,train,val
np_en_000039_0.png,english,newspaper,train,val
fm_mr_000230_0.png,marathi,forms,train,val
fm_en_000396_0.png,english,forms,train,val
fm_hi_000137_0.png,hindi,forms,train,val
ar_en_000343.png,english,acts_rules,train,val
nt_mr_000392.png,marathi,notice,train,val
np_mr_000185_1.png,marathi,newspaper,train,val
np_mr_000200_1.png,marathi,newspaper,train,val
fm_mr_000577_1.png,marathi,forms,train,val
fm_hi_000570_1.png,hindi,forms,train,val
np_mr_000373_1.png,marathi,newspaper,train,val
ar_en_000689.png,english,acts_rules,test,val
ar_hi_000365_1.png,hindi,acts_rules,train,val
ar_hi_000168_0.png,hindi,acts_rules,train,val
ar_hi_000109_0.png,hindi,acts_rules,val,val
qp_hi_000367_0.png,hindi,question_paper,train,val
fm_en_000357_0.png,english,forms,test,val
qp_hi_000074_0.png,hindi,question_paper,train,val
nt_hi_000368_1.png,hindi,notice,train,val
qp_hi_000452_0.png,hindi,question_paper,train,val
ar_en_000962.png,english,acts_rules,test,val
qp_hi_000020_0.png,hindi,question_paper,train,val
ar_en_000393.png,english,acts_rules,train,val
qp_mr_000250_1.png,marathi,question_paper,train,val
ar_en_000206.png,english,acts_rules,train,val
np_mr_000137_1.png,marathi,newspaper,val,val
qp_hi_000878_0.png,hindi,question_paper,val,val
qp_hi_000607_0.png,hindi,question_paper,train,val
nt_en_000476_1.png,english,notice,train,val
np_hi_000032_1.png,hindi,newspaper,train,val
ar_en_001078.png,english,acts_rules,val,val
qp_hi_000415_0.png,hindi,question_paper,train,val
fm_en_000571_0.png,english,forms,train,val
qp_hi_000104_0.png,hindi,question_paper,train,val
nt_en_000350_1.png,english,notice,train,val
ar_hi_000586_1.png,hindi,acts_rules,train,val
np_en_000129_0.png,english,newspaper,train,val
nt_mr_000444.png,marathi,notice,train,val
ar_hi_000379_1.png,hindi,acts_rules,train,val
fm_en_000557_0.png,english,forms,train,val
ar_mr_000002_0.png,marathi,acts_rules,train,val
ar_hi_000320_0.png,hindi,acts_rules,val,val
qp_hi_000680_0.png,hindi,question_paper,train,val
np_hi_000210_1.png,hindi,newspaper,train,val
nt_mr_000576.png,marathi,notice,train,val
ar_mr_000583_1.png,marathi,acts_rules,train,val
qp_mr_000231_1.png,marathi,question_paper,train,val
np_en_000295_1.png,english,newspaper,train,val
ar_en_000837.png,english,acts_rules,train,val
nt_mr_000163.png,marathi,notice,train,val
qp_mr_000561_1.png,marathi,question_paper,train,val
ar_hi_000399_1.png,hindi,acts_rules,val,val
qp_hi_000480_0.png,hindi,question_paper,train,val
fm_hi_000675_1.png,hindi,forms,test,val
np_en_000177_0.png,english,newspaper,test,val
nt_hi_000025_0.png,hindi,notice,test,val
nt_mr_000667.png,marathi,notice,train,val
fm_mr_000551_1.png,marathi,forms,train,val
ar_mr_000751_1.png,marathi,acts_rules,train,val
np_en_000156_0.png,english,newspaper,train,val
fm_en_000319_0.png,english,forms,train,val
ar_hi_000622_1.png,hindi,acts_rules,train,val
ar_hi_000685_1.png,hindi,acts_rules,train,val
nt_mr_000332.png,marathi,notice,val,val
np_hi_000293_1.png,hindi,newspaper,train,val
fm_hi_000093_0.png,hindi,forms,train,val
ar_en_001130.png,english,acts_rules,train,val
nt_mr_000145.png,marathi,notice,train,val
nt_mr_000114.png,marathi,notice,train,val
np_en_000077_0.png,english,newspaper,test,val
np_mr_000473_1.png,marathi,newspaper,train,val
np_mr_000039_1.png,marathi,newspaper,train,val
qp_hi_000443_0.png,hindi,question_paper,val,val
ar_en_001071.png,english,acts_rules,train,val
np_hi_000417_1.png,hindi,newspaper,val,val
nt_hi_000481_1.png,hindi,notice,val,val
ar_mr_000108_0.png,marathi,acts_rules,train,val
ar_mr_000452_0.png,marathi,acts_rules,train,val
ar_en_001023.png,english,acts_rules,train,val
qp_mr_000711_1.png,marathi,question_paper,train,val
fm_mr_000314_0.png,marathi,forms,val,val
qp_mr_000573_1.png,marathi,question_paper,train,val
qp_mr_000290_1.png,marathi,question_paper,train,val
np_en_000489_1.png,english,newspaper,train,val
np_hi_000202_1.png,hindi,newspaper,test,val
ar_hi_000698_1.png,hindi,acts_rules,val,val
qp_mr_000276_1.png,marathi,question_paper,train,val
ar_mr_000434_0.png,marathi,acts_rules,train,val
nt_hi_000138_0.png,hindi,notice,train,val
fm_mr_000010_0.png,marathi,forms,val,val
qp_mr_000627_1.png,marathi,question_paper,train,val
np_mr_000077_1.png,marathi,newspaper,train,val
nt_en_000516_1.png,english,notice,train,val
ar_en_000982.png,english,acts_rules,train,val
ar_en_000498.png,english,acts_rules,train,val
nt_mr_000236.png,marathi,notice,train,val
fm_hi_000688_1.png,hindi,forms,train,val
ar_en_001461.png,english,acts_rules,train,val
nt_en_000336_1.png,english,notice,train,val
ar_en_000692.png,english,acts_rules,train,val
fm_en_000268_0.png,english,forms,train,val
fm_mr_000493_1.png,marathi,forms,train,val
ar_mr_000130_0.png,marathi,acts_rules,train,val
nt_hi_000355_1.png,hindi,notice,train,val
nt_en_000536_1.png,english,notice,train,val
np_en_000366_1.png,english,newspaper,train,val
fm_mr_000494_1.png,marathi,forms,train,val
qp_mr_000247_1.png,marathi,question_paper,train,val
ar_en_000800.png,english,acts_rules,train,val
nt_mr_000299.png,marathi,notice,train,val
ar_mr_000848_1.png,marathi,acts_rules,train,val
ar_hi_000433_1.png,hindi,acts_rules,train,val
ar_en_000131.png,english,acts_rules,train,val
qp_mr_000554_1.png,marathi,question_paper,val,val
ar_en_000015.png,english,acts_rules,train,val
nt_mr_000612.png,marathi,notice,train,val
qp_mr_000016_0.png,marathi,question_paper,train,val
fm_hi_000768_1.png,hindi,forms,train,val
qp_mr_000710_1.png,marathi,question_paper,val,val
ar_en_001497.png,english,acts_rules,train,val
fm_mr_000066_0.png,marathi,forms,train,val
ar_en_000135.png,english,acts_rules,train,val
np_mr_000483_1.png,marathi,newspaper,train,val
nt_mr_000737.png,marathi,notice,train,val
ar_en_000568.png,english,acts_rules,train,val
ar_en_000321.png,english,acts_rules,train,val
fm_mr_000147_0.png,marathi,forms,train,val
np_en_000311_1.png,english,newspaper,val,val
ar_mr_000321_0.png,marathi,acts_rules,train,val
qp_mr_000134_0.png,marathi,question_paper,train,val
np_hi_000378_1.png,hindi,newspaper,val,val
ar_en_000526.png,english,acts_rules,train,val
np_mr_000246_1.png,marathi,newspaper,train,val
ar_en_000811.png,english,acts_rules,train,val
qp_mr_000269_1.png,marathi,question_paper,train,val
ar_mr_000045_0.png,marathi,acts_rules,test,val
np_hi_000117_1.png,hindi,newspaper,train,val
fm_hi_000255_1.png,hindi,forms,val,val
nt_hi_000290_1.png,hindi,notice,train,val
fm_mr_000472_1.png,marathi,forms,train,val
np_mr_000212_1.png,marathi,newspaper,train,val
nt_en_000227_1.png,english,notice,test,val
ar_hi_000565_1.png,hindi,acts_rules,train,val
np_mr_000205_1.png,marathi,newspaper,train,val
fm_en_000524_0.png,english,forms,train,val
np_en_000051_0.png,english,newspaper,val,val
nt_mr_000333.png,marathi,notice,train,val
fm_en_000224_0.png,english,forms,train,val
ar_en_000162.png,english,acts_rules,train,val
np_mr_000292_1.png,marathi,newspaper,val,val
ar_mr_001034_1.png,marathi,acts_rules,train,val
ar_hi_000516_1.png,hindi,acts_rules,train,val
fm_mr_000442_0.png,marathi,forms,test,val
ar_mr_000579_0.png,marathi,acts_rules,train,val
fm_hi_000656_1.png,hindi,forms,train,val
nt_mr_000224.png,marathi,notice,test,val
ar_en_000398.png,english,acts_rules,val,val
ar_en_000092.png,english,acts_rules,train,val
nt_mr_000549.png,marathi,notice,train,val
ar_mr_000273_0.png,marathi,acts_rules,val,val
nt_mr_000550.png,marathi,notice,train,val
nt_mr_000635.png,marathi,notice,train,val
qp_mr_000064_0.png,marathi,question_paper,train,val
np_en_000107_0.png,english,newspaper,test,val
ar_en_001045.png,english,acts_rules,train,val
qp_hi_000173_0.png,hindi,question_paper,val,val
ar_mr_000547_0.png,marathi,acts_rules,train,val
qp_mr_000478_1.png,marathi,question_paper,train,val
nt_hi_000092_0.png,hindi,notice,train,val
fm_hi_000551_1.png,hindi,forms,val,val
fm_hi_000039_0.png,hindi,forms,train,val
qp_hi_000113_0.png,hindi,question_paper,val,val
qp_hi_000114_0.png,hindi,question_paper,train,val
ar_hi_000620_1.png,hindi,acts_rules,val,val
ar_en_000514.png,english,acts_rules,train,val
np_hi_000063_1.png,hindi,newspaper,train,val
ar_hi_000573_1.png,hindi,acts_rules,train,val
ar_mr_000043_0.png,marathi,acts_rules,train,val
fm_mr_000447_0.png,marathi,forms,train,val
qp_hi_000647_0.png,hindi,question_paper,train,val
ar_en_001222.png,english,acts_rules,test,val
np_en_000072_0.png,english,newspaper,train,val
ar_mr_000485_0.png,marathi,acts_rules,test,val
fm_en_000337_0.png,english,forms,val,val
ar_mr_000515_0.png,marathi,acts_rules,train,val
ar_mr_000720_1.png,marathi,acts_rules,test,val
np_mr_000319_1.png,marathi,newspaper,test,val
ar_mr_001021_1.png,marathi,acts_rules,val,val
ar_en_000708.png,english,acts_rules,train,val
ar_en_000480.png,english,acts_rules,train,val
qp_hi_000867_0.png,hindi,question_paper,train,val
fm_mr_000210_0.png,marathi,forms,train,val
ar_hi_000422_1.png,hindi,acts_rules,val,val
fm_hi_000171_0.png,hindi,forms,train,val
ar_mr_000126_0.png,marathi,acts_rules,val,val
nt_mr_000230.png,marathi,notice,val,val
ar_en_000648.png,english,acts_rules,train,val
nt_hi_000364_1.png,hindi,notice,train,val
qp_hi_000042_0.png,hindi,question_paper,train,val
np_hi_000394_1.png,hindi,newspaper,val,val
fm_mr_000203_0.png,marathi,forms,train,val
ar_mr_000663_1.png,marathi,acts_rules,test,val
np_hi_000362_1.png,hindi,newspaper,test,val
fm_en_000089_0.png,english,forms,train,val
ar_mr_000535_0.png,marathi,acts_rules,test,val
fm_hi_000086_0.png,hindi,forms,val,val
ar_en_001418.png,english,acts_rules,val,val
nt_en_000520_1.png,english,notice,train,val
qp_mr_000465_1.png,marathi,question_paper,train,val
qp_hi_000441_0.png,hindi,question_paper,train,val
nt_hi_000455_1.png,hindi,notice,train,val
ar_hi_000326_0.png,hindi,acts_rules,train,val
nt_hi_000482_1.png,hindi,notice,train,val
ar_mr_000814_1.png,marathi,acts_rules,train,val
qp_hi_000821_0.png,hindi,question_paper,test,val
nt_en_000558_1.png,english,notice,train,val
nt_en_000070_1.png,english,notice,train,val
ar_en_001187.png,english,acts_rules,train,val
fm_hi_000173_0.png,hindi,forms,train,val
ar_en_000821.png,english,acts_rules,val,val
qp_hi_000616_0.png,hindi,question_paper,train,val
ar_en_000461.png,english,acts_rules,train,val
fm_hi_000017_0.png,hindi,forms,train,val
ar_mr_000471_0.png,marathi,acts_rules,train,val
fm_en_000263_0.png,english,forms,train,val
ar_mr_000599_1.png,marathi,acts_rules,train,val
np_mr_000369_1.png,marathi,newspaper,train,val
qp_hi_000445_0.png,hindi,question_paper,val,val
ar_en_000088.png,english,acts_rules,train,val
qp_hi_000529_0.png,hindi,question_paper,train,val
ar_en_000472.png,english,acts_rules,train,val
fm_mr_000187_0.png,marathi,forms,test,val
ar_hi_000084_0.png,hindi,acts_rules,train,val
nt_mr_000085.png,marathi,notice,train,val
ar_mr_001040_1.png,marathi,acts_rules,train,val
qp_mr_000673_1.png,marathi,question_paper,test,val
np_hi_000294_1.png,hindi,newspaper,train,val
np_mr_000089_1.png,marathi,newspaper,train,val
ar_mr_000631_1.png,marathi,acts_rules,train,val
nt_hi_000474_1.png,hindi,notice,train,val
np_mr_000169_1.png,marathi,newspaper,test,val
ar_mr_000398_0.png,marathi,acts_rules,test,val
qp_mr_000061_0.png,marathi,question_paper,train,val
nt_en_000273_1.png,english,notice,train,val
nt_mr_000634.png,marathi,notice,train,val
qp_hi_000372_0.png,hindi,question_paper,train,val
ar_mr_000985_1.png,marathi,acts_rules,train,val
fm_hi_000631_1.png,hindi,forms,test,val
np_en_000433_1.png,english,newspaper,train,val
ar_mr_000169_0.png,marathi,acts_rules,test,val
ar_en_000096.png,english,acts_rules,train,val
ar_hi_000384_1.png,hindi,acts_rules,train,val
np_mr_000325_1.png,marathi,newspaper,train,val
qp_mr_000153_0.png,marathi,question_paper,train,val
ar_en_000281.png,english,acts_rules,val,val
ar_en_001344.png,english,acts_rules,test,val
ar_mr_000287_0.png,marathi,acts_rules,train,val
fm_hi_000678_1.png,hindi,forms,train,val
nt_mr_000407.png,marathi,notice,train,val
nt_mr_000240.png,marathi,notice,train,val
fm_mr_000051_0.png,marathi,forms,train,val
ar_mr_000327_0.png,marathi,acts_rules,train,val
np_mr_000278_1.png,marathi,newspaper,train,val
np_en_000398_1.png,english,newspaper,train,val
ar_mr_000425_0.png,marathi,acts_rules,val,val
ar_en_001089.png,english,acts_rules,train,val
nt_en_000469_1.png,english,notice,train,val
np_mr_000381_1.png,marathi,newspaper,train,val
np_mr_000175_1.png,marathi,newspaper,train,val
ar_en_000465.png,english,acts_rules,train,val
ar_en_000336.png,english,acts_rules,train,val
np_en_000234_1.png,english,newspaper,train,val
ar_hi_000661_1.png,hindi,acts_rules,train,val
np_hi_000481_1.png,hindi,newspaper,train,val
fm_mr_000487_1.png,marathi,forms,train,val
fm_hi_000274_1.png,hindi,forms,val,val
nt_mr_000109.png,marathi,notice,train,val
nt_mr_000381.png,marathi,notice,test,val
np_en_000183_0.png,english,newspaper,train,val
np_hi_000468_1.png,hindi,newspaper,train,val
ar_hi_000127_0.png,hindi,acts_rules,train,val
nt_mr_000617.png,marathi,notice,train,val
fm_mr_000123_0.png,marathi,forms,train,val
ar_hi_000531_1.png,hindi,acts_rules,train,val
np_hi_000161_1.png,hindi,newspaper,train,val
nt_mr_000422.png,marathi,notice,train,val
qp_hi_000860_0.png,hindi,question_paper,train,val
np_en_000219_1.png,english,newspaper,train,val
ar_mr_000122_0.png,marathi,acts_rules,train,val
nt_en_000109_1.png,english,notice,train,val
ar_hi_000268_0.png,hindi,acts_rules,train,val
ar_en_000300.png,english,acts_rules,train,val
nt_hi_000479_1.png,hindi,notice,train,val
qp_hi_000209_0.png,hindi,question_paper,train,val
fm_en_000195_0.png,english,forms,train,val
ar_mr_000279_0.png,marathi,acts_rules,train,val
fm_en_000358_0.png,english,forms,train,val
ar_hi_000202_0.png,hindi,acts_rules,train,val
ar_mr_000112_0.png,marathi,acts_rules,train,val
fm_mr_000503_1.png,marathi,forms,train,val
fm_en_000302_0.png,english,forms,train,val
ar_mr_000211_0.png,marathi,acts_rules,train,val
nt_mr_000363.png,marathi,notice,train,val
nt_en_000148_1.png,english,notice,train,val
fm_hi_000403_1.png,hindi,forms,train,val
ar_mr_000079_0.png,marathi,acts_rules,test,val
np_hi_000493_1.png,hindi,newspaper,test,val
ar_en_000397.png,english,acts_rules,train,val
fm_en_000226_0.png,english,forms,train,val
nt_en_000118_1.png,english,notice,train,val
np_hi_000077_1.png,hindi,newspaper,train,val
qp_mr_000159_0.png,marathi,question_paper,train,val
qp_hi_000739_0.png,hindi,question_paper,train,val
np_en_000419_1.png,english,newspaper,train,val
qp_mr_000144_0.png,marathi,question_paper,train,val
fm_en_000147_0.png,english,forms,train,val
fm_en_000423_0.png,english,forms,val,val
nt_en_000159_1.png,english,notice,train,val
nt_en_000560_1.png,english,notice,val,val
nt_mr_000427.png,marathi,notice,train,val
nt_mr_000270.png,marathi,notice,test,val
ar_en_000705.png,english,acts_rules,train,val
nt_hi_000600_1.png,hindi,notice,train,val
ar_mr_000391_0.png,marathi,acts_rules,train,val
ar_en_000035.png,english,acts_rules,train,val
ar_mr_000704_1.png,marathi,acts_rules,train,val
ar_en_000424.png,english,acts_rules,val,val
ar_mr_000621_1.png,marathi,acts_rules,train,val
fm_en_000168_0.png,english,forms,val,val
nt_mr_000402.png,marathi,notice,val,val
np_hi_000436_1.png,hindi,newspaper,train,val
ar_en_001191.png,english,acts_rules,train,val
np_hi_000187_1.png,hindi,newspaper,train,val
qp_mr_000451_1.png,marathi,question_paper,test,val
fm_hi_000609_1.png,hindi,forms,val,val
ar_mr_001058_1.png,marathi,acts_rules,val,val
np_hi_000108_1.png,hindi,newspaper,train,val
ar_en_000412.png,english,acts_rules,val,val
fm_hi_000082_0.png,hindi,forms,train,val
ar_mr_000652_1.png,marathi,acts_rules,train,val
ar_en_000569.png,english,acts_rules,train,val
np_en_000028_0.png,english,newspaper,train,val
ar_hi_000458_1.png,hindi,acts_rules,train,val
ar_en_000190.png,english,acts_rules,train,val
qp_hi_000073_0.png,hindi,question_paper,test,val
ar_mr_000538_0.png,marathi,acts_rules,train,val
fm_mr_000154_0.png,marathi,forms,train,val
fm_mr_000642_1.png,marathi,forms,train,val
fm_hi_000266_1.png,hindi,forms,train,val
qp_hi_000863_0.png,hindi,question_paper,train,val
ar_mr_001007_1.png,marathi,acts_rules,train,val
ar_hi_000560_1.png,hindi,acts_rules,test,val
np_hi_000087_1.png,hindi,newspaper,train,val
qp_hi_000431_0.png,hindi,question_paper,train,val
ar_en_000516.png,english,acts_rules,train,val
np_mr_000256_1.png,marathi,newspaper,train,val
np_mr_000015_1.png,marathi,newspaper,train,val
ar_hi_000174_0.png,hindi,acts_rules,train,val
np_hi_000454_1.png,hindi,newspaper,train,val
qp_hi_000848_0.png,hindi,question_paper,train,val
qp_mr_000200_0.png,marathi,question_paper,train,val
ar_mr_000554_0.png,marathi,acts_rules,train,val
ar_en_001245.png,english,acts_rules,train,val
nt_hi_000491_1.png,hindi,notice,train,val
qp_hi_000026_0.png,hindi,question_paper,train,val
nt_en_000038_1.png,english,notice,train,val
fm_en_000350_0.png,english,forms,train,val
ar_mr_001065_1.png,marathi,acts_rules,train,val
qp_hi_000481_0.png,hindi,question_paper,val,val
fm_hi_000596_1.png,hindi,forms,train,val
nt_en_000500_1.png,english,notice,train,val
nt_mr_000504.png,marathi,notice,train,val
ar_hi_000447_1.png,hindi,acts_rules,test,val
qp_mr_000383_1.png,marathi,question_paper,train,val
qp_hi_000715_0.png,hindi,question_paper,train,val
fm_en_000578_0.png,english,forms,train,val
nt_hi_000106_0.png,hindi,notice,train,val
nt_en_000406_1.png,english,notice,train,val
ar_en_000903.png,english,acts_rules,train,val
ar_mr_000609_1.png,marathi,acts_rules,train,val
ar_mr_000988_1.png,marathi,acts_rules,train,val
nt_hi_000599_1.png,hindi,notice,train,val
qp_hi_000052_0.png,hindi,question_paper,train,val
nt_hi_000285_1.png,hindi,notice,train,val
nt_en_000432_1.png,english,notice,train,val
qp_mr_000272_1.png,marathi,question_paper,train,val
nt_mr_000166.png,marathi,notice,train,val
np_hi_000435_1.png,hindi,newspaper,train,val
fm_hi_000406_1.png,hindi,forms,val,val
ar_mr_000413_0.png,marathi,acts_rules,train,val
ar_en_000897.png,english,acts_rules,train,val
qp_hi_000694_0.png,hindi,question_paper,test,val
nt_mr_000585.png,marathi,notice,test,val
ar_en_001489.png,english,acts_rules,train,val
nt_en_000547_1.png,english,notice,train,val
ar_hi_000555_1.png,hindi,acts_rules,train,val
np_en_000180_0.png,english,newspaper,train,val
nt_hi_000114_0.png,hindi,notice,test,val
qp_mr_000003_0.png,marathi,question_paper,train,val
nt_hi_000195_0.png,hindi,notice,val,val
nt_en_000562_1.png,english,notice,train,val
ar_en_000769.png,english,acts_rules,train,val
fm_en_000038_0.png,english,forms,train,val
nt_en_000401_1.png,english,notice,train,val
fm_hi_000458_1.png,hindi,forms,train,val
fm_mr_000351_0.png,marathi,forms,train,val
np_hi_000320_1.png,hindi,newspaper,val,val
ar_en_001420.png,english,acts_rules,test,val
qp_hi_000733_0.png,hindi,question_paper,train,val
nt_hi_000146_0.png,hindi,notice,train,val
nt_mr_000389.png,marathi,notice,train,val
ar_mr_000789_1.png,marathi,acts_rules,test,val
fm_en_000330_0.png,english,forms,train,val
np_en_000126_0.png,english,newspaper,train,val
nt_hi_000166_0.png,hindi,notice,test,val
nt_hi_000548_1.png,hindi,notice,train,val
qp_mr_000063_0.png,marathi,question_paper,train,val
fm_en_000160_0.png,english,forms,train,val
qp_hi_000133_0.png,hindi,question_paper,train,val
ar_en_000217.png,english,acts_rules,train,val
ar_en_001002.png,english,acts_rules,train,val
nt_mr_000226.png,marathi,notice,train,val
ar_mr_001053_1.png,marathi,acts_rules,train,val
nt_en_000526_1.png,english,notice,train,val
nt_mr_000602.png,marathi,notice,test,val
nt_en_000211_1.png,english,notice,train,val
ar_en_001093.png,english,acts_rules,train,val
fm_mr_000520_1.png,marathi,forms,train,val
fm_hi_000453_1.png,hindi,forms,val,val
ar_hi_000697_1.png,hindi,acts_rules,train,val
ar_en_001111.png,english,acts_rules,train,val
qp_hi_000249_0.png,hindi,question_paper,test,val
ar_en_001137.png,english,acts_rules,train,val
ar_mr_000820_1.png,marathi,acts_rules,train,val
ar_mr_000998_1.png,marathi,acts_rules,train,val
nt_en_000019_1.png,english,notice,train,val
fm_en_000329_0.png,english,forms,test,val
ar_hi_000553_1.png,hindi,acts_rules,train,val
qp_hi_000222_0.png,hindi,question_paper,test,val
qp_hi_000206_0.png,hindi,question_paper,train,val
ar_en_000618.png,english,acts_rules,train,val
ar_hi_000456_1.png,hindi,acts_rules,train,val
np_en_000505_1.png,english,newspaper,test,val
ar_hi_000242_0.png,hindi,acts_rules,train,val
np_hi_000251_1.png,hindi,newspaper,train,val
qp_mr_000530_1.png,marathi,question_paper,train,val
np_hi_000479_1.png,hindi,newspaper,train,val
nt_mr_000480.png,marathi,notice,train,val
fm_mr_000415_0.png,marathi,forms,train,val
qp_mr_000513_1.png,marathi,question_paper,train,val
np_en_000213_1.png,english,newspaper,train,val
ar_en_000407.png,english,acts_rules,train,val
ar_en_001083.png,english,acts_rules,train,val
qp_mr_000033_0.png,marathi,question_paper,train,val
fm_en_000317_0.png,english,forms,train,val
np_en_000174_0.png,english,newspaper,train,val
fm_mr_000164_0.png,marathi,forms,train,val
ar_hi_000019_0.png,hindi,acts_rules,val,val
nt_hi_000379_1.png,hindi,notice,train,val
np_hi_000103_1.png,hindi,newspaper,val,val
qp_hi_000866_0.png,hindi,question_paper,val,val
nt_mr_000099.png,marathi,notice,train,val
fm_hi_000670_1.png,hindi,forms,train,val
qp_hi_000444_0.png,hindi,question_paper,train,val
ar_mr_000129_0.png,marathi,acts_rules,test,val
np_hi_000484_1.png,hindi,newspaper,train,val
fm_mr_000411_0.png,marathi,forms,train,val
qp_hi_000790_0.png,hindi,question_paper,train,val
fm_hi_000502_1.png,hindi,forms,train,val
qp_hi_000659_0.png,hindi,question_paper,train,val
fm_mr_000291_0.png,marathi,forms,val,val
qp_mr_000088_0.png,marathi,question_paper,val,val
ar_mr_000461_0.png,marathi,acts_rules,train,val
ar_en_000877.png,english,acts_rules,train,val
np_hi_000570_1.png,hindi,newspaper,train,val
np_en_000162_0.png,english,newspaper,train,val
nt_mr_000477.png,marathi,notice,val,val
ar_en_000293.png,english,acts_rules,train,val
qp_hi_000557_0.png,hindi,question_paper,train,val
qp_hi_000043_0.png,hindi,question_paper,train,val
ar_hi_000414_1.png,hindi,acts_rules,train,val
np_mr_000497_1.png,marathi,newspaper,train,val
np_mr_000309_1.png,marathi,newspaper,train,val
np_mr_000431_1.png,marathi,newspaper,train,val
qp_hi_000087_0.png,hindi,question_paper,train,val
ar_hi_000452_1.png,hindi,acts_rules,train,val
nt_mr_000376.png,marathi,notice,val,val
qp_hi_000791_0.png,hindi,question_paper,train,val
fm_en_000216_0.png,english,forms,test,val
qp_mr_000158_0.png,marathi,question_paper,train,val
nt_en_000117_1.png,english,notice,train,val
ar_mr_000873_1.png,marathi,acts_rules,train,val
fm_hi_000697_1.png,hindi,forms,val,val
nt_mr_000689.png,marathi,notice,train,val
ar_mr_000219_0.png,marathi,acts_rules,train,val
nt_mr_000337.png,marathi,notice,train,val
nt_en_000481_1.png,english,notice,train,val
np_en_000468_1.png,english,newspaper,train,val
ar_en_001370.png,english,acts_rules,train,val
ar_mr_000608_1.png,marathi,acts_rules,train,val
np_hi_000296_1.png,hindi,newspaper,train,val
fm_hi_000129_0.png,hindi,forms,train,val
qp_mr_000369_1.png,marathi,question_paper,train,val
ar_en_000099.png,english,acts_rules,train,val
ar_en_000167.png,english,acts_rules,train,val
np_hi_000268_1.png,hindi,newspaper,train,val
fm_hi_000744_1.png,hindi,forms,train,val
nt_hi_000470_1.png,hindi,notice,train,val
fm_mr_000102_0.png,marathi,forms,val,val
qp_hi_000214_0.png,hindi,question_paper,train,val
fm_hi_000614_1.png,hindi,forms,test,val
nt_en_000057_1.png,english,notice,val,val
ar_en_001058.png,english,acts_rules,train,val
fm_mr_000128_0.png,marathi,forms,train,val
nt_en_000221_1.png,english,notice,train,val
ar_en_000725.png,english,acts_rules,test,val
qp_hi_000347_0.png,hindi,question_paper,test,val
fm_en_000262_0.png,english,forms,train,val
np_mr_000214_1.png,marathi,newspaper,train,val
np_hi_000204_1.png,hindi,newspaper,train,val
ar_en_001159.png,english,acts_rules,train,val
ar_hi_000596_1.png,hindi,acts_rules,test,val
fm_en_000395_0.png,english,forms,train,val
ar_en_001035.png,english,acts_rules,train,val
fm_en_000586_0.png,english,forms,test,val
fm_en_000176_0.png,english,forms,train,val
nt_en_000076_1.png,english,notice,train,val
fm_hi_000328_1.png,hindi,forms,test,val
qp_mr_000581_1.png,marathi,question_paper,train,val
ar_en_001063.png,english,acts_rules,test,val
fm_mr_000372_0.png,marathi,forms,train,val
ar_en_001133.png,english,acts_rules,train,val
nt_en_000146_1.png,english,notice,train,val
ar_mr_000334_0.png,marathi,acts_rules,train,val
fm_hi_000041_0.png,hindi,forms,train,val
ar_mr_000853_1.png,marathi,acts_rules,val,val
fm_mr_000085_0.png,marathi,forms,train,val
fm_hi_000279_1.png,hindi,forms,train,val
np_en_000090_0.png,english,newspaper,train,val
nt_mr_000181.png,marathi,notice,train,val
nt_mr_000608.png,marathi,notice,train,val
